
bazel-out/k8-fastbuild-ST-1df456420242/bin/sw/device/tests/sim_dv/csrng_fuse_en_sw_app_read_sim_dv.elf:     file format elf32-littleriscv
bazel-out/k8-fastbuild-ST-1df456420242/bin/sw/device/tests/sim_dv/csrng_fuse_en_sw_app_read_sim_dv.elf
architecture: riscv:rv32, flags 0x00000112:
EXEC_P, HAS_SYMS, D_PAGED
start address 0x20000480

Program Header:
    LOAD off    0x00001000 vaddr 0x10000000 paddr 0x10000000 align 2**12
         filesz 0x00000000 memsz 0x00001fe8 flags rw-
    LOAD off    0x00001000 vaddr 0x20000000 paddr 0x20000000 align 2**12
         filesz 0x00004318 memsz 0x00004318 flags rwx
    LOAD off    0x00005fe8 vaddr 0x10001fe8 paddr 0x20004318 align 2**12
         filesz 0x00000000 memsz 0x000000dc flags rw-
    LOAD off    0x00006000 vaddr 0x20079000 paddr 0x20079000 align 2**12
         filesz 0x00000000 memsz 0x00007000 flags rw-

Sections:
Idx Name                     Size      VMA       LMA       File off  Algn  Flags
  0 .static_critical         00001fe8  10000000  10000000  00001000  2**2  ALLOC
  1 .manifest                00000400  20000000  20000000  00001000  2**2  CONTENTS, ALLOC, LOAD, DATA
  2 .rom_ext_immutable       00000000  20000400  20000400  00001400  2**2  CONTENTS, ALLOC, LOAD, DATA
  3 .vectors                 00000080  20000400  20000400  00001400  2**8  CONTENTS, ALLOC, LOAD, READONLY, CODE
  4 .crt                     000000aa  20000480  20000480  00001480  2**2  CONTENTS, ALLOC, LOAD, READONLY, CODE
  5 .text                    00002998  2000052c  2000052c  0000152c  2**2  CONTENTS, ALLOC, LOAD, READONLY, CODE
  6 .shutdown                00000000  20002ec4  20002ec4  00003ec4  2**2  CONTENTS, ALLOC, LOAD, READONLY, CODE
  7 .rodata                  00001454  20002ec4  20002ec4  00003ec4  2**2  CONTENTS, ALLOC, LOAD, READONLY, DATA
  8 .note.gnu.build-id       00000000  20004318  20004318  00005318  2**2  CONTENTS, ALLOC, LOAD, READONLY, DATA
  9 .data                    00000000  10001fe8  20004318  00005fe8  2**2  CONTENTS, ALLOC, LOAD, READONLY, DATA
 10 .bss                     000000dc  10001fe8  20004318  00005fe8  2**2  ALLOC
 11 .freertos.heap           00000000  100020c4  200043f4  00005fe8  2**2  ALLOC
 12 __ot_coverage_bss        00000000  100020c8  100020c8  00005fe8  2**3  ALLOC
 13 __llvm_prf_cnts          00000000  100020c8  100020c8  00005fe8  2**3  CONTENTS, ALLOC, LOAD, DATA
 14 .non_volatile_counter_3  00000800  20079000  20079000  00006000  2**11  ALLOC
 15 .non_volatile_counter_2  00000800  20079800  20079800  00006000  2**11  ALLOC
 16 .non_volatile_counter_1  00000800  2007a000  2007a000  00006000  2**11  ALLOC
 17 .non_volatile_counter_0  00000800  2007a800  2007a800  00006000  2**11  ALLOC
 18 .non_volatile_scratch    00005000  2007b000  2007b000  00006000  2**11  ALLOC
 19 .logs.fields             00000374  00000000  00000000  00006000  2**2  CONTENTS, READONLY
 20 __llvm_prf_data          00000000  00000000  00000000  00006378  2**3  CONTENTS, READONLY
 21 __llvm_prf_names         00000000  00000000  00000000  00006378  2**0  CONTENTS, READONLY
 22 __llvm_covmap            00000000  00000000  00000000  00006378  2**3  CONTENTS, READONLY
 23 __llvm_covfun            00000000  00000000  00000000  00006378  2**3  CONTENTS, READONLY
 24 .riscv.attributes        0000001c  00000000  00000000  000213ed  2**0  CONTENTS, READONLY
 25 .debug_info              00010baa  00000000  00000000  00021409  2**0  CONTENTS, READONLY, DEBUGGING, OCTETS
 26 .debug_abbrev            0000098a  00000000  00000000  00031fb3  2**0  CONTENTS, READONLY, DEBUGGING, OCTETS
 27 .debug_aranges           00000088  00000000  00000000  0003293d  2**0  CONTENTS, READONLY, DEBUGGING, OCTETS
 28 .debug_line              00007818  00000000  00000000  000329c5  2**0  CONTENTS, READONLY, DEBUGGING, OCTETS
 29 .debug_loc               0000436b  00000000  00000000  0003a1dd  2**0  CONTENTS, READONLY, DEBUGGING, OCTETS
 30 .debug_ranges            000008a8  00000000  00000000  0003e548  2**0  CONTENTS, READONLY, DEBUGGING, OCTETS
 31 .debug_str               0000fffa  00000000  00000000  0003edf0  2**0  CONTENTS, READONLY, DEBUGGING, OCTETS
 32 .debug_frame             00000404  00000000  00000000  0004edec  2**2  CONTENTS, READONLY, DEBUGGING, OCTETS
 33 .ot.status_create_record 00001f80  00000000  00000000  0004f1f0  2**2  CONTENTS, READONLY
SYMBOL TABLE:
00000000 l       .debug_info    00000000 
00000000 l       .debug_abbrev  00000000 
20000400 l       .vectors       00000000 
20000400 l       .vectors       00000000 
20000404 l       .vectors       00000000 
20000408 l       .vectors       00000000 
2000040c l       .vectors       00000000 
20000410 l       .vectors       00000000 
20000414 l       .vectors       00000000 
20000418 l       .vectors       00000000 
2000041c l       .vectors       00000000 
20000420 l       .vectors       00000000 
20000424 l       .vectors       00000000 
20000428 l       .vectors       00000000 
2000042c l       .vectors       00000000 
20000430 l       .vectors       00000000 
20000434 l       .vectors       00000000 
20000438 l       .vectors       00000000 
2000043c l       .vectors       00000000 
20000440 l       .vectors       00000000 
20000444 l       .vectors       00000000 
20000448 l       .vectors       00000000 
2000044c l       .vectors       00000000 
20000450 l       .vectors       00000000 
20000454 l       .vectors       00000000 
20000458 l       .vectors       00000000 
2000045c l       .vectors       00000000 
20000460 l       .vectors       00000000 
20000464 l       .vectors       00000000 
20000468 l       .vectors       00000000 
2000046c l       .vectors       00000000 
20000470 l       .vectors       00000000 
20000474 l       .vectors       00000000 
20000478 l       .vectors       00000000 
2000047c l       .vectors       00000000 
20000480 l       .crt   00000000 
20000480 l       .crt   00000000 
20000488 l       .crt   00000000 
20000490 l       .crt   00000000 
20000498 l       .crt   00000000 
2000049c l       .crt   00000000 
200004a4 l       .crt   00000000 
200004ac l       .crt   00000000 
200004b4 l       .crt   00000000 
200004b6 l       .crt   00000000 
200004be l       .crt   00000000 
200004c6 l       .crt   00000000 
200004c8 l       .crt   00000000 
00000117 l       .debug_info    00000000 
00000021 l       .debug_abbrev  00000000 
20000480 l       .vectors       00000000 
200004cc l       .crt   00000000 
00000000 l       .debug_ranges  00000000 
2000052c l     F .text  00000026 compute_mepc_on_synchronous_irq
2000052c l       .text  00000000 
2000052c l       .text  00000000 
20000530 l       .text  00000000 
20000534 l       .text  00000000 
20000536 l       .text  00000000 
2000053a l       .text  00000000 
2000053c l       .text  00000000 
20000540 l       .text  00000000 
20000542 l       .text  00000000 
20000546 l       .text  00000000 
2000054a l       .text  00000000 
2000054c l       .text  00000000 
2000054e l       .text  00000000 
20000550 l       .text  00000000 
20000554 l     F .text  0000001e save_current_sp_to_tcb
20000554 l       .text  00000000 
20000554 l       .text  00000000 
2000055c l       .text  00000000 
20000560 l       .text  00000000 
20000564 l       .text  00000000 
2000056c l       .text  00000000 
20000570 l       .text  00000000 
20000574 l       .text  00000000 
20000574 l       .text  00000000 
20000578 l       .text  00000000 
2000057a l       .text  00000000 
2000057c l       .text  00000000 
2000057e l       .text  00000000 
20000580 l       .text  00000000 
20000582 l       .text  00000000 
20000584 l       .text  00000000 
20000586 l       .text  00000000 
20000588 l       .text  00000000 
2000058a l       .text  00000000 
2000058c l       .text  00000000 
2000058e l       .text  00000000 
20000590 l       .text  00000000 
20000592 l       .text  00000000 
20000594 l       .text  00000000 
20000596 l       .text  00000000 
20000598 l       .text  00000000 
2000059a l       .text  00000000 
2000059c l       .text  00000000 
2000059e l       .text  00000000 
200005a0 l       .text  00000000 
200005a2 l       .text  00000000 
200005a4 l       .text  00000000 
200005a6 l       .text  00000000 
200005a8 l       .text  00000000 
200005aa l       .text  00000000 
200005ac l       .text  00000000 
200005ae l       .text  00000000 
200005b0 l       .text  00000000 
200005b4 l       .text  00000000 
200005b6 l       .text  00000000 
200005b8 l       .text  00000000 
200005ba l       .text  00000000 
200005bc l       .text  00000000 
200005be l       .text  00000000 
200005c2 l       .text  00000000 
200005c8 l       .text  00000000 
200005c8 l       .text  00000000 
200005cc l       .text  00000000 
200005ce l       .text  00000000 
200005d0 l       .text  00000000 
200005d2 l       .text  00000000 
200005d4 l       .text  00000000 
200005d6 l       .text  00000000 
200005d8 l       .text  00000000 
200005da l       .text  00000000 
200005dc l       .text  00000000 
200005de l       .text  00000000 
200005e0 l       .text  00000000 
200005e2 l       .text  00000000 
200005e4 l       .text  00000000 
200005e6 l       .text  00000000 
200005e8 l       .text  00000000 
200005ea l       .text  00000000 
200005ec l       .text  00000000 
200005ee l       .text  00000000 
200005f0 l       .text  00000000 
200005f2 l       .text  00000000 
200005f4 l       .text  00000000 
200005f6 l       .text  00000000 
200005f8 l       .text  00000000 
200005fa l       .text  00000000 
200005fc l       .text  00000000 
200005fe l       .text  00000000 
20000600 l       .text  00000000 
20000602 l       .text  00000000 
20000604 l       .text  00000000 
20000608 l       .text  00000000 
2000060a l       .text  00000000 
2000060e l       .text  00000000 
20000610 l       .text  00000000 
20000612 l       .text  00000000 
20000614 l       .text  00000000 
20000618 l       .text  00000000 
2000061c l       .text  00000000 
2000061c l       .text  00000000 
20000620 l       .text  00000000 
20000622 l       .text  00000000 
20000624 l       .text  00000000 
20000626 l       .text  00000000 
20000628 l       .text  00000000 
2000062a l       .text  00000000 
2000062c l       .text  00000000 
2000062e l       .text  00000000 
20000630 l       .text  00000000 
20000632 l       .text  00000000 
20000634 l       .text  00000000 
20000636 l       .text  00000000 
20000638 l       .text  00000000 
2000063a l       .text  00000000 
2000063c l       .text  00000000 
2000063e l       .text  00000000 
20000640 l       .text  00000000 
20000642 l       .text  00000000 
20000644 l       .text  00000000 
20000646 l       .text  00000000 
20000648 l       .text  00000000 
2000064a l       .text  00000000 
2000064c l       .text  00000000 
2000064e l       .text  00000000 
20000650 l       .text  00000000 
20000652 l       .text  00000000 
20000654 l       .text  00000000 
20000656 l       .text  00000000 
20000658 l       .text  00000000 
2000065c l       .text  00000000 
2000065e l       .text  00000000 
20000662 l       .text  00000000 
20000664 l       .text  00000000 
20000666 l       .text  00000000 
20000668 l       .text  00000000 
2000066c l       .text  00000000 
20000670 l       .text  00000000 
20000670 l       .text  00000000 
20000674 l       .text  00000000 
20000676 l       .text  00000000 
20000678 l       .text  00000000 
2000067a l       .text  00000000 
2000067c l       .text  00000000 
2000067e l       .text  00000000 
20000680 l       .text  00000000 
20000682 l       .text  00000000 
20000684 l       .text  00000000 
20000686 l       .text  00000000 
20000688 l       .text  00000000 
2000068a l       .text  00000000 
2000068c l       .text  00000000 
2000068e l       .text  00000000 
20000690 l       .text  00000000 
20000692 l       .text  00000000 
20000694 l       .text  00000000 
20000696 l       .text  00000000 
20000698 l       .text  00000000 
2000069a l       .text  00000000 
2000069c l       .text  00000000 
2000069e l       .text  00000000 
200006a0 l       .text  00000000 
200006a2 l       .text  00000000 
200006a4 l       .text  00000000 
200006a6 l       .text  00000000 
200006a8 l       .text  00000000 
200006aa l       .text  00000000 
200006ac l       .text  00000000 
200006b0 l       .text  00000000 
200006b2 l       .text  00000000 
200006b6 l       .text  00000000 
200006b8 l       .text  00000000 
200006ba l       .text  00000000 
200006bc l       .text  00000000 
200006c0 l       .text  00000000 
200006c4 l       .text  00000000 
200006c4 l       .text  00000000 
200006c8 l       .text  00000000 
200006ca l       .text  00000000 
200006cc l       .text  00000000 
200006ce l       .text  00000000 
200006d0 l       .text  00000000 
200006d2 l       .text  00000000 
200006d4 l       .text  00000000 
200006d6 l       .text  00000000 
200006d8 l       .text  00000000 
200006da l       .text  00000000 
200006dc l       .text  00000000 
200006de l       .text  00000000 
200006e0 l       .text  00000000 
200006e2 l       .text  00000000 
200006e4 l       .text  00000000 
200006e6 l       .text  00000000 
200006e8 l       .text  00000000 
200006ea l       .text  00000000 
200006ec l       .text  00000000 
200006ee l       .text  00000000 
200006f0 l       .text  00000000 
200006f2 l       .text  00000000 
200006f4 l       .text  00000000 
200006f6 l       .text  00000000 
200006f8 l       .text  00000000 
200006fa l       .text  00000000 
200006fc l       .text  00000000 
200006fe l       .text  00000000 
20000700 l       .text  00000000 
20000704 l       .text  00000000 
20000706 l       .text  00000000 
2000070a l       .text  00000000 
2000070c l       .text  00000000 
2000070e l       .text  00000000 
20000710 l       .text  00000000 
20000714 l       .text  00000000 
20000718 l       .text  00000000 
20000718 l       .text  00000000 
20000720 l       .text  00000000 
20000724 l       .text  00000000 
20000728 l       .text  00000000 
20000730 l       .text  00000000 
20000734 l       .text  00000000 
20000736 l       .text  00000000 
2000073a l       .text  00000000 
2000073c l       .text  00000000 
20000740 l       .text  00000000 
20000742 l       .text  00000000 
20000744 l       .text  00000000 
20000746 l       .text  00000000 
20000748 l       .text  00000000 
2000074a l       .text  00000000 
2000074c l       .text  00000000 
2000074e l       .text  00000000 
20000750 l       .text  00000000 
20000752 l       .text  00000000 
20000754 l       .text  00000000 
20000756 l       .text  00000000 
20000758 l       .text  00000000 
2000075a l       .text  00000000 
2000075c l       .text  00000000 
2000075e l       .text  00000000 
20000760 l       .text  00000000 
20000762 l       .text  00000000 
20000764 l       .text  00000000 
20000766 l       .text  00000000 
20000768 l       .text  00000000 
2000076a l       .text  00000000 
2000076c l       .text  00000000 
2000076e l       .text  00000000 
20000770 l       .text  00000000 
20000772 l       .text  00000000 
20000774 l       .text  00000000 
20000776 l       .text  00000000 
20000778 l       .text  00000000 
2000077c l       .text  00000000 
0000021e l       .debug_info    00000000 
00000040 l       .debug_abbrev  00000000 
20000780 l       .text  00000000 
200004cc l       .crt   00000000 
200004cc l       .crt   00000000 
200004d0 l       .crt   00000000 
200004d4 l       .crt   00000000 
200004d8 l       .crt   00000000 
200004dc l       .crt   00000000 
200004e0 l       .crt   00000000 
200004e2 l       .crt   00000000 
200004e6 l       .crt   00000000 
200004e8 l       .crt   00000000 
200004ec l       .crt   00000000 
200004ee l       .crt   00000000 
200004f0 l       .crt   00000000 
200004f0 l       .crt   00000000 
200004f4 l       .crt   00000000 
200004f8 l       .crt   00000000 
200004fc l       .crt   00000000 
20000500 l       .crt   00000000 
20000504 l       .crt   00000000 
20000508 l       .crt   00000000 
2000050c l       .crt   00000000 
20000510 l       .crt   00000000 
20000514 l       .crt   00000000 
20000516 l       .crt   00000000 
2000051a l       .crt   00000000 
2000051c l       .crt   00000000 
20000520 l       .crt   00000000 
20000522 l       .crt   00000000 
20000526 l       .crt   00000000 
20000528 l       .crt   00000000 
000003fd l       .debug_info    00000000 
00000061 l       .debug_abbrev  00000000 
2000052a l       .crt   00000000 
00000000 l    df *ABS*  00000000 ld-temp.o
20000780 l     F .text  0000015c check_csrng_fuse_enabled
20000780 l       .text  00000000 
20000780 l       .text  00000000 
20000780 l       .text  00000000 
20000782 l       .text  00000000 
20000788 l       .text  00000000 
2000078a l       .text  00000000 
2000078a l       .text  00000000 
20000790 l       .text  00000000 
20000792 l       .text  00000000 
20000792 l       .text  00000000 
20000794 l       .text  00000000 
20000794 l       .text  00000000 
20000796 l       .text  00000000 
20000796 l       .text  00000000 
20000798 l       .text  00000000 
20000798 l       .text  00000000 
200007a0 l       .text  00000000 
200007a0 l       .text  00000000 
200007a2 l       .text  00000000 
00000054 l     O .logs.fields   00000014 check_csrng_fuse_enabled.kLogFields.21
200007a2 l       .text  00000000 
200026ec l     F .text  00000032 base_log_internal_dv
200007b8 l       .text  00000000 
200007b8 l       .text  00000000 
20002662 l     F .text  0000008a test_status_set
200007be l       .text  00000000 
200007c6 l       .text  00000000 
200007c6 l       .text  00000000 
200007c8 l       .text  00000000 
200007ce l       .text  00000000 
200007ce l       .text  00000000 
200007d6 l       .text  00000000 
200007d6 l       .text  00000000 
200007de l       .text  00000000 
200007de l       .text  00000000 
200007e0 l       .text  00000000 
200007e0 l       .text  00000000 
200011fc l     F .text  00000138 otp_ctrl_testutils_wait_for_dai
200007ea l       .text  00000000 
200007ee l       .text  00000000 
00000068 l     O .logs.fields   00000014 check_csrng_fuse_enabled.kLogFields.24
200007ee l       .text  00000000 
200007f2 l       .text  00000000 
20000800 l       .text  00000000 
20002e56 l     F .text  00000012 OUTLINED_FUNCTION_0
20000800 l       .text  00000000 
20000808 l       .text  00000000 
20000808 l       .text  00000000 
20000810 l       .text  00000000 
20000810 l       .text  00000000 
20000816 l       .text  00000000 
20000816 l       .text  00000000 
2000081e l       .text  00000000 
2000081e l       .text  00000000 
20000824 l       .text  00000000 
20000824 l       .text  00000000 
20000828 l       .text  00000000 
20000828 l       .text  00000000 
2000082a l       .text  00000000 
2000082a l       .text  00000000 
20000834 l       .text  00000000 
20000838 l       .text  00000000 
0000007c l     O .logs.fields   00000014 check_csrng_fuse_enabled.kLogFields.36
20000838 l       .text  00000000 
2000083c l       .text  00000000 
2000084a l       .text  00000000 
2000084a l       .text  00000000 
20000852 l       .text  00000000 
20000852 l       .text  00000000 
2000085a l       .text  00000000 
2000085a l       .text  00000000 
20000860 l       .text  00000000 
20000860 l       .text  00000000 
20000868 l       .text  00000000 
20000868 l       .text  00000000 
2000086a l       .text  00000000 
2000086a l       .text  00000000 
2000086c l       .text  00000000 
2000086c l       .text  00000000 
2000086e l       .text  00000000 
20000872 l       .text  00000000 
20000872 l       .text  00000000 
20000880 l       .text  00000000 
20000884 l       .text  00000000 
20000886 l       .text  00000000 
20000886 l       .text  00000000 
00000090 l     O .logs.fields   00000014 check_csrng_fuse_enabled.kLogFields.45
2000088a l       .text  00000000 
2000089e l       .text  00000000 
2000089e l       .text  00000000 
20002bea l     F .text  000000ec status_create
200008b6 l       .text  00000000 
200008b6 l       .text  00000000 
200008bc l       .text  00000000 
200008bc l       .text  00000000 
200008c2 l       .text  00000000 
200008c4 l       .text  00000000 
200008ca l       .text  00000000 
200008d2 l       .text  00000000 
200008d2 l       .text  00000000 
200008d6 l       .text  00000000 
200008d8 l       .text  00000000 
200008dc l       .text  00000000 
200008dc l       .text  00000000 
200008dc l     F .text  00000120 csrng_testutils_cmd_ready_wait
200008dc l       .text  00000000 
200008dc l       .text  00000000 
200008dc l       .text  00000000 
200008de l       .text  00000000 
200008ee l       .text  00000000 
200008f0 l       .text  00000000 
000000f4 l     O .logs.fields   00000014 csrng_testutils_cmd_ready_wait.kLogFields
20000916 l       .text  00000000 
20000916 l       .text  00000000 
2000091a l       .text  00000000 
2000091a l       .text  00000000 
2000091e l       .text  00000000 
2000091e l       .text  00000000 
20000920 l       .text  00000000 
20000920 l       .text  00000000 
20000924 l       .text  00000000 
20000926 l       .text  00000000 
20000926 l       .text  00000000 
2000092a l       .text  00000000 
2000092e l       .text  00000000 
20000930 l       .text  00000000 
20000934 l       .text  00000000 
20000936 l       .text  00000000 
20000936 l       .text  00000000 
20000938 l       .text  00000000 
20000938 l       .text  00000000 
20000946 l       .text  00000000 
20000948 l       .text  00000000 
2000095e l       .text  00000000 
2000095e l       .text  00000000 
20000962 l       .text  00000000 
20000962 l       .text  00000000 
20000966 l       .text  00000000 
2000096e l       .text  00000000 
20000972 l       .text  00000000 
20000974 l       .text  00000000 
20000980 l       .text  00000000 
20000980 l       .text  00000000 
20000992 l       .text  00000000 
20000992 l       .text  00000000 
20000996 l       .text  00000000 
20000996 l       .text  00000000 
20000998 l       .text  00000000 
200009c4 l       .text  00000000 
10001fe8 l     O .bss   00000004 status_report_list_cnt
10002004 l     O .bss   00000028 status_report_list
200009e6 l       .text  00000000 
200009ec l       .text  00000000 
200009f6 l       .text  00000000 
200009f8 l       .text  00000000 
200009fc l       .text  00000000 
200009fc l       .text  00000000 
200009fc l     F .text  0000051c csrng_testutils_check_internal_state
200009fc l       .text  00000000 
200009fc l       .text  00000000 
200009fc l       .text  00000000 
200009fe l       .text  00000000 
20000a0e l       .text  00000000 
20000a10 l       .text  00000000 
20000a12 l       .text  00000000 
20000a12 l       .text  00000000 
20000a1a l       .text  00000000 
20000a1a l       .text  00000000 
20000a1e l       .text  00000000 
20000a1e l       .text  00000000 
20000a20 l       .text  00000000 
20000a20 l       .text  00000000 
20000a22 l       .text  00000000 
20000a22 l       .text  00000000 
20000a24 l       .text  00000000 
20000a24 l       .text  00000000 
20000a26 l       .text  00000000 
20000a26 l       .text  00000000 
20000a28 l       .text  00000000 
20000a28 l       .text  00000000 
20000a2a l       .text  00000000 
20000a2a l       .text  00000000 
20000a2e l       .text  00000000 
20000a2e l       .text  00000000 
20000a32 l       .text  00000000 
20000a32 l       .text  00000000 
20000a36 l       .text  00000000 
20000a36 l       .text  00000000 
20000a38 l       .text  00000000 
20000a38 l       .text  00000000 
20000a3a l       .text  00000000 
20000a3a l       .text  00000000 
20000a3c l       .text  00000000 
20000a3c l       .text  00000000 
20000a3e l       .text  00000000 
20000a3e l       .text  00000000 
20000a40 l       .text  00000000 
20000a42 l       .text  00000000 
20000a42 l       .text  00000000 
20000a44 l       .text  00000000 
20000a44 l       .text  00000000 
20000a46 l       .text  00000000 
20000a46 l       .text  00000000 
20000a48 l       .text  00000000 
20000a48 l       .text  00000000 
20000a4a l       .text  00000000 
20000a4a l       .text  00000000 
20000a4c l       .text  00000000 
20000a4e l       .text  00000000 
20000a4e l       .text  00000000 
20000a50 l       .text  00000000 
20000a54 l       .text  00000000 
20000a54 l       .text  00000000 
20000a56 l       .text  00000000 
20000a58 l       .text  00000000 
20000a58 l       .text  00000000 
20000a74 l       .text  00000000 
20000a74 l       .text  00000000 
20000a7c l       .text  00000000 
20000a7c l       .text  00000000 
20000a7e l       .text  00000000 
20000a7e l       .text  00000000 
20000a82 l       .text  00000000 
20000a8e l       .text  00000000 
20000a90 l       .text  00000000 
20000a98 l       .text  00000000 
20000a98 l       .text  00000000 
20000aa0 l       .text  00000000 
20000aa2 l       .text  00000000 
20000aa2 l       .text  00000000 
20000aaa l       .text  00000000 
20000ab2 l       .text  00000000 
20000ab2 l       .text  00000000 
20000ab4 l       .text  00000000 
20000ab4 l       .text  00000000 
20000ac2 l       .text  00000000 
20000ac4 l       .text  00000000 
20000ae8 l       .text  00000000 
20000ae8 l       .text  00000000 
20000aec l       .text  00000000 
20000aec l       .text  00000000 
20000aee l       .text  00000000 
20000aee l       .text  00000000 
20000af0 l       .text  00000000 
20000af0 l       .text  00000000 
20000af4 l       .text  00000000 
20000af4 l       .text  00000000 
20000af6 l       .text  00000000 
20000af8 l       .text  00000000 
20000afa l       .text  00000000 
20000afa l       .text  00000000 
20000b10 l       .text  00000000 
20000b10 l       .text  00000000 
20000b18 l       .text  00000000 
20000b18 l       .text  00000000 
20000b1a l       .text  00000000 
20000b1a l       .text  00000000 
20000b1e l       .text  00000000 
20000b2a l       .text  00000000 
20000b2c l       .text  00000000 
20000b34 l       .text  00000000 
20000b34 l       .text  00000000 
20000b36 l       .text  00000000 
20000b36 l       .text  00000000 
20000b38 l       .text  00000000 
20000b38 l       .text  00000000 
20000b46 l       .text  00000000 
20000b48 l       .text  00000000 
20000b62 l       .text  00000000 
20000b6c l       .text  00000000 
20000b6c l       .text  00000000 
20000b70 l       .text  00000000 
20000b70 l       .text  00000000 
20000b74 l       .text  00000000 
20002e78 l     F .text  0000000e OUTLINED_FUNCTION_2
20000b82 l       .text  00000000 
20000b82 l       .text  00000000 
20000b8a l       .text  00000000 
00000108 l     O .logs.fields   00000014 csrng_testutils_check_internal_state.kLogFields
20000b8c l       .text  00000000 
20000ba0 l       .text  00000000 
20000ba0 l       .text  00000000 
20000bc0 l       .text  00000000 
20000bc0 l       .text  00000000 
20000bc4 l       .text  00000000 
20000bc4 l       .text  00000000 
20000bd4 l       .text  00000000 
20000bd8 l       .text  00000000 
0000011c l     O .logs.fields   00000014 csrng_testutils_check_internal_state.kLogFields.10
20000bda l       .text  00000000 
20000bec l       .text  00000000 
20000bec l       .text  00000000 
20000c0c l       .text  00000000 
20000c0c l       .text  00000000 
20000c10 l       .text  00000000 
20000c10 l       .text  00000000 
20000c14 l       .text  00000000 
20000c1e l       .text  00000000 
00000130 l     O .logs.fields   00000014 csrng_testutils_check_internal_state.kLogFields.14
20000c20 l       .text  00000000 
20000c34 l       .text  00000000 
20000c34 l       .text  00000000 
20000c54 l       .text  00000000 
20000c54 l       .text  00000000 
20000c58 l       .text  00000000 
20000c58 l       .text  00000000 
20000c6a l       .text  00000000 
00000144 l     O .logs.fields   00000014 csrng_testutils_check_internal_state.kLogFields.18
20000c6c l       .text  00000000 
20000c80 l       .text  00000000 
20000c80 l       .text  00000000 
20000ca0 l       .text  00000000 
20000ca0 l       .text  00000000 
20000ca4 l       .text  00000000 
20000ca4 l       .text  00000000 
20002db0 l     F .text  000000a0 memcmp
20000cb4 l       .text  00000000 
20000cb4 l       .text  00000000 
20000cbc l       .text  00000000 
20000cbc l       .text  00000000 
00000158 l     O .logs.fields   00000014 csrng_testutils_check_internal_state.kLogFields.22
20000cbe l       .text  00000000 
20000cd2 l       .text  00000000 
20000cd2 l       .text  00000000 
20000cf2 l       .text  00000000 
20000cf2 l       .text  00000000 
20000cf6 l       .text  00000000 
20000cf6 l       .text  00000000 
20000d08 l       .text  00000000 
20000d08 l       .text  00000000 
20000d10 l       .text  00000000 
20000d10 l       .text  00000000 
20000d12 l       .text  00000000 
20000d12 l       .text  00000000 
20000d16 l       .text  00000000 
20000d18 l       .text  00000000 
20000d1a l       .text  00000000 
20000d1a l       .text  00000000 
20000d30 l       .text  00000000 
20000d30 l       .text  00000000 
20000d38 l       .text  00000000 
20000d38 l       .text  00000000 
20000d3a l       .text  00000000 
20000d3a l       .text  00000000 
20000d3e l       .text  00000000 
20000d4a l       .text  00000000 
20000d4c l       .text  00000000 
20000d52 l       .text  00000000 
20000d52 l       .text  00000000 
20000d64 l       .text  00000000 
20000d68 l       .text  00000000 
0000016c l     O .logs.fields   00000014 csrng_testutils_check_internal_state.kLogFields.26
20000d68 l       .text  00000000 
20000d7c l       .text  00000000 
20000d7c l       .text  00000000 
20000d8c l       .text  00000000 
20000d9c l       .text  00000000 
20000d9c l       .text  00000000 
20000d9e l       .text  00000000 
20000d9e l       .text  00000000 
20000da2 l       .text  00000000 
20000da2 l       .text  00000000 
20000da4 l       .text  00000000 
20000da6 l       .text  00000000 
20000da6 l       .text  00000000 
20000dbc l       .text  00000000 
20000dbc l       .text  00000000 
20000dc4 l       .text  00000000 
20000dc4 l       .text  00000000 
20000dc6 l       .text  00000000 
20000dc6 l       .text  00000000 
20000dca l       .text  00000000 
20000dd6 l       .text  00000000 
20000dd8 l       .text  00000000 
20000de0 l       .text  00000000 
20000de0 l       .text  00000000 
20000de2 l       .text  00000000 
20000de4 l       .text  00000000 
20000de6 l       .text  00000000 
20000de6 l       .text  00000000 
20000dfc l       .text  00000000 
20000dfc l       .text  00000000 
20000e04 l       .text  00000000 
20000e04 l       .text  00000000 
20000e06 l       .text  00000000 
20000e06 l       .text  00000000 
20000e0a l       .text  00000000 
20000e16 l       .text  00000000 
20000e18 l       .text  00000000 
20000e20 l       .text  00000000 
20000e20 l       .text  00000000 
20000e22 l       .text  00000000 
20000e24 l       .text  00000000 
20000e24 l       .text  00000000 
20000e3a l       .text  00000000 
20000e3a l       .text  00000000 
20000e42 l       .text  00000000 
20000e42 l       .text  00000000 
20000e44 l       .text  00000000 
20000e44 l       .text  00000000 
20000e48 l       .text  00000000 
20000e54 l       .text  00000000 
20000e56 l       .text  00000000 
20000e5e l       .text  00000000 
20000e5e l       .text  00000000 
20000e60 l       .text  00000000 
20000e62 l       .text  00000000 
20000e62 l       .text  00000000 
20000e78 l       .text  00000000 
20000e78 l       .text  00000000 
20000e80 l       .text  00000000 
20000e80 l       .text  00000000 
20000e82 l       .text  00000000 
20000e82 l       .text  00000000 
20000e86 l       .text  00000000 
20000e92 l       .text  00000000 
20000e94 l       .text  00000000 
20000e9c l       .text  00000000 
20000e9c l       .text  00000000 
20000e9e l       .text  00000000 
20000ea0 l       .text  00000000 
20000ea0 l       .text  00000000 
20000eb6 l       .text  00000000 
20000eb6 l       .text  00000000 
20000ebe l       .text  00000000 
20000ebe l       .text  00000000 
20000ec0 l       .text  00000000 
20000ec0 l       .text  00000000 
20000ec4 l       .text  00000000 
20000ed0 l       .text  00000000 
20000ed2 l       .text  00000000 
20000eda l       .text  00000000 
20000eda l       .text  00000000 
20000edc l       .text  00000000 
20000ede l       .text  00000000 
20000ede l       .text  00000000 
20000ef4 l       .text  00000000 
20000ef4 l       .text  00000000 
20000efc l       .text  00000000 
20000efc l       .text  00000000 
20000efe l       .text  00000000 
20000efe l       .text  00000000 
20000f02 l       .text  00000000 
20000f0e l       .text  00000000 
20000f10 l       .text  00000000 
20000f18 l       .text  00000000 
20000f18 l       .text  00000000 
20000f18 l       .text  00000000 
20000f18 l     F .text  00000268 csrng_testutils_fips_instantiate_kat
20000f18 l       .text  00000000 
20000f18 l       .text  00000000 
20000f18 l       .text  00000000 
20000f1a l       .text  00000000 
20000f26 l       .text  00000000 
20000f28 l       .text  00000000 
20000f2a l       .text  00000000 
20000f2a l       .text  00000000 
20000f40 l       .text  00000000 
20000f56 l       .text  00000000 
20000f56 l       .text  00000000 
00000180 l     O .logs.fields   00000014 csrng_testutils_kat_instantiate.kLogFields
20000f72 l       .text  00000000 
20000f72 l       .text  00000000 
20000f7c l       .text  00000000 
20000f7c l       .text  00000000 
20000f80 l       .text  00000000 
20000f80 l       .text  00000000 
20000f84 l       .text  00000000 
20000f88 l       .text  00000000 
20000f88 l       .text  00000000 
20000f8a l       .text  00000000 
20001180 l     F .text  0000007c csrng_send_app_cmd
20000f9c l       .text  00000000 
20000f9c l       .text  00000000 
20000f9e l       .text  00000000 
20000fa0 l       .text  00000000 
20000fa2 l       .text  00000000 
20000fa2 l       .text  00000000 
20000fbe l       .text  00000000 
20000fbe l       .text  00000000 
20000fc6 l       .text  00000000 
20000fc6 l       .text  00000000 
20000fc8 l       .text  00000000 
20000fc8 l       .text  00000000 
20000fcc l       .text  00000000 
20000fd8 l       .text  00000000 
20000fda l       .text  00000000 
20000fe2 l       .text  00000000 
20000fe2 l       .text  00000000 
20000fe4 l       .text  00000000 
20000fe4 l       .text  00000000 
20000fe6 l       .text  00000000 
20000fe6 l       .text  00000000 
20000ff4 l       .text  00000000 
20000ff6 l       .text  00000000 
2000101a l       .text  00000000 
2000101a l       .text  00000000 
2000101e l       .text  00000000 
2000101e l       .text  00000000 
20001020 l       .text  00000000 
20001028 l       .text  00000000 
20001028 l       .text  00000000 
2000102c l       .text  00000000 
2000102c l       .text  00000000 
20001030 l       .text  00000000 
20001034 l       .text  00000000 
20001034 l       .text  00000000 
20001036 l       .text  00000000 
2000104a l       .text  00000000 
2000104a l       .text  00000000 
2000104c l       .text  00000000 
2000104e l       .text  00000000 
20001050 l       .text  00000000 
20001050 l       .text  00000000 
20001066 l       .text  00000000 
20001066 l       .text  00000000 
2000106e l       .text  00000000 
2000106e l       .text  00000000 
20001070 l       .text  00000000 
20001070 l       .text  00000000 
20001074 l       .text  00000000 
20001080 l       .text  00000000 
20001082 l       .text  00000000 
2000108a l       .text  00000000 
2000108a l       .text  00000000 
2000108c l       .text  00000000 
2000108e l       .text  00000000 
2000108e l       .text  00000000 
200010aa l       .text  00000000 
200010aa l       .text  00000000 
200010b2 l       .text  00000000 
200010b2 l       .text  00000000 
200010b4 l       .text  00000000 
200010b4 l       .text  00000000 
200010b8 l       .text  00000000 
200010c4 l       .text  00000000 
200010c6 l       .text  00000000 
200010ce l       .text  00000000 
200010ce l       .text  00000000 
200010d0 l       .text  00000000 
200010d0 l       .text  00000000 
200010d2 l       .text  00000000 
200010d2 l       .text  00000000 
200010e4 l       .text  00000000 
200010e6 l       .text  00000000 
20001106 l       .text  00000000 
20001106 l       .text  00000000 
2000110a l       .text  00000000 
2000110a l       .text  00000000 
2000111a l       .text  00000000 
2000111a l       .text  00000000 
2000111e l       .text  00000000 
20001122 l       .text  00000000 
2000112e l       .text  00000000 
20001132 l       .text  00000000 
20001134 l       .text  00000000 
20001136 l       .text  00000000 
20001136 l       .text  00000000 
2000114c l       .text  00000000 
2000114c l       .text  00000000 
20001154 l       .text  00000000 
20001154 l       .text  00000000 
20001156 l       .text  00000000 
20001156 l       .text  00000000 
2000115a l       .text  00000000 
20001166 l       .text  00000000 
20001168 l       .text  00000000 
2000116e l       .text  00000000 
2000116e l       .text  00000000 
20001178 l       .text  00000000 
2000117c l       .text  00000000 
2000117c l       .text  00000000 
20001180 l       .text  00000000 
20001180 l       .text  00000000 
20001180 l       .text  00000000 
20001180 l       .text  00000000 
20001180 l       .text  00000000 
20001180 l       .text  00000000 
20001182 l       .text  00000000 
20001182 l       .text  00000000 
20001184 l       .text  00000000 
20001188 l       .text  00000000 
20001188 l       .text  00000000 
2000118e l       .text  00000000 
2000118e l       .text  00000000 
20001190 l       .text  00000000 
20001192 l       .text  00000000 
20001192 l       .text  00000000 
20001194 l       .text  00000000 
2000119a l       .text  00000000 
2000119a l       .text  00000000 
2000119c l       .text  00000000 
200011a6 l       .text  00000000 
200011aa l       .text  00000000 
200011aa l       .text  00000000 
200011ac l       .text  00000000 
200011ac l       .text  00000000 
200011ae l       .text  00000000 
200011ae l       .text  00000000 
200011b0 l       .text  00000000 
200011b2 l       .text  00000000 
200011b4 l       .text  00000000 
200011b4 l       .text  00000000 
200011b8 l       .text  00000000 
200011b8 l       .text  00000000 
200011be l       .text  00000000 
200011be l       .text  00000000 
200011c2 l       .text  00000000 
200011c2 l       .text  00000000 
200011c6 l       .text  00000000 
200011c6 l       .text  00000000 
200011ca l       .text  00000000 
200011cc l       .text  00000000 
200011cc l       .text  00000000 
200011ce l       .text  00000000 
200011d2 l       .text  00000000 
200011d2 l       .text  00000000 
200011d6 l       .text  00000000 
200011d6 l       .text  00000000 
200011d8 l       .text  00000000 
200011d8 l       .text  00000000 
200011dc l       .text  00000000 
200011dc l       .text  00000000 
200011de l       .text  00000000 
200011de l       .text  00000000 
200011e2 l       .text  00000000 
200011e2 l       .text  00000000 
200011e4 l       .text  00000000 
200011e4 l       .text  00000000 
200011e6 l       .text  00000000 
200011e6 l       .text  00000000 
200011e8 l       .text  00000000 
200011ee l       .text  00000000 
200011ee l       .text  00000000 
200011f0 l       .text  00000000 
200011f0 l       .text  00000000 
200011f2 l       .text  00000000 
200011f6 l       .text  00000000 
200011f6 l       .text  00000000 
200011f8 l       .text  00000000 
200011fa l       .text  00000000 
200011fc l       .text  00000000 
200011fc l       .text  00000000 
200011fc l       .text  00000000 
200011fc l       .text  00000000 
200011fc l       .text  00000000 
200011fe l       .text  00000000 
200011fe l       .text  00000000 
200011fe l       .text  00000000 
20001204 l       .text  00000000 
20001204 l       .text  00000000 
20001204 l       .text  00000000 
20001214 l       .text  00000000 
20001214 l       .text  00000000 
2000121c l       .text  00000000 
2000122e l       .text  00000000 
2000122e l       .text  00000000 
20001230 l       .text  00000000 
20001232 l       .text  00000000 
20001236 l       .text  00000000 
20001236 l       .text  00000000 
2000123a l       .text  00000000 
2000123a l       .text  00000000 
2000123e l       .text  00000000 
2000123e l       .text  00000000 
20001240 l       .text  00000000 
20001244 l       .text  00000000 
20001244 l       .text  00000000 
20001246 l       .text  00000000 
2000124a l       .text  00000000 
2000124a l       .text  00000000 
2000124c l       .text  00000000 
2000124e l       .text  00000000 
2000124e l       .text  00000000 
20001252 l       .text  00000000 
20001252 l       .text  00000000 
20001256 l       .text  00000000 
20001256 l       .text  00000000 
2000125a l       .text  00000000 
2000125a l       .text  00000000 
20001260 l       .text  00000000 
20001260 l       .text  00000000 
20001264 l       .text  00000000 
20001264 l       .text  00000000 
20001268 l       .text  00000000 
20001268 l       .text  00000000 
2000126a l       .text  00000000 
2000126a l       .text  00000000 
2000126c l       .text  00000000 
2000126c l       .text  00000000 
2000126e l       .text  00000000 
2000126e l       .text  00000000 
20001270 l       .text  00000000 
20001272 l       .text  00000000 
20001272 l       .text  00000000 
20001274 l       .text  00000000 
20001274 l       .text  00000000 
20001278 l       .text  00000000 
2000127c l       .text  00000000 
2000127c l       .text  00000000 
2000127e l       .text  00000000 
2000127e l       .text  00000000 
20001286 l       .text  00000000 
2000128a l       .text  00000000 
2000128a l       .text  00000000 
20001292 l       .text  00000000 
20001292 l       .text  00000000 
20001294 l       .text  00000000 
20001296 l       .text  00000000 
20001296 l       .text  00000000 
20001298 l       .text  00000000 
20001298 l       .text  00000000 
2000129a l       .text  00000000 
2000129a l       .text  00000000 
2000129c l       .text  00000000 
2000129c l       .text  00000000 
2000129e l       .text  00000000 
2000129e l       .text  00000000 
200012a0 l       .text  00000000 
200012a2 l       .text  00000000 
200012a2 l       .text  00000000 
200012a4 l       .text  00000000 
200012a4 l       .text  00000000 
200012a6 l       .text  00000000 
200012aa l       .text  00000000 
200012ae l       .text  00000000 
200012ae l       .text  00000000 
200012b6 l       .text  00000000 
200012b6 l       .text  00000000 
200012c2 l       .text  00000000 
200012c2 l       .text  00000000 
200012c8 l       .text  00000000 
200012ca l       .text  00000000 
200012ce l       .text  00000000 
200012ce l       .text  00000000 
200012d6 l       .text  00000000 
200012d6 l       .text  00000000 
200012d8 l       .text  00000000 
200012d8 l       .text  00000000 
200012e8 l       .text  00000000 
200012e8 l       .text  00000000 
200012f0 l       .text  00000000 
200012f4 l       .text  00000000 
200012f4 l       .text  00000000 
200012f6 l       .text  00000000 
20001300 l       .text  00000000 
20001300 l       .text  00000000 
20001302 l       .text  00000000 
20001306 l       .text  00000000 
2000131e l       .text  00000000 
20001328 l       .text  00000000 
20001328 l       .text  00000000 
2000132a l       .text  00000000 
20001330 l       .text  00000000 
20001334 l       .text  00000000 
20001334 l       .text  00000000 
20001334 l       .text  00000000 
20001334 l       .text  00000000 
20001334 l       .text  00000000 
20001336 l       .text  00000000 
2000135e l       .text  00000000 
20001364 l       .text  00000000 
2000136c l       .text  00000000 
2000136c l       .text  00000000 
000001d0 l     O .logs.fields   00000014 _ottf_main.kLogFields.12
20001388 l       .text  00000000 
20001db2 l     F .text  000008b0 ottf_alerts_enable_all
20001388 l       .text  00000000 
20001390 l       .text  00000000 
20001394 l       .text  00000000 
000001e4 l     O .logs.fields   00000014 _ottf_main.kLogFields.15
20001394 l       .text  00000000 
20001398 l       .text  00000000 
200013a6 l       .text  00000000 
200013a6 l       .text  00000000 
200013ae l       .text  00000000 
200013ae l       .text  00000000 
200013b6 l       .text  00000000 
200013b6 l       .text  00000000 
200013bc l       .text  00000000 
200013bc l       .text  00000000 
200013c4 l       .text  00000000 
200013c4 l       .text  00000000 
200013ca l       .text  00000000 
200013cc l       .text  00000000 
200013cc l       .text  00000000 
200013ce l       .text  00000000 
200013ce l       .text  00000000 
200013d2 l       .text  00000000 
200013d6 l       .text  00000000 
200013d8 l       .text  00000000 
200013da l       .text  00000000 
00000324 l     O .logs.fields   00000014 rand_testutils_init.kLogFields
200013da l       .text  00000000 
200013ec l       .text  00000000 
200013ec l       .text  00000000 
20001402 l       .text  00000000 
20001402 l       .text  00000000 
20001408 l       .text  00000000 
20001408 l       .text  00000000 
2000140e l       .text  00000000 
20001410 l       .text  00000000 
20001416 l       .text  00000000 
2000141e l       .text  00000000 
100020ac l     O .bss   00000018 rand_testutils_rng_ctx
2000141e l       .text  00000000 
20001450 l       .text  00000000 
20001452 l       .text  00000000 
20001452 l       .text  00000000 
20001458 l       .text  00000000 
2000145a l       .text  00000000 
2000145a l       .text  00000000 
2000145c l       .text  00000000 
2000145e l       .text  00000000 
20001464 l       .text  00000000 
20001464 l       .text  00000000 
20001466 l       .text  00000000 
20001466 l       .text  00000000 
20001468 l       .text  00000000 
00000004 l     O .logs.fields   00000014 test_main.kLogFields.2
20001468 l       .text  00000000 
2000147e l       .text  00000000 
2000147e l       .text  00000000 
20001484 l       .text  00000000 
2000148c l       .text  00000000 
2000148c l       .text  00000000 
20001490 l       .text  00000000 
20001490 l       .text  00000000 
20001492 l       .text  00000000 
20001492 l       .text  00000000 
20001494 l       .text  00000000 
20001494 l       .text  00000000 
20001498 l       .text  00000000 
200014a6 l       .text  00000000 
00000018 l     O .logs.fields   00000014 test_main.kLogFields.8
200014aa l       .text  00000000 
200014ae l       .text  00000000 
200014be l       .text  00000000 
200014be l       .text  00000000 
200014c8 l       .text  00000000 
200014c8 l       .text  00000000 
200014d4 l       .text  00000000 
200014d8 l       .text  00000000 
000000a4 l     O .logs.fields   00000014 test_fuse_enable.kLogFields
200014d8 l       .text  00000000 
200014dc l       .text  00000000 
200014ea l       .text  00000000 
200014ea l       .text  00000000 
200014f2 l       .text  00000000 
200014f2 l       .text  00000000 
200014fa l       .text  00000000 
200014fa l       .text  00000000 
20001500 l       .text  00000000 
20001500 l       .text  00000000 
20001508 l       .text  00000000 
20001508 l       .text  00000000 
2000151e l       .text  00000000 
20001534 l       .text  00000000 
00000194 l     O .logs.fields   00000014 csrng_testutils_kat_generate.kLogFields
20001534 l       .text  00000000 
20001548 l       .text  00000000 
20001548 l       .text  00000000 
20001566 l       .text  00000000 
20001566 l       .text  00000000 
2000156a l       .text  00000000 
2000156a l       .text  00000000 
20001574 l       .text  00000000 
20001574 l       .text  00000000 
20001578 l       .text  00000000 
20001578 l       .text  00000000 
2000157a l       .text  00000000 
2000158c l       .text  00000000 
2000158c l       .text  00000000 
2000158e l       .text  00000000 
2000158e l       .text  00000000 
2000159c l       .text  00000000 
2000159e l       .text  00000000 
200015b4 l       .text  00000000 
200015b4 l       .text  00000000 
200015b8 l       .text  00000000 
200015b8 l       .text  00000000 
200015ba l       .text  00000000 
200015ba l       .text  00000000 
200015be l       .text  00000000 
200015be l       .text  00000000 
200015c0 l       .text  00000000 
200015c0 l       .text  00000000 
200015ce l       .text  00000000 
200015d0 l       .text  00000000 
200015e6 l       .text  00000000 
200015e6 l       .text  00000000 
200015ea l       .text  00000000 
200015ea l       .text  00000000 
200015ee l       .text  00000000 
200015f0 l       .text  00000000 
200015f2 l       .text  00000000 
200015f2 l       .text  00000000 
200015f6 l       .text  00000000 
200015fa l       .text  00000000 
200015fc l       .text  00000000 
200015fc l       .text  00000000 
200015fe l       .text  00000000 
200015fe l       .text  00000000 
20001600 l       .text  00000000 
20001600 l       .text  00000000 
20001602 l       .text  00000000 
20001602 l       .text  00000000 
20001604 l       .text  00000000 
20001604 l       .text  00000000 
20001608 l       .text  00000000 
2000160a l       .text  00000000 
2000160c l       .text  00000000 
20001610 l       .text  00000000 
20001610 l       .text  00000000 
20001612 l       .text  00000000 
20001612 l       .text  00000000 
20001620 l       .text  00000000 
20001622 l       .text  00000000 
20001638 l       .text  00000000 
20001638 l       .text  00000000 
2000163c l       .text  00000000 
2000163c l       .text  00000000 
2000163e l       .text  00000000 
20001640 l       .text  00000000 
20001644 l       .text  00000000 
20001644 l       .text  00000000 
20001652 l       .text  00000000 
2000165a l       .text  00000000 
2000165e l       .text  00000000 
000001a8 l     O .logs.fields   00000014 csrng_testutils_kat_generate.kLogFields.32
20001660 l       .text  00000000 
20001674 l       .text  00000000 
20001674 l       .text  00000000 
20001694 l       .text  00000000 
20001694 l       .text  00000000 
20001698 l       .text  00000000 
20001698 l       .text  00000000 
200016a4 l       .text  00000000 
200016a4 l       .text  00000000 
200016aa l       .text  00000000 
00000040 l     O .logs.fields   00000014 test_main.kLogFields.17
200016aa l       .text  00000000 
200016ae l       .text  00000000 
200016be l       .text  00000000 
200016be l       .text  00000000 
200016c8 l       .text  00000000 
000000cc l     O .logs.fields   00000014 test_fuse_disable.kLogFields
200016c8 l       .text  00000000 
200016e4 l       .text  00000000 
200016e4 l       .text  00000000 
200016f0 l       .text  00000000 
200016f4 l       .text  00000000 
000000e0 l     O .logs.fields   00000014 test_fuse_disable.kLogFields.59
200016f4 l       .text  00000000 
200016f8 l       .text  00000000 
20001706 l       .text  00000000 
20001706 l       .text  00000000 
2000170e l       .text  00000000 
2000170e l       .text  00000000 
20001716 l       .text  00000000 
20001716 l       .text  00000000 
2000171c l       .text  00000000 
2000171c l       .text  00000000 
20001724 l       .text  00000000 
20001724 l       .text  00000000 
20001728 l       .text  00000000 
2000172a l       .text  00000000 
2000172e l       .text  00000000 
2000172e l       .text  00000000 
20001732 l       .text  00000000 
20001742 l       .text  00000000 
20001742 l       .text  00000000 
2000174c l       .text  00000000 
20001762 l       .text  00000000 
20001762 l       .text  00000000 
20001780 l       .text  00000000 
20001780 l       .text  00000000 
20001792 l       .text  00000000 
000000b8 l     O .logs.fields   00000014 test_fuse_enable.kLogFields.52
20001792 l       .text  00000000 
200017a4 l       .text  00000000 
200017a4 l       .text  00000000 
200017ac l       .text  00000000 
200017ac l       .text  00000000 
200017b4 l       .text  00000000 
200017b4 l       .text  00000000 
200017ba l       .text  00000000 
200017ba l       .text  00000000 
200017c2 l       .text  00000000 
200017c2 l       .text  00000000 
200017c6 l       .text  00000000 
200017c6 l       .text  00000000 
200017d0 l       .text  00000000 
200017d0 l       .text  00000000 
200017d2 l       .text  00000000 
0000002c l     O .logs.fields   00000014 test_main.kLogFields.14
200017d2 l       .text  00000000 
200017e6 l       .text  00000000 
200017e6 l       .text  00000000 
200017ea l       .text  00000000 
0000020c l     O .logs.fields   00000014 report_test_status.kLogFields.33
200017ea l       .text  00000000 
200017fe l       .text  00000000 
200017fe l       .text  00000000 
20001802 l       .text  00000000 
20001802 l       .text  00000000 
20001804 l       .text  00000000 
20001808 l       .text  00000000 
20001808 l       .text  00000000 
00000220 l     O .logs.fields   00000014 report_test_status.kLogFields.36
20001816 l       .text  00000000 
20001816 l       .text  00000000 
2000181a l       .text  00000000 
2000181e l       .text  00000000 
20001836 l       .text  00000000 
20001842 l       .text  00000000 
20001842 l       .text  00000000 
20001846 l       .text  00000000 
20001846 l       .text  00000000 
20001848 l       .text  00000000 
2000184a l       .text  00000000 
20001852 l       .text  00000000 
00000234 l     O .logs.fields   00000014 report_test_status.kLogFields.39
20001856 l       .text  00000000 
2000186a l       .text  00000000 
2000186a l       .text  00000000 
20001874 l       .text  00000000 
20001874 l       .text  00000000 
20001878 l       .text  00000000 
2000187c l       .text  00000000 
2000187e l       .text  00000000 
20001880 l       .text  00000000 
000001f8 l     O .logs.fields   00000014 _ottf_main.kLogFields.28
20001880 l       .text  00000000 
20001892 l       .text  00000000 
20001892 l       .text  00000000 
200018b0 l       .text  00000000 
200018b0 l       .text  00000000 
200018b6 l       .text  00000000 
200018b6 l       .text  00000000 
200018bc l       .text  00000000 
200018be l       .text  00000000 
200018c4 l       .text  00000000 
200018cc l       .text  00000000 
200018cc l       .text  00000000 
200018f4 l       .text  00000000 
200018f8 l       .text  00000000 
200018f8 l       .text  00000000 
200018fc l       .text  00000000 
200018fc l       .text  00000000 
20001900 l       .text  00000000 
20001912 l       .text  00000000 
20001912 l       .text  00000000 
20001916 l       .text  00000000 
20001916 l       .text  00000000 
2000191a l       .text  00000000 
2000192c l       .text  00000000 
2000192c l       .text  00000000 
20001930 l       .text  00000000 
20001930 l       .text  00000000 
20001934 l       .text  00000000 
20001946 l       .text  00000000 
20001946 l       .text  00000000 
20001948 l       .text  00000000 
20001948 l       .text  00000000 
2000195e l       .text  00000000 
2000195e l       .text  00000000 
20001962 l       .text  00000000 
20001962 l       .text  00000000 
20001964 l       .text  00000000 
20001964 l       .text  00000000 
20001964 l       .text  00000000 
20001964 l     F .text  00000030 vApplicationStackOverflowHook
20001964 l       .text  00000000 
20001964 l       .text  00000000 
20001964 l       .text  00000000 
20001966 l       .text  00000000 
20001968 l       .text  00000000 
2000196a l       .text  00000000 
2000196a l       .text  00000000 
00000248 l     O .logs.fields   00000014 vApplicationStackOverflowHook.kLogFields
20001986 l       .text  00000000 
20001986 l       .text  00000000 
20001988 l       .text  00000000 
20001988 l       .text  00000000 
2000198c l       .text  00000000 
20002e50 l     F .text  00000006 abort
2000198c l       .text  00000000 
20001994 l       .text  00000000 
20001994 l       .text  00000000 
20001994 l       .text  00000000 
20001994 l     F .text  0000011a ottf_generic_fault_print
20001994 l       .text  00000000 
20001994 l       .text  00000000 
20002e86 l     F .text  0000001a OUTLINED_FUNCTION_3
20001994 l       .text  00000000 
2000199c l       .text  00000000 
2000199c l       .text  00000000 
2000199e l       .text  00000000 
200019a2 l       .text  00000000 
200019a2 l       .text  00000000 
200019a6 l       .text  00000000 
200019a6 l       .text  00000000 
200019a8 l       .text  00000000 
200019aa l       .text  00000000 
200019aa l       .text  00000000 
200019ac l       .text  00000000 
200019ac l       .text  00000000 
200019ae l       .text  00000000 
200019ae l       .text  00000000 
20002722 l     F .text  00000384 base_printf
200019c0 l       .text  00000000 
200019c0 l       .text  00000000 
20003e6c l     O .rodata        00000078 exc_frame
200019de l       .text  00000000 
200019de l       .text  00000000 
200019e2 l       .text  00000000 
200019e2 l       .text  00000000 
200019e6 l       .text  00000000 
200019e8 l       .text  00000000 
200019f2 l       .text  00000000 
200019f2 l       .text  00000000 
200019f6 l       .text  00000000 
200019f6 l       .text  00000000 
200019f8 l       .text  00000000 
20001a02 l       .text  00000000 
20001a02 l       .text  00000000 
20001a04 l       .text  00000000 
20001a08 l       .text  00000000 
20001a0c l       .text  00000000 
20001a0c l       .text  00000000 
20001a10 l       .text  00000000 
20001a10 l       .text  00000000 
20001a20 l       .text  00000000 
20001a20 l       .text  00000000 
20001a30 l       .text  00000000 
20001a30 l       .text  00000000 
20001a54 l       .text  00000000 
20001a54 l       .text  00000000 
20001a5e l       .text  00000000 
20001a5e l       .text  00000000 
20001a60 l       .text  00000000 
20001a60 l       .text  00000000 
20001a6c l       .text  00000000 
20001a70 l       .text  00000000 
20001a7a l       .text  00000000 
20001a7a l       .text  00000000 
20001a7c l       .text  00000000 
20001a7e l       .text  00000000 
20001a7e l       .text  00000000 
0000025c l     O .logs.fields   00000014 ottf_generic_fault_print.kLogFields
20002eac l     F .text  00000018 OUTLINED_FUNCTION_5
20001aa2 l       .text  00000000 
20001aa4 l       .text  00000000 
20001aae l       .text  00000000 
20001aae l       .text  00000000 
20001aae l       .text  00000000 
20001aae l       .text  00000000 
20001aae l       .text  00000000 
20001aae l       .text  00000000 
20001aae l       .text  00000000 
20001ab2 l       .text  00000000 
20001ab2 l       .text  00000000 
20001ab4 l       .text  00000000 
20001ab4 l       .text  00000000 
20001ab6 l       .text  00000000 
20001aba l       .text  00000000 
20001aca l       .text  00000000 
20001aca l       .text  00000000 
20001ace l       .text  00000000 
20001ad2 l       .text  00000000 
20001ad4 l       .text  00000000 
10001ff4 l     O .bss   00000004 uxSchedulerSuspended
20001ad4 l       .text  00000000 
20001adc l       .text  00000000 
10001ff8 l     O .bss   00000004 xYieldPending
20001ade l       .text  00000000 
20001ae8 l       .text  00000000 
20001ae8 l       .text  00000000 
20001aea l       .text  00000000 
20001aea l       .text  00000000 
000001bc l     O .logs.fields   00000014 ottf_machine_ecall_handler.kLogFields
20001b06 l       .text  00000000 
20001b06 l       .text  00000000 
20001b0e l       .text  00000000 
20001b1a l       .text  00000000 
20001b1e l       .text  00000000 
10001ff0 l     O .bss   00000004 uxTopReadyPriority
20001b1e l       .text  00000000 
20001b2e l       .text  00000000 
20001b2e l       .text  00000000 
20001b32 l       .text  00000000 
1000202c l     O .bss   00000064 pxReadyTasksLists
20001b42 l       .text  00000000 
20001b46 l       .text  00000000 
20001b4c l       .text  00000000 
20001b4e l       .text  00000000 
20001b50 l       .text  00000000 
20001b52 l       .text  00000000 
20001b58 l       .text  00000000 
20001b58 l       .text  00000000 
20001b5a l       .text  00000000 
20001b76 l     F .text  0000002a generic_fault_handler
20001b5a l       .text  00000000 
20001b62 l       .text  00000000 
20001b62 l       .text  00000000 
20001b76 l       .text  00000000 
20001b76 l       .text  00000000 
20001b76 l       .text  00000000 
20001b76 l       .text  00000000 
20001b76 l       .text  00000000 
20001b76 l       .text  00000000 
20001b78 l       .text  00000000 
20001b78 l       .text  00000000 
20001b78 l       .text  00000000 
20001b7a l       .text  00000000 
20001b7e l       .text  00000000 
20001b7e l       .text  00000000 
20003ee4 l     O .rodata        00000080 exception_reason
20001b82 l       .text  00000000 
20001b90 l       .text  00000000 
20001b98 l       .text  00000000 
20001b98 l       .text  00000000 
20001ba0 l       .text  00000000 
20001ba0 l       .text  00000000 
20001ba0 l       .text  00000000 
20001ba0 l       .text  00000000 
20001ba0 l       .text  00000000 
20001ba0 l       .text  00000000 
20001ba2 l       .text  00000000 
20001ba2 l       .text  00000000 
20001ba2 l       .text  00000000 
20001ba4 l       .text  00000000 
20001ba8 l       .text  00000000 
20001ba8 l       .text  00000000 
20001bb8 l       .text  00000000 
20001bb8 l       .text  00000000 
20001bc0 l       .text  00000000 
20001bc0 l       .text  00000000 
20001bc0 l       .text  00000000 
20001bc0 l       .text  00000000 
20001bc0 l       .text  00000000 
20001bc0 l       .text  00000000 
20001bc2 l       .text  00000000 
20001bc2 l       .text  00000000 
20001bc2 l       .text  00000000 
20001bc4 l       .text  00000000 
20001bc8 l       .text  00000000 
20001bc8 l       .text  00000000 
20001bd8 l       .text  00000000 
20001bd8 l       .text  00000000 
20001be0 l       .text  00000000 
20001be0 l       .text  00000000 
20001be0 l       .text  00000000 
20001be0 l       .text  00000000 
20001be0 l       .text  00000000 
20001be0 l       .text  00000000 
20001be8 l       .text  00000000 
20001be8 l       .text  00000000 
20001bec l       .text  00000000 
20001bec l       .text  00000000 
20001bee l       .text  00000000 
20001bee l       .text  00000000 
20001bf4 l       .text  00000000 
20001bf4 l       .text  00000000 
20001bf8 l       .text  00000000 
20001bf8 l       .text  00000000 
20001bfe l       .text  00000000 
20001c02 l       .text  00000000 
20001c02 l       .text  00000000 
20001c08 l       .text  00000000 
20001c0a l       .text  00000000 
10002000 l     O .bss   00000004 alert_expected_cnt
10002090 l     O .bss   00000010 alert_expected
10001ffc l     O .bss   00000004 ottf_alert_handler.0
100020a0 l     O .bss   0000000c alert_caught
00000284 l     O .logs.fields   00000014 ottf_alert_isr.kLogFields
20001c40 l       .text  00000000 
20001c40 l       .text  00000000 
20001c44 l       .text  00000000 
20001c48 l       .text  00000000 
20001c48 l       .text  00000000 
20001c50 l       .text  00000000 
20001c50 l       .text  00000000 
20001c54 l       .text  00000000 
20001c54 l       .text  00000000 
20001c58 l       .text  00000000 
20001c58 l       .text  00000000 
20001c5c l       .text  00000000 
20001c60 l       .text  00000000 
20001c60 l       .text  00000000 
20001c62 l       .text  00000000 
20001c62 l       .text  00000000 
20001c66 l       .text  00000000 
20001c66 l       .text  00000000 
20001c6a l       .text  00000000 
20001c6a l       .text  00000000 
20001c6c l       .text  00000000 
20001c70 l       .text  00000000 
20001c70 l       .text  00000000 
20001c78 l       .text  00000000 
20001c7e l       .text  00000000 
20001c80 l       .text  00000000 
20001c80 l       .text  00000000 
20001c82 l       .text  00000000 
20001c82 l       .text  00000000 
20001c88 l       .text  00000000 
20001c90 l       .text  00000000 
20001c90 l       .text  00000000 
20001c9a l       .text  00000000 
20001c9a l       .text  00000000 
20001c9c l       .text  00000000 
20001c9e l       .text  00000000 
20001c9e l       .text  00000000 
20001ca4 l       .text  00000000 
20001caa l       .text  00000000 
20001caa l       .text  00000000 
20001cae l       .text  00000000 
20001cb4 l       .text  00000000 
20001cb4 l       .text  00000000 
20001cbe l       .text  00000000 
20001cbe l       .text  00000000 
20001cc0 l       .text  00000000 
20001cc0 l       .text  00000000 
20001cc8 l       .text  00000000 
20001cc8 l       .text  00000000 
20001ccc l       .text  00000000 
20001ccc l       .text  00000000 
20001cd0 l       .text  00000000 
20004030 l     O .rodata        000002e8 instance_from_irq
20001cde l       .text  00000000 
20001cde l       .text  00000000 
00000270 l     O .logs.fields   00000014 ottf_external_isr.kLogFields.15
20001cfa l       .text  00000000 
20001cfa l       .text  00000000 
20001cfe l       .text  00000000 
20001cfe l       .text  00000000 
20001d10 l       .text  00000000 
20001d10 l       .text  00000000 
20001d18 l       .text  00000000 
20001d18 l       .text  00000000 
00000298 l     O .logs.fields   00000014 ottf_alert_isr.kLogFields.7
20001d24 l       .text  00000000 
20001d24 l       .text  00000000 
20001d2a l       .text  00000000 
20001d2a l       .text  00000000 
20001d2e l       .text  00000000 
20001d2e l       .text  00000000 
20001d32 l       .text  00000000 
20001d36 l       .text  00000000 
20001d38 l       .text  00000000 
20001d38 l       .text  00000000 
20001d40 l       .text  00000000 
20001d48 l       .text  00000000 
20001d4a l       .text  00000000 
20001d50 l       .text  00000000 
20001d50 l       .text  00000000 
20001d52 l       .text  00000000 
20001d60 l       .text  00000000 
20001d60 l       .text  00000000 
20001d62 l       .text  00000000 
20001d64 l       .text  00000000 
20001d6a l       .text  00000000 
20001d72 l       .text  00000000 
20001d72 l       .text  00000000 
20001d7a l       .text  00000000 
20001d7a l       .text  00000000 
20001d7a l       .text  00000000 
20001d7a l       .text  00000000 
20001d7a l       .text  00000000 
20001d7a l       .text  00000000 
20001d7a l       .text  00000000 
20001d7e l       .text  00000000 
20001d7e l       .text  00000000 
20001d84 l       .text  00000000 
20001d84 l       .text  00000000 
20001d88 l       .text  00000000 
20001d88 l       .text  00000000 
20001d92 l     F .text  00000020 generic_internal_irq_handler
20001d92 l       .text  00000000 
20001d92 l       .text  00000000 
20001d92 l       .text  00000000 
20001d92 l       .text  00000000 
20001d92 l       .text  00000000 
20001d92 l       .text  00000000 
20001d94 l       .text  00000000 
20001d94 l       .text  00000000 
20001d94 l       .text  00000000 
20001d96 l       .text  00000000 
20001d9a l       .text  00000000 
20001d9a l       .text  00000000 
20001daa l       .text  00000000 
20001daa l       .text  00000000 
20001db2 l       .text  00000000 
20001db2 l       .text  00000000 
20001db2 l       .text  00000000 
20001db2 l       .text  00000000 
20001db2 l       .text  00000000 
20001db2 l       .text  00000000 
20001db4 l       .text  00000000 
20001db4 l       .text  00000000 
20001db4 l       .text  00000000 
20001dce l       .text  00000000 
20001dce l       .text  00000000 
20001dd0 l       .text  00000000 
20001ddc l       .text  00000000 
20001ddc l       .text  00000000 
20001de0 l       .text  00000000 
20001de0 l       .text  00000000 
20001df2 l       .text  00000000 
20001df6 l       .text  00000000 
20001e0e l       .text  00000000 
20001e10 l       .text  00000000 
20001e10 l       .text  00000000 
20001e1c l       .text  00000000 
20001e1c l       .text  00000000 
20001e20 l       .text  00000000 
20001e20 l       .text  00000000 
20001e26 l       .text  00000000 
20001e28 l       .text  00000000 
20001e28 l       .text  00000000 
20001e2c l       .text  00000000 
20001e36 l       .text  00000000 
20001e36 l       .text  00000000 
20001e38 l       .text  00000000 
20001e38 l       .text  00000000 
20001e44 l       .text  00000000 
20001e44 l       .text  00000000 
20001e48 l       .text  00000000 
20001e4a l       .text  00000000 
20001e4e l       .text  00000000 
20001e52 l       .text  00000000 
20001e54 l       .text  00000000 
20001e56 l       .text  00000000 
20001e56 l       .text  00000000 
20001e58 l       .text  00000000 
20001e5a l       .text  00000000 
20001e5c l       .text  00000000 
20001e60 l       .text  00000000 
20001e6e l       .text  00000000 
20001e6e l       .text  00000000 
20001e8a l       .text  00000000 
20001e8c l       .text  00000000 
20001e8c l       .text  00000000 
20001e90 l       .text  00000000 
20001e94 l       .text  00000000 
20001e9c l       .text  00000000 
000002ac l     O .logs.fields   00000014 alert_handler_testutils_configure_all.kLogFields
20001e9e l       .text  00000000 
20001eb2 l       .text  00000000 
20001eb2 l       .text  00000000 
20001ed2 l       .text  00000000 
20001ed2 l       .text  00000000 
20001ed6 l       .text  00000000 
20001ed6 l       .text  00000000 
20001ed8 l       .text  00000000 
20001ed8 l       .text  00000000 
20001edc l       .text  00000000 
20001ee0 l       .text  00000000 
000002c0 l     O .logs.fields   00000014 alert_handler_testutils_configure_all.kLogFields.28
20001ee2 l       .text  00000000 
20001ef6 l       .text  00000000 
20001ef6 l       .text  00000000 
20001f16 l       .text  00000000 
20001f16 l       .text  00000000 
20001f1a l       .text  00000000 
20001f1a l       .text  00000000 
20001f22 l       .text  00000000 
20001f26 l       .text  00000000 
000002d4 l     O .logs.fields   00000014 alert_handler_testutils_configure_all.kLogFields.32
20001f28 l       .text  00000000 
20001f3c l       .text  00000000 
20001f3c l       .text  00000000 
20001f5c l       .text  00000000 
20001f5c l       .text  00000000 
20001f60 l       .text  00000000 
20001f60 l       .text  00000000 
20001f62 l       .text  00000000 
20001f62 l       .text  00000000 
20001f66 l       .text  00000000 
20001f6a l       .text  00000000 
000002e8 l     O .logs.fields   00000014 alert_handler_testutils_configure_all.kLogFields.36
20001f6c l       .text  00000000 
20001f80 l       .text  00000000 
20001f80 l       .text  00000000 
20001fa0 l       .text  00000000 
20001fa0 l       .text  00000000 
20001fa4 l       .text  00000000 
20001fa4 l       .text  00000000 
20001fa6 l       .text  00000000 
20001fa6 l       .text  00000000 
20001faa l       .text  00000000 
20001fae l       .text  00000000 
000002fc l     O .logs.fields   00000014 alert_handler_testutils_configure_all.kLogFields.40
20001fb0 l       .text  00000000 
20001fc4 l       .text  00000000 
20001fc4 l       .text  00000000 
20001fe4 l       .text  00000000 
20001fe4 l       .text  00000000 
20001fe8 l       .text  00000000 
20001fe8 l       .text  00000000 
20001fea l       .text  00000000 
20001fea l       .text  00000000 
20001fee l       .text  00000000 
20001ff2 l       .text  00000000 
00000310 l     O .logs.fields   00000014 alert_handler_testutils_configure_all.kLogFields.44
20001ff4 l       .text  00000000 
20002008 l       .text  00000000 
20002008 l       .text  00000000 
20002028 l       .text  00000000 
20002028 l       .text  00000000 
2000202c l       .text  00000000 
2000202c l       .text  00000000 
2000202e l       .text  00000000 
2000202e l       .text  00000000 
20002044 l       .text  00000000 
20002044 l       .text  00000000 
20002046 l       .text  00000000 
20002048 l       .text  00000000 
20002048 l       .text  00000000 
20002058 l       .text  00000000 
20002058 l       .text  00000000 
2000205e l       .text  00000000 
20002060 l       .text  00000000 
20002060 l       .text  00000000 
20002064 l       .text  00000000 
20002064 l       .text  00000000 
20002066 l       .text  00000000 
20002066 l       .text  00000000 
20002068 l       .text  00000000 
20002068 l       .text  00000000 
2000206c l       .text  00000000 
20002070 l       .text  00000000 
20002070 l       .text  00000000 
20002074 l       .text  00000000 
2000207a l       .text  00000000 
2000207a l       .text  00000000 
20002080 l       .text  00000000 
20002080 l       .text  00000000 
20002084 l       .text  00000000 
20002084 l       .text  00000000 
20002096 l       .text  00000000 
20002ea0 l     F .text  0000000c OUTLINED_FUNCTION_4
20002096 l       .text  00000000 
2000209e l       .text  00000000 
2000209e l       .text  00000000 
200020ae l       .text  00000000 
200020ae l       .text  00000000 
200020b2 l       .text  00000000 
200020b2 l       .text  00000000 
200020b4 l       .text  00000000 
200020b6 l       .text  00000000 
200020b6 l       .text  00000000 
200020cc l       .text  00000000 
200020cc l       .text  00000000 
200020d0 l       .text  00000000 
200020d0 l       .text  00000000 
200020e6 l       .text  00000000 
200020e6 l       .text  00000000 
200020ea l       .text  00000000 
200020ea l       .text  00000000 
200020ec l       .text  00000000 
200020ec l       .text  00000000 
200020f0 l       .text  00000000 
200020f4 l       .text  00000000 
200020f6 l       .text  00000000 
200020fe l       .text  00000000 
200020fe l       .text  00000000 
20002124 l       .text  00000000 
20002124 l       .text  00000000 
2000212a l       .text  00000000 
2000212e l       .text  00000000 
2000214e l       .text  00000000 
2000214e l       .text  00000000 
20002150 l       .text  00000000 
20002150 l       .text  00000000 
20002156 l       .text  00000000 
2000215c l       .text  00000000 
2000215c l       .text  00000000 
20002160 l       .text  00000000 
20002160 l       .text  00000000 
20002164 l       .text  00000000 
20002164 l       .text  00000000 
2000216a l       .text  00000000 
2000216a l       .text  00000000 
2000216c l       .text  00000000 
2000216e l       .text  00000000 
20002170 l       .text  00000000 
20002172 l       .text  00000000 
20002172 l       .text  00000000 
2000217a l       .text  00000000 
2000217a l       .text  00000000 
2000217c l       .text  00000000 
2000218a l       .text  00000000 
2000218a l       .text  00000000 
20002190 l       .text  00000000 
20002190 l       .text  00000000 
20002194 l       .text  00000000 
20002194 l       .text  00000000 
20002198 l       .text  00000000 
20002198 l       .text  00000000 
2000219c l       .text  00000000 
2000219c l       .text  00000000 
200021a4 l       .text  00000000 
200021aa l       .text  00000000 
200021ae l       .text  00000000 
200021b0 l       .text  00000000 
200021b4 l       .text  00000000 
200021b6 l       .text  00000000 
200021e2 l       .text  00000000 
200021e2 l       .text  00000000 
200021e4 l       .text  00000000 
200021e8 l       .text  00000000 
200021e8 l       .text  00000000 
200021ec l       .text  00000000 
200021ec l       .text  00000000 
200021f0 l       .text  00000000 
200021f0 l       .text  00000000 
200021f6 l       .text  00000000 
200021f6 l       .text  00000000 
200021fa l       .text  00000000 
200021fe l       .text  00000000 
200021fe l       .text  00000000 
20002200 l       .text  00000000 
20002204 l       .text  00000000 
2000221c l       .text  00000000 
2000221c l       .text  00000000 
20002224 l       .text  00000000 
20002224 l       .text  00000000 
20002228 l       .text  00000000 
2000222c l       .text  00000000 
2000222c l       .text  00000000 
20002230 l       .text  00000000 
20002230 l       .text  00000000 
20002234 l       .text  00000000 
20002234 l       .text  00000000 
20002236 l       .text  00000000 
20002236 l       .text  00000000 
2000223a l       .text  00000000 
2000223a l       .text  00000000 
2000223c l       .text  00000000 
20002240 l       .text  00000000 
20002240 l       .text  00000000 
20002244 l       .text  00000000 
20002244 l       .text  00000000 
20002246 l       .text  00000000 
20002246 l       .text  00000000 
20002248 l       .text  00000000 
2000224a l       .text  00000000 
2000224e l       .text  00000000 
2000224e l       .text  00000000 
20002254 l       .text  00000000 
2000225a l       .text  00000000 
2000225e l       .text  00000000 
2000225e l       .text  00000000 
20002262 l       .text  00000000 
20002262 l       .text  00000000 
20002264 l       .text  00000000 
20002268 l       .text  00000000 
2000226c l       .text  00000000 
2000226c l       .text  00000000 
20002270 l       .text  00000000 
20002274 l       .text  00000000 
20002274 l       .text  00000000 
20002278 l       .text  00000000 
20002288 l       .text  00000000 
2000228a l       .text  00000000 
2000228a l       .text  00000000 
2000228c l       .text  00000000 
2000228e l       .text  00000000 
20002292 l       .text  00000000 
20002292 l       .text  00000000 
20002294 l       .text  00000000 
20002294 l       .text  00000000 
20002296 l       .text  00000000 
20002298 l       .text  00000000 
2000229c l       .text  00000000 
2000229c l       .text  00000000 
2000229e l       .text  00000000 
2000229e l       .text  00000000 
200022a0 l       .text  00000000 
200022a2 l       .text  00000000 
200022a4 l       .text  00000000 
200022a4 l       .text  00000000 
200022a6 l       .text  00000000 
200022aa l       .text  00000000 
200022ae l       .text  00000000 
200022ae l       .text  00000000 
200022b0 l       .text  00000000 
200022b0 l       .text  00000000 
200022b6 l       .text  00000000 
200022b8 l       .text  00000000 
200022b8 l       .text  00000000 
200022bc l       .text  00000000 
200022be l       .text  00000000 
200022c2 l       .text  00000000 
200022c4 l       .text  00000000 
200022c4 l       .text  00000000 
200022c6 l       .text  00000000 
200022c8 l       .text  00000000 
200022ca l       .text  00000000 
200022ce l       .text  00000000 
200022d0 l       .text  00000000 
200022d0 l       .text  00000000 
200022d2 l       .text  00000000 
200022d2 l       .text  00000000 
200022d4 l       .text  00000000 
200022d6 l       .text  00000000 
200022d8 l       .text  00000000 
200022dc l       .text  00000000 
200022de l       .text  00000000 
200022de l       .text  00000000 
200022e0 l       .text  00000000 
200022e2 l       .text  00000000 
200022e2 l       .text  00000000 
200022e6 l       .text  00000000 
200022e8 l       .text  00000000 
200022ec l       .text  00000000 
200022f0 l       .text  00000000 
200022f0 l       .text  00000000 
200022f2 l       .text  00000000 
200022f2 l       .text  00000000 
200022f6 l       .text  00000000 
200022f6 l       .text  00000000 
20002308 l       .text  00000000 
20002308 l       .text  00000000 
20002310 l       .text  00000000 
20002310 l       .text  00000000 
20002326 l       .text  00000000 
20002326 l       .text  00000000 
20002328 l       .text  00000000 
20002328 l       .text  00000000 
2000232c l       .text  00000000 
2000232c l       .text  00000000 
2000232e l       .text  00000000 
20002330 l       .text  00000000 
20002330 l       .text  00000000 
2000234c l       .text  00000000 
2000234c l       .text  00000000 
20002350 l       .text  00000000 
20002350 l       .text  00000000 
20002352 l       .text  00000000 
20002352 l       .text  00000000 
20002356 l       .text  00000000 
2000235a l       .text  00000000 
20002362 l       .text  00000000 
20002362 l       .text  00000000 
20002364 l       .text  00000000 
20002366 l       .text  00000000 
20002366 l       .text  00000000 
20002374 l       .text  00000000 
20002374 l       .text  00000000 
20002376 l       .text  00000000 
20002378 l       .text  00000000 
20002378 l       .text  00000000 
20002386 l       .text  00000000 
20002386 l       .text  00000000 
20002388 l       .text  00000000 
2000238a l       .text  00000000 
2000238a l       .text  00000000 
20002398 l       .text  00000000 
20002398 l       .text  00000000 
2000239c l       .text  00000000 
2000239c l       .text  00000000 
2000239e l       .text  00000000 
2000239e l       .text  00000000 
200023a0 l       .text  00000000 
200023a6 l       .text  00000000 
200023a6 l       .text  00000000 
200023a8 l       .text  00000000 
200023ac l       .text  00000000 
200023ac l       .text  00000000 
200023ae l       .text  00000000 
200023b2 l       .text  00000000 
200023b2 l       .text  00000000 
200023b4 l       .text  00000000 
200023b6 l       .text  00000000 
200023b6 l       .text  00000000 
200023c4 l       .text  00000000 
200023c4 l       .text  00000000 
200023c6 l       .text  00000000 
200023c8 l       .text  00000000 
200023c8 l       .text  00000000 
200023d6 l       .text  00000000 
200023d6 l       .text  00000000 
200023d8 l       .text  00000000 
200023da l       .text  00000000 
200023da l       .text  00000000 
200023e8 l       .text  00000000 
200023e8 l       .text  00000000 
200023ee l       .text  00000000 
200023ee l       .text  00000000 
200023f2 l       .text  00000000 
200023f2 l       .text  00000000 
20002404 l       .text  00000000 
20002404 l       .text  00000000 
2000240c l       .text  00000000 
2000240c l       .text  00000000 
2000242a l       .text  00000000 
2000242a l       .text  00000000 
2000242e l       .text  00000000 
2000242e l       .text  00000000 
20002432 l       .text  00000000 
20002432 l       .text  00000000 
20002434 l       .text  00000000 
20002434 l       .text  00000000 
20002438 l       .text  00000000 
20002438 l       .text  00000000 
2000243a l       .text  00000000 
20002e68 l     F .text  00000010 OUTLINED_FUNCTION_1
2000243a l       .text  00000000 
20002442 l       .text  00000000 
20002442 l       .text  00000000 
2000244a l       .text  00000000 
2000244a l       .text  00000000 
20002452 l       .text  00000000 
20002452 l       .text  00000000 
20002468 l       .text  00000000 
20002468 l       .text  00000000 
2000246c l       .text  00000000 
2000246c l       .text  00000000 
20002474 l       .text  00000000 
20002474 l       .text  00000000 
2000247c l       .text  00000000 
2000247c l       .text  00000000 
20002484 l       .text  00000000 
20002484 l       .text  00000000 
2000249a l       .text  00000000 
2000249a l       .text  00000000 
2000249e l       .text  00000000 
2000249e l       .text  00000000 
200024a4 l       .text  00000000 
200024a4 l       .text  00000000 
200024a8 l       .text  00000000 
200024a8 l       .text  00000000 
200024b0 l       .text  00000000 
200024b0 l       .text  00000000 
200024b8 l       .text  00000000 
200024b8 l       .text  00000000 
200024c0 l       .text  00000000 
200024c0 l       .text  00000000 
200024d6 l       .text  00000000 
200024d6 l       .text  00000000 
200024da l       .text  00000000 
200024da l       .text  00000000 
200024de l       .text  00000000 
200024de l       .text  00000000 
200024e0 l       .text  00000000 
200024e0 l       .text  00000000 
200024e4 l       .text  00000000 
200024e4 l       .text  00000000 
200024e6 l       .text  00000000 
200024e6 l       .text  00000000 
200024ee l       .text  00000000 
200024ee l       .text  00000000 
200024f6 l       .text  00000000 
200024f6 l       .text  00000000 
200024fe l       .text  00000000 
200024fe l       .text  00000000 
20002514 l       .text  00000000 
20002514 l       .text  00000000 
20002518 l       .text  00000000 
20002518 l       .text  00000000 
2000251c l       .text  00000000 
2000251c l       .text  00000000 
20002520 l       .text  00000000 
20002520 l       .text  00000000 
20002528 l       .text  00000000 
20002528 l       .text  00000000 
20002530 l       .text  00000000 
20002530 l       .text  00000000 
20002538 l       .text  00000000 
20002538 l       .text  00000000 
2000254e l       .text  00000000 
2000254e l       .text  00000000 
20002552 l       .text  00000000 
20002552 l       .text  00000000 
20002554 l       .text  00000000 
20002554 l       .text  00000000 
2000255c l       .text  00000000 
2000255c l       .text  00000000 
20002560 l       .text  00000000 
20002564 l       .text  00000000 
20002566 l       .text  00000000 
20002568 l       .text  00000000 
20002568 l       .text  00000000 
20002574 l       .text  00000000 
20002574 l       .text  00000000 
2000257e l       .text  00000000 
20002596 l       .text  00000000 
2000259a l       .text  00000000 
2000259a l       .text  00000000 
200025b0 l       .text  00000000 
200025b0 l       .text  00000000 
200025b2 l       .text  00000000 
200025b2 l       .text  00000000 
200025b6 l       .text  00000000 
200025ba l       .text  00000000 
200025bc l       .text  00000000 
200025c2 l       .text  00000000 
200025c2 l       .text  00000000 
200025c4 l       .text  00000000 
200025c6 l       .text  00000000 
200025e8 l       .text  00000000 
200025e8 l       .text  00000000 
200025ea l       .text  00000000 
200025ec l       .text  00000000 
200025ec l       .text  00000000 
200025fa l       .text  00000000 
200025fa l       .text  00000000 
200025fc l       .text  00000000 
200025fe l       .text  00000000 
200025fe l       .text  00000000 
2000260c l       .text  00000000 
2000260c l       .text  00000000 
2000260e l       .text  00000000 
20002610 l       .text  00000000 
20002610 l       .text  00000000 
2000261e l       .text  00000000 
2000261e l       .text  00000000 
20002620 l       .text  00000000 
20002622 l       .text  00000000 
20002622 l       .text  00000000 
20002630 l       .text  00000000 
20002630 l       .text  00000000 
20002632 l       .text  00000000 
20002634 l       .text  00000000 
20002634 l       .text  00000000 
20002640 l       .text  00000000 
20002640 l       .text  00000000 
2000264a l       .text  00000000 
20002662 l       .text  00000000 
20002662 l       .text  00000000 
20002662 l       .text  00000000 
20002662 l       .text  00000000 
20002662 l       .text  00000000 
20002664 l       .text  00000000 
2000266a l       .text  00000000 
20002670 l       .text  00000000 
20002674 l       .text  00000000 
20002676 l       .text  00000000 
2000267a l       .text  00000000 
2000267e l       .text  00000000 
00000360 l     O .logs.fields   00000014 test_status_set.kLogFields.5
2000269c l       .text  00000000 
2000269c l       .text  00000000 
200026a0 l       .text  00000000 
200026a0 l       .text  00000000 
200026a4 l       .text  00000000 
200026a4 l       .text  00000000 
200026a8 l       .text  00000000 
200026aa l       .text  00000000 
200026ae l       .text  00000000 
200026ae l       .text  00000000 
200026b2 l       .text  00000000 
0000034c l     O .logs.fields   00000014 test_status_set.kLogFields.2
200026c0 l       .text  00000000 
200026c0 l       .text  00000000 
00000338 l     O .logs.fields   00000014 test_status_set.kLogFields
200026d0 l       .text  00000000 
200026d0 l       .text  00000000 
200026dc l       .text  00000000 
200026ec l       .text  00000000 
200026ec l       .text  00000000 
200026ec l       .text  00000000 
200026ec l       .text  00000000 
200026ec l       .text  00000000 
200026ec l       .text  00000000 
200026ee l       .text  00000000 
200026fe l       .text  00000000 
200026fe l       .text  00000000 
20002704 l       .text  00000000 
20002704 l       .text  00000000 
20002706 l       .text  00000000 
20002706 l       .text  00000000 
20002708 l       .text  00000000 
20002708 l       .text  00000000 
2000270a l       .text  00000000 
2000270a l       .text  00000000 
20002710 l       .text  00000000 
20002710 l       .text  00000000 
20002714 l       .text  00000000 
20002714 l       .text  00000000 
20002716 l       .text  00000000 
20002718 l       .text  00000000 
2000271a l       .text  00000000 
2000271a l       .text  00000000 
2000271e l       .text  00000000 
2000271e l       .text  00000000 
2000271e l     F .text  00000004 base_dev_null
2000271e l       .text  00000000 
2000271e l       .text  00000000 
2000271e l       .text  00000000 
20002720 l       .text  00000000 
20002720 l       .text  00000000 
20002722 l       .text  00000000 
20002722 l       .text  00000000 
20002722 l       .text  00000000 
20002722 l       .text  00000000 
20002722 l       .text  00000000 
20002724 l       .text  00000000 
20002730 l       .text  00000000 
20002732 l       .text  00000000 
20002742 l       .text  00000000 
20002744 l       .text  00000000 
20002746 l       .text  00000000 
20002746 l       .text  00000000 
20002748 l       .text  00000000 
20002748 l       .text  00000000 
20002754 l       .text  00000000 
20002754 l       .text  00000000 
20002758 l       .text  00000000 
2000275c l       .text  00000000 
2000275e l       .text  00000000 
2000275e l       .text  00000000 
20002766 l       .text  00000000 
2000276e l       .text  00000000 
20002770 l       .text  00000000 
20002778 l       .text  00000000 
2000277a l       .text  00000000 
2000277c l       .text  00000000 
2000277e l       .text  00000000 
20002784 l       .text  00000000 
20002784 l       .text  00000000 
20002788 l       .text  00000000 
20002790 l       .text  00000000 
20002796 l       .text  00000000 
2000279e l       .text  00000000 
200027a0 l       .text  00000000 
200027a0 l       .text  00000000 
200027a4 l       .text  00000000 
200027a8 l       .text  00000000 
200027b8 l       .text  00000000 
200027ba l       .text  00000000 
200027be l       .text  00000000 
200027c2 l       .text  00000000 
200027cc l       .text  00000000 
200027d4 l       .text  00000000 
200027d4 l       .text  00000000 
200027dc l       .text  00000000 
200027e0 l       .text  00000000 
200027e0 l       .text  00000000 
200027e4 l       .text  00000000 
200027e4 l       .text  00000000 
200027e6 l       .text  00000000 
200027ec l       .text  00000000 
200027f0 l       .text  00000000 
200027f0 l       .text  00000000 
200027f4 l       .text  00000000 
200027f8 l       .text  00000000 
200027fc l       .text  00000000 
20002800 l       .text  00000000 
2000280c l       .text  00000000 
2000280c l       .text  00000000 
20002810 l       .text  00000000 
2000281a l       .text  00000000 
2000281a l       .text  00000000 
20002822 l       .text  00000000 
20002822 l       .text  00000000 
20003f8c l     O .rodata        00000010 kDigitsLow
20002834 l       .text  00000000 
20002834 l       .text  00000000 
20002838 l       .text  00000000 
20002848 l       .text  00000000 
2000284c l       .text  00000000 
2000284c l       .text  00000000 
20002856 l       .text  00000000 
20002856 l       .text  00000000 
2000285e l       .text  00000000 
2000285e l       .text  00000000 
20003f9c l     O .rodata        00000010 kDigitsHigh
20002870 l       .text  00000000 
20002870 l       .text  00000000 
2000287a l       .text  00000000 
2000287a l       .text  00000000 
2000288c l       .text  00000000 
2000288c l       .text  00000000 
20002890 l       .text  00000000 
2000289a l       .text  00000000 
2000289a l       .text  00000000 
200028a2 l       .text  00000000 
200028a2 l       .text  00000000 
200028b4 l       .text  00000000 
200028b4 l       .text  00000000 
200028bc l       .text  00000000 
200028c0 l       .text  00000000 
200028c2 l       .text  00000000 
200028c2 l       .text  00000000 
200028d6 l       .text  00000000 
200028d6 l       .text  00000000 
200028da l       .text  00000000 
200028e0 l       .text  00000000 
200028e2 l       .text  00000000 
200028e2 l       .text  00000000 
200028e6 l       .text  00000000 
200028f0 l       .text  00000000 
200028f0 l       .text  00000000 
20002904 l       .text  00000000 
20002904 l       .text  00000000 
20002908 l       .text  00000000 
20002912 l       .text  00000000 
20002912 l       .text  00000000 
20002924 l       .text  00000000 
20002928 l       .text  00000000 
20002aa6 l     F .text  00000068 write_digits
20002934 l       .text  00000000 
20002934 l       .text  00000000 
20002936 l       .text  00000000 
20002936 l       .text  00000000 
20002940 l       .text  00000000 
20002940 l       .text  00000000 
2000294c l       .text  00000000 
20002950 l       .text  00000000 
20002954 l       .text  00000000 
20002958 l       .text  00000000 
20002958 l       .text  00000000 
2000295a l       .text  00000000 
2000295c l       .text  00000000 
20002960 l       .text  00000000 
20002960 l       .text  00000000 
20002962 l       .text  00000000 
20002962 l       .text  00000000 
20002964 l       .text  00000000 
20003fac l     O .rodata        00000084 status_codes
20002974 l       .text  00000000 
20002974 l       .text  00000000 
20002978 l       .text  00000000 
2000297a l       .text  00000000 
2000297c l       .text  00000000 
2000297e l       .text  00000000 
20002980 l       .text  00000000 
20002980 l       .text  00000000 
20002982 l       .text  00000000 
20002982 l       .text  00000000 
20002984 l       .text  00000000 
20002984 l       .text  00000000 
20002986 l       .text  00000000 
20002986 l       .text  00000000 
2000298e l       .text  00000000 
20002998 l       .text  00000000 
20002998 l       .text  00000000 
200029a0 l       .text  00000000 
200029a4 l       .text  00000000 
200029a4 l       .text  00000000 
200029a8 l       .text  00000000 
200029aa l       .text  00000000 
200029aa l       .text  00000000 
200029ae l       .text  00000000 
200029b8 l       .text  00000000 
200029b8 l       .text  00000000 
200029c8 l       .text  00000000 
200029c8 l       .text  00000000 
200029cc l       .text  00000000 
200029d0 l       .text  00000000 
200029d0 l       .text  00000000 
200029da l       .text  00000000 
200029da l       .text  00000000 
200029e2 l       .text  00000000 
200029e2 l       .text  00000000 
200029f2 l       .text  00000000 
200029f2 l       .text  00000000 
200029f6 l       .text  00000000 
200029f6 l       .text  00000000 
20002a00 l       .text  00000000 
20002a00 l       .text  00000000 
20002a10 l       .text  00000000 
20002a10 l       .text  00000000 
20002a16 l       .text  00000000 
20002a18 l       .text  00000000 
20002a20 l       .text  00000000 
20002a22 l       .text  00000000 
20002a22 l       .text  00000000 
20002a26 l       .text  00000000 
20002a30 l       .text  00000000 
20002a30 l       .text  00000000 
20002a38 l       .text  00000000 
20002a38 l       .text  00000000 
20002a48 l       .text  00000000 
20002a48 l       .text  00000000 
20002b0e l     F .text  000000dc hex_dump
20002a54 l       .text  00000000 
20002a56 l       .text  00000000 
20002a56 l       .text  00000000 
20002a5e l       .text  00000000 
20002a5e l       .text  00000000 
20002a62 l       .text  00000000 
20002a62 l       .text  00000000 
20002a64 l       .text  00000000 
20002a64 l       .text  00000000 
20002a68 l       .text  00000000 
20002a68 l       .text  00000000 
20002a6a l       .text  00000000 
20002a6a l       .text  00000000 
20002a6e l       .text  00000000 
20002a74 l       .text  00000000 
20002a74 l       .text  00000000 
20002a7c l       .text  00000000 
20002a84 l       .text  00000000 
20002a94 l       .text  00000000 
20002a96 l       .text  00000000 
20002a96 l       .text  00000000 
20002aa2 l       .text  00000000 
20002aa6 l       .text  00000000 
20002aa6 l       .text  00000000 
20002aa6 l       .text  00000000 
20002aa6 l       .text  00000000 
20002aa6 l       .text  00000000 
20002aa8 l       .text  00000000 
20002aaa l       .text  00000000 
20002aac l       .text  00000000 
20002aae l       .text  00000000 
20002aae l       .text  00000000 
20002ab0 l       .text  00000000 
20002ab4 l       .text  00000000 
20002ab8 l       .text  00000000 
20002abe l       .text  00000000 
20002abe l       .text  00000000 
20002ac0 l       .text  00000000 
20002ac6 l       .text  00000000 
20002aca l       .text  00000000 
20002ace l       .text  00000000 
20002ace l       .text  00000000 
20002ad2 l       .text  00000000 
20002ad2 l       .text  00000000 
20002ad6 l       .text  00000000 
20002ad6 l       .text  00000000 
20002ade l       .text  00000000 
20002ae4 l       .text  00000000 
20002ae6 l       .text  00000000 
20002ae6 l       .text  00000000 
20002aea l       .text  00000000 
20002aea l       .text  00000000 
20002aec l       .text  00000000 
20002aee l       .text  00000000 
20002af0 l       .text  00000000 
20002af4 l       .text  00000000 
20002af8 l       .text  00000000 
20002afa l       .text  00000000 
20002b00 l       .text  00000000 
20002b02 l       .text  00000000 
20002b06 l       .text  00000000 
20002b06 l       .text  00000000 
20002b08 l       .text  00000000 
20002b08 l       .text  00000000 
20002b0a l       .text  00000000 
20002b0e l       .text  00000000 
20002b0e l       .text  00000000 
20002b0e l       .text  00000000 
20002b0e l       .text  00000000 
20002b0e l       .text  00000000 
20002b10 l       .text  00000000 
20002b28 l       .text  00000000 
20002b2a l       .text  00000000 
20002b2c l       .text  00000000 
20002b2e l       .text  00000000 
20002b30 l       .text  00000000 
20002b34 l       .text  00000000 
20002b34 l       .text  00000000 
20002b38 l       .text  00000000 
20002b3c l       .text  00000000 
20002b3c l       .text  00000000 
20002b50 l       .text  00000000 
20002b50 l       .text  00000000 
20002b52 l       .text  00000000 
20002b52 l       .text  00000000 
20002b54 l       .text  00000000 
20002b54 l       .text  00000000 
20002b58 l       .text  00000000 
20002b58 l       .text  00000000 
20002b60 l       .text  00000000 
20002b60 l       .text  00000000 
20002b62 l       .text  00000000 
20002b64 l       .text  00000000 
20002b68 l       .text  00000000 
20002b6a l       .text  00000000 
20002b6e l       .text  00000000 
20002b6e l       .text  00000000 
20002b70 l       .text  00000000 
20002b70 l       .text  00000000 
20002b74 l       .text  00000000 
20002b7a l       .text  00000000 
20002b7a l       .text  00000000 
20002b7e l       .text  00000000 
20002b80 l       .text  00000000 
20002b80 l       .text  00000000 
20002b82 l       .text  00000000 
20002b8a l       .text  00000000 
20002b90 l       .text  00000000 
20002b94 l       .text  00000000 
20002b98 l       .text  00000000 
20002b9a l       .text  00000000 
20002ba0 l       .text  00000000 
20002ba2 l       .text  00000000 
20002ba6 l       .text  00000000 
20002baa l       .text  00000000 
20002bac l       .text  00000000 
20002bb2 l       .text  00000000 
20002bb6 l       .text  00000000 
20002bb6 l       .text  00000000 
20002bb8 l       .text  00000000 
20002bba l       .text  00000000 
20002bba l       .text  00000000 
20002bbc l       .text  00000000 
20002bc2 l       .text  00000000 
20002bc2 l       .text  00000000 
20002bc4 l       .text  00000000 
20002bca l       .text  00000000 
20002bca l       .text  00000000 
20002bcc l       .text  00000000 
20002bd6 l       .text  00000000 
20002bd8 l       .text  00000000 
20002bda l       .text  00000000 
20002bdc l       .text  00000000 
20002be0 l       .text  00000000 
20002be6 l       .text  00000000 
20002be6 l       .text  00000000 
20002bea l       .text  00000000 
20002bea l       .text  00000000 
20002bea l       .text  00000000 
20002bea l       .text  00000000 
20002bea l       .text  00000000 
20002bec l       .text  00000000 
20002bec l       .text  00000000 
20002bee l       .text  00000000 
20002bf0 l       .text  00000000 
20002bf2 l       .text  00000000 
20002bf2 l       .text  00000000 
20002bf6 l       .text  00000000 
20002bf8 l       .text  00000000 
20002bfa l       .text  00000000 
20002bfc l       .text  00000000 
20002bfc l       .text  00000000 
20002c00 l       .text  00000000 
20002c04 l       .text  00000000 
20002c08 l       .text  00000000 
20002c14 l       .text  00000000 
20002c16 l       .text  00000000 
20002c1a l       .text  00000000 
20002c1a l       .text  00000000 
20002c1e l       .text  00000000 
20002c26 l       .text  00000000 
20002c28 l       .text  00000000 
20002c28 l       .text  00000000 
20002c2c l       .text  00000000 
20002c42 l       .text  00000000 
20002c42 l       .text  00000000 
20002c4a l       .text  00000000 
20002c4a l       .text  00000000 
20002c4e l       .text  00000000 
20002c4e l       .text  00000000 
20002c62 l       .text  00000000 
20002c64 l       .text  00000000 
20002c6a l       .text  00000000 
20002c6a l       .text  00000000 
20002c6e l       .text  00000000 
20002c72 l       .text  00000000 
20002c72 l       .text  00000000 
20002c82 l       .text  00000000 
20002c84 l       .text  00000000 
20002c8a l       .text  00000000 
20002c8a l       .text  00000000 
20002c92 l       .text  00000000 
20002c92 l       .text  00000000 
20002cac l       .text  00000000 
20002cac l       .text  00000000 
20002cb0 l       .text  00000000 
20002cb2 l       .text  00000000 
20002cb2 l       .text  00000000 
20002cb6 l       .text  00000000 
20002cb8 l       .text  00000000 
20002cba l       .text  00000000 
20002cba l       .text  00000000 
20002cbc l       .text  00000000 
20002cc0 l       .text  00000000 
20002cc0 l       .text  00000000 
20002cc2 l       .text  00000000 
20002cc2 l       .text  00000000 
20002cc4 l       .text  00000000 
20002cc8 l       .text  00000000 
20002cc8 l       .text  00000000 
20002cca l       .text  00000000 
20002cca l       .text  00000000 
20002cd2 l       .text  00000000 
20002cd2 l       .text  00000000 
20002cd6 l       .text  00000000 
20002cd6 l       .text  00000000 
20002cd6 l       .text  00000000 
20002cd6 l       .text  00000000 
20002cd6 l       .text  00000000 
20002cd6 l       .text  00000000 
20002cde l       .text  00000000 
20002ce2 l       .text  00000000 
20002ce2 l       .text  00000000 
20002ce6 l       .text  00000000 
20002ce6 l       .text  00000000 
20002cea l       .text  00000000 
20002cea l       .text  00000000 
20002cf0 l       .text  00000000 
20002cf2 l       .text  00000000 
20002cf2 l       .text  00000000 
20002cfc l       .text  00000000 
20002cfc l       .text  00000000 
20002d00 l       .text  00000000 
20002d04 l       .text  00000000 
20002d04 l       .text  00000000 
20002d0a l       .text  00000000 
20002d0a l       .text  00000000 
20002d0e l       .text  00000000 
20002d0e l       .text  00000000 
20002d12 l       .text  00000000 
20002d16 l       .text  00000000 
20002d16 l       .text  00000000 
20002d18 l       .text  00000000 
20002d1c l       .text  00000000 
20002d1c l       .text  00000000 
20002d20 l       .text  00000000 
20002d20 l       .text  00000000 
20002d22 l       .text  00000000 
20002d22 l       .text  00000000 
20002d26 l       .text  00000000 
20002d26 l       .text  00000000 
20002d2a l       .text  00000000 
20002d2a l       .text  00000000 
20002d2c l       .text  00000000 
20002d2c l       .text  00000000 
20002d30 l       .text  00000000 
20002d30 l       .text  00000000 
20002d32 l       .text  00000000 
20002d32 l       .text  00000000 
20002d34 l       .text  00000000 
20002d3a l       .text  00000000 
20002d3a l       .text  00000000 
20002d42 l       .text  00000000 
20002d46 l       .text  00000000 
20002d4a l       .text  00000000 
20002d4c l       .text  00000000 
20002d50 l       .text  00000000 
20002d50 l       .text  00000000 
20002d52 l       .text  00000000 
20002d52 l       .text  00000000 
20002d52 l       .text  00000000 
20002d52 l       .text  00000000 
20002d52 l       .text  00000000 
20002d56 l       .text  00000000 
20002d56 l       .text  00000000 
20002d5a l       .text  00000000 
20002d5a l       .text  00000000 
20002d62 l       .text  00000000 
20002d62 l       .text  00000000 
20002d66 l       .text  00000000 
20002d66 l       .text  00000000 
20002d6a l       .text  00000000 
20002d6a l       .text  00000000 
20002d6c l       .text  00000000 
20002d6c l       .text  00000000 
20002d70 l       .text  00000000 
20002d70 l       .text  00000000 
20002d72 l       .text  00000000 
20002d74 l       .text  00000000 
20002d74 l       .text  00000000 
20002d76 l       .text  00000000 
20002d76 l       .text  00000000 
20002d7a l       .text  00000000 
20002d7a l       .text  00000000 
20002d7e l       .text  00000000 
20002d7e l       .text  00000000 
20002d82 l       .text  00000000 
20002d82 l       .text  00000000 
20002d8a l       .text  00000000 
20002d8e l       .text  00000000 
20002d8e l       .text  00000000 
20002d92 l       .text  00000000 
20002d92 l       .text  00000000 
20002d96 l       .text  00000000 
20002d96 l       .text  00000000 
20002d98 l       .text  00000000 
20002d98 l       .text  00000000 
20002d9a l       .text  00000000 
20002da0 l       .text  00000000 
20002da4 l       .text  00000000 
20002da8 l       .text  00000000 
20002daa l       .text  00000000 
20002dae l       .text  00000000 
20002db0 l       .text  00000000 
20002db0 l       .text  00000000 
20002db0 l       .text  00000000 
20002db0 l       .text  00000000 
20002db0 l       .text  00000000 
20002db4 l       .text  00000000 
20002db4 l       .text  00000000 
20002db8 l       .text  00000000 
20002db8 l       .text  00000000 
20002dc6 l       .text  00000000 
20002dca l       .text  00000000 
20002dca l       .text  00000000 
20002dd6 l       .text  00000000 
20002dd6 l       .text  00000000 
20002dda l       .text  00000000 
20002ddc l       .text  00000000 
20002de0 l       .text  00000000 
20002de0 l       .text  00000000 
20002de6 l       .text  00000000 
20002de6 l       .text  00000000 
20002de8 l       .text  00000000 
20002dec l       .text  00000000 
20002df0 l       .text  00000000 
20002df4 l       .text  00000000 
20002df4 l       .text  00000000 
20002df6 l       .text  00000000 
20002dfe l       .text  00000000 
20002dfe l       .text  00000000 
20002e02 l       .text  00000000 
20002e02 l       .text  00000000 
20002e04 l       .text  00000000 
20002e04 l       .text  00000000 
20002e08 l       .text  00000000 
20002e08 l       .text  00000000 
20002e0a l       .text  00000000 
20002e0a l       .text  00000000 
20002e0e l       .text  00000000 
20002e0e l       .text  00000000 
20002e10 l       .text  00000000 
20002e10 l       .text  00000000 
20002e14 l       .text  00000000 
20002e14 l       .text  00000000 
20002e18 l       .text  00000000 
20002e18 l       .text  00000000 
20002e1c l       .text  00000000 
20002e1c l       .text  00000000 
20002e20 l       .text  00000000 
20002e22 l       .text  00000000 
20002e28 l       .text  00000000 
20002e30 l       .text  00000000 
20002e38 l       .text  00000000 
20002e3c l       .text  00000000 
20002e3e l       .text  00000000 
20002e42 l       .text  00000000 
20002e46 l       .text  00000000 
20002e48 l       .text  00000000 
20002e48 l       .text  00000000 
20002e4a l       .text  00000000 
20002e4a l       .text  00000000 
20002e4e l       .text  00000000 
20002e4e l       .text  00000000 
20002e50 l       .text  00000000 
20002e50 l       .text  00000000 
20002e50 l       .text  00000000 
20002e50 l       .text  00000000 
20002e50 l       .text  00000000 
20002e50 l       .text  00000000 
20002e54 l       .text  00000000 
20002e54 l       .text  00000000 
20002e56 l       .text  00000000 
20002e56 l       .text  00000000 
20002e56 l       .text  00000000 
20002e56 l       .text  00000000 
20002e68 l       .text  00000000 
20002e68 l       .text  00000000 
20002e68 l       .text  00000000 
20002e68 l       .text  00000000 
20002e78 l       .text  00000000 
20002e78 l       .text  00000000 
20002e78 l       .text  00000000 
20002e78 l       .text  00000000 
20002e86 l       .text  00000000 
20002e86 l       .text  00000000 
20002e86 l       .text  00000000 
20002e86 l       .text  00000000 
20002ea0 l       .text  00000000 
20002ea0 l       .text  00000000 
20002ea0 l       .text  00000000 
20002ea0 l       .text  00000000 
20002eac l       .text  00000000 
20002eac l       .text  00000000 
20002eac l       .text  00000000 
20002eac l       .text  00000000 
20002ec4 l       .text  00000000 
20002ec4 l       .text  00000000 
00000000 l     O .ot.status_create_record       00000080 check_csrng_fuse_enabled.kOtStatusRecord
00000080 l     O .ot.status_create_record       00000080 csrng_testutils_seed_material_build.kOtStatusRecord
00000100 l     O .ot.status_create_record       00000080 csrng_testutils_cmd_ready_wait.kOtStatusRecord
00000180 l     O .ot.status_create_record       00000080 csrng_testutils_check_internal_state.kOtStatusRecord
00000200 l     O .ot.status_create_record       00000080 csrng_testutils_check_internal_state.kOtStatusRecord.13
00000280 l     O .ot.status_create_record       00000080 csrng_testutils_check_internal_state.kOtStatusRecord.17
00000300 l     O .ot.status_create_record       00000080 csrng_testutils_check_internal_state.kOtStatusRecord.21
00000380 l     O .ot.status_create_record       00000080 csrng_testutils_check_internal_state.kOtStatusRecord.25
00000400 l     O .ot.status_create_record       00000080 csrng_testutils_check_internal_state.kOtStatusRecord.29
00000480 l     O .ot.status_create_record       00000080 csrng_testutils_kat_generate.kOtStatusRecord
00000500 l     O .ot.status_create_record       00000080 csrng_testutils_cmd_status_check.kOtStatusRecord
00000580 l     O .ot.status_create_record       00000080 csrng_testutils_recoverable_alerts_check.kOtStatusRecord
00000600 l     O .ot.status_create_record       00000080 otp_ctrl_testutils_wait_for_dai.kOtStatusRecord
00000680 l     O .ot.status_create_record       00000080 otp_ctrl_testutils_dai_write32.kOtStatusRecord
00000700 l     O .ot.status_create_record       00000080 otp_ctrl_testutils_dai_write32.kOtStatusRecord.12
00000780 l     O .ot.status_create_record       00000080 otp_ctrl_testutils_dai_write64.kOtStatusRecord
00000800 l     O .ot.status_create_record       00000080 otp_ctrl_dai_write_error_check.kOtStatusRecord
00000880 l     O .ot.status_create_record       00000080 rstmgr_testutils_compare_alert_info.kOtStatusRecord
00000900 l     O .ot.status_create_record       00000080 rstmgr_testutils_compare_alert_info.kOtStatusRecord.9
00000980 l     O .ot.status_create_record       00000080 rstmgr_testutils_compare_cpu_info.kOtStatusRecord
00000a00 l     O .ot.status_create_record       00000080 rstmgr_testutils_compare_cpu_info.kOtStatusRecord.16
00000a80 l     O .ot.status_create_record       00000080 rstmgr_testutils_post_reset.kOtStatusRecord
00000b00 l     O .ot.status_create_record       00000080 _ottf_main.kOtStatusRecord
00000b80 l     O .ot.status_create_record       00000080 ottf_console_flush.kOtStatusRecord
00000c00 l     O .ot.status_create_record       00000080 ottf_console_null_getc.kOtStatusRecord
00000c80 l     O .ot.status_create_record       00000080 ottf_console_write_unbuffered.kOtStatusRecord
00000d00 l     O .ot.status_create_record       00000080 ottf_console_configure_uart.kOtStatusRecord
00000d80 l     O .ot.status_create_record       00000080 ottf_console_configure_uart.kOtStatusRecord.8
00000e00 l     O .ot.status_create_record       00000080 ottf_console_uart_flow_control_enable.kOtStatusRecord
00000e80 l     O .ot.status_create_record       00000080 ottf_console_uart_flow_control_isr.kOtStatusRecord
00000f00 l     O .ot.status_create_record       00000080 ottf_console_uart_flow_control.kOtStatusRecord
00000f80 l     O .ot.status_create_record       00000080 manage_flow_control.kOtStatusRecord
00001000 l     O .ot.status_create_record       00000080 ottf_console_spi_device_read.kOtStatusRecord
00001080 l     O .ot.status_create_record       00000080 spi_device_testutils_configure_read_pipeline.kOtStatusRecord
00001100 l     O .ot.status_create_record       00000080 spi_device_testutils_wait_for_upload.kOtStatusRecord
00001180 l     O .ot.status_create_record       00000080 spi_device_testutils_wait_for_upload.kOtStatusRecord.5
20000000 l     O .manifest      00000400 kManifest_
00001200 l     O .ot.status_create_record       00000080 ottf_alerts_expect_alert_start.kOtStatusRecord
00001280 l     O .ot.status_create_record       00000080 ottf_alerts_expect_alert_start.kOtStatusRecord.16
00001300 l     O .ot.status_create_record       00000080 ottf_alerts_expect_alert_finish.kOtStatusRecord
00001380 l     O .ot.status_create_record       00000080 ottf_alerts_expect_alert_finish.kOtStatusRecord.17
00001400 l     O .ot.status_create_record       00000080 ottf_alerts_expect_alert_finish.kOtStatusRecord.18
00001480 l     O .ot.status_create_record       00000080 alert_handler_testutils_info_parse.kOtStatusRecord
00001500 l     O .ot.status_create_record       00000080 alert_handler_testutils_info_parse.kOtStatusRecord.4
00001580 l     O .ot.status_create_record       00000080 alert_handler_testutils_configure_all.kOtStatusRecord
00001600 l     O .ot.status_create_record       00000080 alert_handler_testutils_configure_all.kOtStatusRecord.31
00001680 l     O .ot.status_create_record       00000080 alert_handler_testutils_configure_all.kOtStatusRecord.35
00001700 l     O .ot.status_create_record       00000080 alert_handler_testutils_configure_all.kOtStatusRecord.39
00001780 l     O .ot.status_create_record       00000080 alert_handler_testutils_configure_all.kOtStatusRecord.43
00001800 l     O .ot.status_create_record       00000080 alert_handler_testutils_configure_all.kOtStatusRecord.47
00001880 l     O .ot.status_create_record       00000080 alert_handler_testutils_get_cycles_from_us.kOtStatusRecord
00001900 l     O .ot.status_create_record       00000080 alert_handler_testutils_status_log.kOtStatusRecord
00001980 l     O .ot.status_create_record       00000080 alert_handler_testutils_dump_log.kOtStatusRecord
00001a00 l     O .ot.status_create_record       00000080 alert_handler_testutils_dump_log.kOtStatusRecord.56
00001a80 l     O .ot.status_create_record       00000080 alert_handler_testutils_dump_enable.kOtStatusRecord
00001b00 l     O .ot.status_create_record       00000080 alert_handler_testutils_dump_enable.kOtStatusRecord.77
00001b80 l     O .ot.status_create_record       00000080 get_next_n_bits.kOtStatusRecord
00001c00 l     O .ot.status_create_record       00000080 get_next_n_bits.kOtStatusRecord.85
00001c80 l     O .ot.status_create_record       00000080 rand_testutils_init.kOtStatusRecord
00001d00 l     O .ot.status_create_record       00000080 rand_testutils_gen32_range.kOtStatusRecord
00001d80 l     O .ot.status_create_record       00000080 rand_testutils_gen32_range.kOtStatusRecord.6
00001e00 l     O .ot.status_create_record       00000080 rv_core_ibex_testutils_get_rnd_data.kOtStatusRecord
00001e80 l     O .ot.status_create_record       00000080 rv_core_ibex_testutils_get_rnd_data.kOtStatusRecord.2
00001f00 l     O .ot.status_create_record       00000080 rv_core_ibex_testutils_get_rnd_data.kOtStatusRecord.6
00000000 l       .debug_loc     00000000 
00000030 l       .debug_loc     00000000 
0000005a l       .debug_loc     00000000 
00000075 l       .debug_loc     00000000 
00000090 l       .debug_loc     00000000 
000000ac l       .debug_loc     00000000 
000000c7 l       .debug_loc     00000000 
000000f0 l       .debug_loc     00000000 
0000010b l       .debug_loc     00000000 
00000127 l       .debug_loc     00000000 
00000142 l       .debug_loc     00000000 
0000016b l       .debug_loc     00000000 
00000186 l       .debug_loc     00000000 
000001aa l       .debug_loc     00000000 
000001c5 l       .debug_loc     00000000 
000001e0 l       .debug_loc     00000000 
000001fb l       .debug_loc     00000000 
00000221 l       .debug_loc     00000000 
000002a6 l       .debug_loc     00000000 
000002c7 l       .debug_loc     00000000 
000002e2 l       .debug_loc     00000000 
00000309 l       .debug_loc     00000000 
00000330 l       .debug_loc     00000000 
00000356 l       .debug_loc     00000000 
00000371 l       .debug_loc     00000000 
00000398 l       .debug_loc     00000000 
000003be l       .debug_loc     00000000 
000003fa l       .debug_loc     00000000 
0000042b l       .debug_loc     00000000 
00000451 l       .debug_loc     00000000 
00000477 l       .debug_loc     00000000 
000004a8 l       .debug_loc     00000000 
000004ce l       .debug_loc     00000000 
000004ff l       .debug_loc     00000000 
00000530 l       .debug_loc     00000000 
00000561 l       .debug_loc     00000000 
00000587 l       .debug_loc     00000000 
000005ad l       .debug_loc     00000000 
000005d5 l       .debug_loc     00000000 
000005ff l       .debug_loc     00000000 
00000627 l       .debug_loc     00000000 
00000642 l       .debug_loc     00000000 
000006a3 l       .debug_loc     00000000 
000006e2 l       .debug_loc     00000000 
000006fd l       .debug_loc     00000000 
00000718 l       .debug_loc     00000000 
00000733 l       .debug_loc     00000000 
0000074e l       .debug_loc     00000000 
00000775 l       .debug_loc     00000000 
0000079c l       .debug_loc     00000000 
000007b8 l       .debug_loc     00000000 
000007d3 l       .debug_loc     00000000 
000007ee l       .debug_loc     00000000 
00000809 l       .debug_loc     00000000 
00000824 l       .debug_loc     00000000 
0000084b l       .debug_loc     00000000 
00000872 l       .debug_loc     00000000 
00000899 l       .debug_loc     00000000 
000008c0 l       .debug_loc     00000000 
000008e7 l       .debug_loc     00000000 
00000918 l       .debug_loc     00000000 
0000093f l       .debug_loc     00000000 
00000966 l       .debug_loc     00000000 
00000999 l       .debug_loc     00000000 
000009b4 l       .debug_loc     00000000 
000009cf l       .debug_loc     00000000 
000009ea l       .debug_loc     00000000 
00000a05 l       .debug_loc     00000000 
00000a20 l       .debug_loc     00000000 
00000a3b l       .debug_loc     00000000 
00000a56 l       .debug_loc     00000000 
00000a71 l       .debug_loc     00000000 
00000a8c l       .debug_loc     00000000 
00000aa7 l       .debug_loc     00000000 
00000ac2 l       .debug_loc     00000000 
00000add l       .debug_loc     00000000 
00000af8 l       .debug_loc     00000000 
00000b13 l       .debug_loc     00000000 
00000b2e l       .debug_loc     00000000 
00000b49 l       .debug_loc     00000000 
00000b64 l       .debug_loc     00000000 
00000b7f l       .debug_loc     00000000 
00000b9a l       .debug_loc     00000000 
00000bb5 l       .debug_loc     00000000 
00000bd0 l       .debug_loc     00000000 
00000beb l       .debug_loc     00000000 
00000c11 l       .debug_loc     00000000 
00000c41 l       .debug_loc     00000000 
00000c72 l       .debug_loc     00000000 
00000ca3 l       .debug_loc     00000000 
00000cd4 l       .debug_loc     00000000 
00000cfa l       .debug_loc     00000000 
00000d15 l       .debug_loc     00000000 
00000d30 l       .debug_loc     00000000 
00000d4b l       .debug_loc     00000000 
00000d73 l       .debug_loc     00000000 
00000d9b l       .debug_loc     00000000 
00000db6 l       .debug_loc     00000000 
00000dd1 l       .debug_loc     00000000 
00000dec l       .debug_loc     00000000 
00000e07 l       .debug_loc     00000000 
00000e22 l       .debug_loc     00000000 
00000e3d l       .debug_loc     00000000 
00000e65 l       .debug_loc     00000000 
00000e8d l       .debug_loc     00000000 
00000ea8 l       .debug_loc     00000000 
00000ec3 l       .debug_loc     00000000 
00000ede l       .debug_loc     00000000 
00000ef1 l       .debug_loc     00000000 
00000f05 l       .debug_loc     00000000 
00000f19 l       .debug_loc     00000000 
00000f2d l       .debug_loc     00000000 
00000f41 l       .debug_loc     00000000 
00000f55 l       .debug_loc     00000000 
00000f68 l       .debug_loc     00000000 
00000f86 l       .debug_loc     00000000 
00000fa5 l       .debug_loc     00000000 
00000fbf l       .debug_loc     00000000 
00000fd2 l       .debug_loc     00000000 
00000fe5 l       .debug_loc     00000000 
00000ff8 l       .debug_loc     00000000 
00001024 l       .debug_loc     00000000 
00001037 l       .debug_loc     00000000 
0000104a l       .debug_loc     00000000 
0000105d l       .debug_loc     00000000 
00001070 l       .debug_loc     00000000 
0000108d l       .debug_loc     00000000 
000010a7 l       .debug_loc     00000000 
000010c5 l       .debug_loc     00000000 
000010f5 l       .debug_loc     00000000 
00001114 l       .debug_loc     00000000 
00001133 l       .debug_loc     00000000 
00001147 l       .debug_loc     00000000 
0000115a l       .debug_loc     00000000 
000011a7 l       .debug_loc     00000000 
000011ba l       .debug_loc     00000000 
000011da l       .debug_loc     00000000 
000011f8 l       .debug_loc     00000000 
00001212 l       .debug_loc     00000000 
0000122c l       .debug_loc     00000000 
0000123f l       .debug_loc     00000000 
00001252 l       .debug_loc     00000000 
00001265 l       .debug_loc     00000000 
00001278 l       .debug_loc     00000000 
00001297 l       .debug_loc     00000000 
000012b0 l       .debug_loc     00000000 
000012ca l       .debug_loc     00000000 
000012e4 l       .debug_loc     00000000 
000012f7 l       .debug_loc     00000000 
0000130a l       .debug_loc     00000000 
00001329 l       .debug_loc     00000000 
00001348 l       .debug_loc     00000000 
0000135c l       .debug_loc     00000000 
0000136f l       .debug_loc     00000000 
00001390 l       .debug_loc     00000000 
000013a3 l       .debug_loc     00000000 
000013b7 l       .debug_loc     00000000 
000013fb l       .debug_loc     00000000 
00001412 l       .debug_loc     00000000 
00001432 l       .debug_loc     00000000 
00001468 l       .debug_loc     00000000 
00001486 l       .debug_loc     00000000 
000014b5 l       .debug_loc     00000000 
000014c8 l       .debug_loc     00000000 
000014e9 l       .debug_loc     00000000 
000014fc l       .debug_loc     00000000 
0000152b l       .debug_loc     00000000 
0000155a l       .debug_loc     00000000 
0000158c l       .debug_loc     00000000 
000015b8 l       .debug_loc     00000000 
000015e4 l       .debug_loc     00000000 
00001610 l       .debug_loc     00000000 
0000163f l       .debug_loc     00000000 
00001668 l       .debug_loc     00000000 
0000167b l       .debug_loc     00000000 
000016aa l       .debug_loc     00000000 
000016d6 l       .debug_loc     00000000 
00001708 l       .debug_loc     00000000 
00001734 l       .debug_loc     00000000 
00001752 l       .debug_loc     00000000 
00001770 l       .debug_loc     00000000 
00001799 l       .debug_loc     00000000 
000017b7 l       .debug_loc     00000000 
000017d7 l       .debug_loc     00000000 
000017f7 l       .debug_loc     00000000 
00001818 l       .debug_loc     00000000 
0000186e l       .debug_loc     00000000 
0000188e l       .debug_loc     00000000 
000018b0 l       .debug_loc     00000000 
000018d1 l       .debug_loc     00000000 
000018f1 l       .debug_loc     00000000 
00001910 l       .debug_loc     00000000 
00001923 l       .debug_loc     00000000 
00001936 l       .debug_loc     00000000 
00001957 l       .debug_loc     00000000 
0000196a l       .debug_loc     00000000 
0000198b l       .debug_loc     00000000 
0000199e l       .debug_loc     00000000 
000019bc l       .debug_loc     00000000 
000019f0 l       .debug_loc     00000000 
00001a03 l       .debug_loc     00000000 
00001a16 l       .debug_loc     00000000 
00001a29 l       .debug_loc     00000000 
00001a47 l       .debug_loc     00000000 
00001a6d l       .debug_loc     00000000 
00001a93 l       .debug_loc     00000000 
00001ab9 l       .debug_loc     00000000 
00001ad4 l       .debug_loc     00000000 
00001aef l       .debug_loc     00000000 
00001b0a l       .debug_loc     00000000 
00001b25 l       .debug_loc     00000000 
00001b40 l       .debug_loc     00000000 
00001b61 l       .debug_loc     00000000 
00001b80 l       .debug_loc     00000000 
00001ba1 l       .debug_loc     00000000 
00001bc2 l       .debug_loc     00000000 
00001bdd l       .debug_loc     00000000 
00001c03 l       .debug_loc     00000000 
00001c1e l       .debug_loc     00000000 
00001c39 l       .debug_loc     00000000 
00001c54 l       .debug_loc     00000000 
00001c6f l       .debug_loc     00000000 
00001c8a l       .debug_loc     00000000 
00001ca5 l       .debug_loc     00000000 
00001cd6 l       .debug_loc     00000000 
00001cf2 l       .debug_loc     00000000 
00001d2e l       .debug_loc     00000000 
00001d4a l       .debug_loc     00000000 
00001d7e l       .debug_loc     00000000 
00001d9a l       .debug_loc     00000000 
00001dc0 l       .debug_loc     00000000 
00001de8 l       .debug_loc     00000000 
00001e0a l       .debug_loc     00000000 
00001e25 l       .debug_loc     00000000 
00001e41 l       .debug_loc     00000000 
00001e5c l       .debug_loc     00000000 
00001e78 l       .debug_loc     00000000 
00001e94 l       .debug_loc     00000000 
00001eaf l       .debug_loc     00000000 
00001eca l       .debug_loc     00000000 
00001ee5 l       .debug_loc     00000000 
00001f00 l       .debug_loc     00000000 
00001f29 l       .debug_loc     00000000 
00001f51 l       .debug_loc     00000000 
00001f77 l       .debug_loc     00000000 
00001f9d l       .debug_loc     00000000 
00001fc3 l       .debug_loc     00000000 
00001fe9 l       .debug_loc     00000000 
0000200f l       .debug_loc     00000000 
0000202a l       .debug_loc     00000000 
00002050 l       .debug_loc     00000000 
0000208e l       .debug_loc     00000000 
000020c2 l       .debug_loc     00000000 
000020f9 l       .debug_loc     00000000 
0000212d l       .debug_loc     00000000 
00002164 l       .debug_loc     00000000 
000021ec l       .debug_loc     00000000 
00002213 l       .debug_loc     00000000 
00002247 l       .debug_loc     00000000 
00002419 l       .debug_loc     00000000 
000025eb l       .debug_loc     00000000 
00002611 l       .debug_loc     00000000 
00002637 l       .debug_loc     00000000 
0000265d l       .debug_loc     00000000 
00002683 l       .debug_loc     00000000 
000026a9 l       .debug_loc     00000000 
000026cf l       .debug_loc     00000000 
000026f5 l       .debug_loc     00000000 
0000271b l       .debug_loc     00000000 
00002741 l       .debug_loc     00000000 
00002768 l       .debug_loc     00000000 
0000278f l       .debug_loc     00000000 
000027b6 l       .debug_loc     00000000 
000027dd l       .debug_loc     00000000 
00002804 l       .debug_loc     00000000 
0000281f l       .debug_loc     00000000 
0000283a l       .debug_loc     00000000 
00002861 l       .debug_loc     00000000 
0000287c l       .debug_loc     00000000 
00002897 l       .debug_loc     00000000 
000028b2 l       .debug_loc     00000000 
00002905 l       .debug_loc     00000000 
00002920 l       .debug_loc     00000000 
00002943 l       .debug_loc     00000000 
0000296b l       .debug_loc     00000000 
00002989 l       .debug_loc     00000000 
000029a7 l       .debug_loc     00000000 
000029c5 l       .debug_loc     00000000 
000029e3 l       .debug_loc     00000000 
00002a0b l       .debug_loc     00000000 
00002a33 l       .debug_loc     00000000 
00002a5b l       .debug_loc     00000000 
00002abc l       .debug_loc     00000000 
00002ade l       .debug_loc     00000000 
00002b06 l       .debug_loc     00000000 
00002b45 l       .debug_loc     00000000 
00002bb8 l       .debug_loc     00000000 
00002bd3 l       .debug_loc     00000000 
00002c0f l       .debug_loc     00000000 
00002c31 l       .debug_loc     00000000 
00002c5a l       .debug_loc     00000000 
00002c7c l       .debug_loc     00000000 
00002c9e l       .debug_loc     00000000 
00002cc0 l       .debug_loc     00000000 
00002ce6 l       .debug_loc     00000000 
00002d04 l       .debug_loc     00000000 
00002d1f l       .debug_loc     00000000 
00002d3d l       .debug_loc     00000000 
00002d58 l       .debug_loc     00000000 
00002d7e l       .debug_loc     00000000 
00002d99 l       .debug_loc     00000000 
00002db4 l       .debug_loc     00000000 
00002dd5 l       .debug_loc     00000000 
00002df0 l       .debug_loc     00000000 
00002e0b l       .debug_loc     00000000 
00002e2c l       .debug_loc     00000000 
00002e47 l       .debug_loc     00000000 
00002e68 l       .debug_loc     00000000 
00002e83 l       .debug_loc     00000000 
00002e9e l       .debug_loc     00000000 
00002eb9 l       .debug_loc     00000000 
00002eda l       .debug_loc     00000000 
00002f01 l       .debug_loc     00000000 
00002f1c l       .debug_loc     00000000 
00002f37 l       .debug_loc     00000000 
00002f52 l       .debug_loc     00000000 
00002f79 l       .debug_loc     00000000 
00002f94 l       .debug_loc     00000000 
00002fb6 l       .debug_loc     00000000 
00002fd2 l       .debug_loc     00000000 
00002fee l       .debug_loc     00000000 
00003009 l       .debug_loc     00000000 
00003025 l       .debug_loc     00000000 
00003063 l       .debug_loc     00000000 
0000308f l       .debug_loc     00000000 
000030ab l       .debug_loc     00000000 
000030cf l       .debug_loc     00000000 
000030f1 l       .debug_loc     00000000 
0000310c l       .debug_loc     00000000 
00003128 l       .debug_loc     00000000 
00003144 l       .debug_loc     00000000 
0000315f l       .debug_loc     00000000 
0000317a l       .debug_loc     00000000 
000031ae l       .debug_loc     00000000 
000031c1 l       .debug_loc     00000000 
000031d4 l       .debug_loc     00000000 
000031ff l       .debug_loc     00000000 
00003214 l       .debug_loc     00000000 
0000323a l       .debug_loc     00000000 
00003260 l       .debug_loc     00000000 
0000327b l       .debug_loc     00000000 
00003296 l       .debug_loc     00000000 
000032b2 l       .debug_loc     00000000 
000032d0 l       .debug_loc     00000000 
00003496 l       .debug_loc     00000000 
000034bf l       .debug_loc     00000000 
00003604 l       .debug_loc     00000000 
00003622 l       .debug_loc     00000000 
00003648 l       .debug_loc     00000000 
00003663 l       .debug_loc     00000000 
0000367e l       .debug_loc     00000000 
00003699 l       .debug_loc     00000000 
000036b4 l       .debug_loc     00000000 
000036cf l       .debug_loc     00000000 
000036ea l       .debug_loc     00000000 
00003705 l       .debug_loc     00000000 
00003720 l       .debug_loc     00000000 
0000374c l       .debug_loc     00000000 
00003767 l       .debug_loc     00000000 
00003782 l       .debug_loc     00000000 
0000379d l       .debug_loc     00000000 
000037c3 l       .debug_loc     00000000 
0000380f l       .debug_loc     00000000 
00003835 l       .debug_loc     00000000 
0000385d l       .debug_loc     00000000 
00003878 l       .debug_loc     00000000 
00003893 l       .debug_loc     00000000 
000038ae l       .debug_loc     00000000 
000038c9 l       .debug_loc     00000000 
000038e4 l       .debug_loc     00000000 
000038ff l       .debug_loc     00000000 
0000394b l       .debug_loc     00000000 
0000397c l       .debug_loc     00000000 
000039ad l       .debug_loc     00000000 
000039c8 l       .debug_loc     00000000 
000039e3 l       .debug_loc     00000000 
000039fe l       .debug_loc     00000000 
00003a25 l       .debug_loc     00000000 
00003a45 l       .debug_loc     00000000 
00003a6b l       .debug_loc     00000000 
00003a91 l       .debug_loc     00000000 
00003ac2 l       .debug_loc     00000000 
00003ae8 l       .debug_loc     00000000 
00003b18 l       .debug_loc     00000000 
00003b3e l       .debug_loc     00000000 
00003b70 l       .debug_loc     00000000 
00003bae l       .debug_loc     00000000 
00003bdb l       .debug_loc     00000000 
00003bf6 l       .debug_loc     00000000 
00003c11 l       .debug_loc     00000000 
00003c2c l       .debug_loc     00000000 
00003c3f l       .debug_loc     00000000 
00003c73 l       .debug_loc     00000000 
00003c86 l       .debug_loc     00000000 
00003ca4 l       .debug_loc     00000000 
00003cb7 l       .debug_loc     00000000 
00003cca l       .debug_loc     00000000 
00003ce7 l       .debug_loc     00000000 
00003cfb l       .debug_loc     00000000 
00003d1a l       .debug_loc     00000000 
00003d34 l       .debug_loc     00000000 
00003d53 l       .debug_loc     00000000 
00003d66 l       .debug_loc     00000000 
00003d82 l       .debug_loc     00000000 
00003d9d l       .debug_loc     00000000 
00003db8 l       .debug_loc     00000000 
00003dd3 l       .debug_loc     00000000 
00003dee l       .debug_loc     00000000 
00003e09 l       .debug_loc     00000000 
00003e28 l       .debug_loc     00000000 
00003e47 l       .debug_loc     00000000 
00003e62 l       .debug_loc     00000000 
00003ebc l       .debug_loc     00000000 
00003ed7 l       .debug_loc     00000000 
00003ef2 l       .debug_loc     00000000 
00003f0d l       .debug_loc     00000000 
00003f28 l       .debug_loc     00000000 
00003f43 l       .debug_loc     00000000 
00003f5e l       .debug_loc     00000000 
00003fb8 l       .debug_loc     00000000 
00003fd7 l       .debug_loc     00000000 
00003ff2 l       .debug_loc     00000000 
0000400d l       .debug_loc     00000000 
00004028 l       .debug_loc     00000000 
00004043 l       .debug_loc     00000000 
00004074 l       .debug_loc     00000000 
000040a5 l       .debug_loc     00000000 
000040c4 l       .debug_loc     00000000 
000040e3 l       .debug_loc     00000000 
000040fe l       .debug_loc     00000000 
00004148 l       .debug_loc     00000000 
00004163 l       .debug_loc     00000000 
0000417e l       .debug_loc     00000000 
00004199 l       .debug_loc     00000000 
000041b4 l       .debug_loc     00000000 
000041fe l       .debug_loc     00000000 
0000423c l       .debug_loc     00000000 
0000428a l       .debug_loc     00000000 
000042dc l       .debug_loc     00000000 
0000432a l       .debug_loc     00000000 
0000f04e l       .debug_str     00000000 
00009a04 l       .debug_str     00000000 
0000200a l       .debug_str     00000000 
00000768 l       .debug_ranges  00000000 
000010f4 l       .debug_str     00000000 
00006628 l       .debug_str     00000000 
00001915 l       .debug_str     00000000 
00003cf0 l       .debug_str     00000000 
0000c1cf l       .debug_str     00000000 
00003ca1 l       .debug_str     00000000 
000092d1 l       .debug_str     00000000 
0000a923 l       .debug_str     00000000 
0000e152 l       .debug_str     00000000 
0000c971 l       .debug_str     00000000 
0000e9e3 l       .debug_str     00000000 
00006f21 l       .debug_str     00000000 
0000193b l       .debug_str     00000000 
0000271b l       .debug_str     00000000 
0000f0e9 l       .debug_str     00000000 
0000f0d8 l       .debug_str     00000000 
000034c2 l       .debug_str     00000000 
0000663c l       .debug_str     00000000 
00006646 l       .debug_str     00000000 
0000a118 l       .debug_str     00000000 
0000c19d l       .debug_str     00000000 
00006eaf l       .debug_str     00000000 
0000b0a9 l       .debug_str     00000000 
0000f0c2 l       .debug_str     00000000 
000008c1 l       .debug_str     00000000 
000045f6 l       .debug_str     00000000 
00006f05 l       .debug_str     00000000 
00003cd6 l       .debug_str     00000000 
00004e64 l       .debug_str     00000000 
0000f8d2 l       .debug_str     00000000 
000092d9 l       .debug_str     00000000 
00006ec1 l       .debug_str     00000000 
00007775 l       .debug_str     00000000 
0000b979 l       .debug_str     00000000 
0000c1b1 l       .debug_str     00000000 
00004600 l       .debug_str     00000000 
00005efd l       .debug_str     00000000 
0000f8ec l       .debug_str     00000000 
00006eca l       .debug_str     00000000 
00006657 l       .debug_str     00000000 
00003cb4 l       .debug_str     00000000 
00005f08 l       .debug_str     00000000 
0000e9b9 l       .debug_str     00000000 
00006662 l       .debug_str     00000000 
0000572f l       .debug_str     00000000 
0000c1c4 l       .debug_str     00000000 
0000a128 l       .debug_str     00000000 
0000f0fc l       .debug_str     00000000 
0000b96e l       .debug_str     00000000 
00001925 l       .debug_str     00000000 
0000e11b l       .debug_str     00000000 
00004612 l       .debug_str     00000000 
0000b0ba l       .debug_str     00000000 
0000d9ed l       .debug_str     00000000 
0000f107 l       .debug_str     00000000 
00004e6b l       .debug_str     00000000 
000092f2 l       .debug_str     00000000 
0000f8f7 l       .debug_str     00000000 
00001930 l       .debug_str     00000000 
00003cbf l       .debug_str     00000000 
0000e126 l       .debug_str     00000000 
0000f903 l       .debug_str     00000000 
00008a14 l       .debug_str     00000000 
00004e77 l       .debug_str     00000000 
0000a133 l       .debug_str     00000000 
00002dff l       .debug_str     00000000 
0000461d l       .debug_str     00000000 
00009a37 l       .debug_str     00000000 
0000a13e l       .debug_str     00000000 
00002e0a l       .debug_str     00000000 
00004628 l       .debug_str     00000000 
0000e131 l       .debug_str     00000000 
00007740 l       .debug_str     00000000 
00004e82 l       .debug_str     00000000 
0000e13c l       .debug_str     00000000 
0000e147 l       .debug_str     00000000 
00000000 l       .debug_str     00000000 
0000a14a l       .debug_str     00000000 
00006ed5 l       .debug_str     00000000 
0000e9c4 l       .debug_str     00000000 
0000774b l       .debug_str     00000000 
00003cca l       .debug_str     00000000 
00007757 l       .debug_str     00000000 
000092fe l       .debug_str     00000000 
0000573a l       .debug_str     00000000 
00004e8d l       .debug_str     00000000 
00006ee0 l       .debug_str     00000000 
0000574c l       .debug_str     00000000 
00007763 l       .debug_str     00000000 
00008a1f l       .debug_str     00000000 
0000a155 l       .debug_str     00000000 
0000a938 l       .debug_str     00000000 
0000e9d0 l       .debug_str     00000000 
0000d0ce l       .debug_str     00000000 
0000575e l       .debug_str     00000000 
00006ef2 l       .debug_str     00000000 
000010f9 l       .debug_str     00000000 
00008067 l       .debug_str     00000000 
00008a32 l       .debug_str     00000000 
0000577a l       .debug_str     00000000 
00005f13 l       .debug_str     00000000 
00005785 l       .debug_str     00000000 
0000c984 l       .debug_str     00000000 
0000d0e8 l       .debug_str     00000000 
0000e9fa l       .debug_str     00000000 
0000c98d l       .debug_str     00000000 
00006f37 l       .debug_str     00000000 
00009a42 l       .debug_str     00000000 
0000110c l       .debug_str     00000000 
00006f26 l       .debug_str     00000000 
00002019 l       .debug_str     00000000 
0000000b l       .debug_str     00000000 
00002721 l       .debug_str     00000000 
00006e63 l       .debug_str     00000000 
0000e16b l       .debug_str     00000000 
00004e56 l       .debug_str     00000000 
0000efa3 l       .debug_str     00000000 
0000eb47 l       .debug_str     00000000 
00009b4b l       .debug_str     00000000 
00002733 l       .debug_str     00000000 
00000028 l       .debug_ranges  00000000 
0000898f l       .debug_str     00000000 
0000afd1 l       .debug_str     00000000 
00009244 l       .debug_str     00000000 
00001025 l       .debug_str     00000000 
0000efe4 l       .debug_str     00000000 
0000d0f2 l       .debug_str     00000000 
00009a51 l       .debug_str     00000000 
00005f1e l       .debug_str     00000000 
0000c1e0 l       .debug_str     00000000 
0000202a l       .debug_str     00000000 
00001949 l       .debug_str     00000000 
0000777e l       .debug_str     00000000 
00005f38 l       .debug_str     00000000 
0000d9f8 l       .debug_str     00000000 
0000e17b l       .debug_str     00000000 
00002e16 l       .debug_str     00000000 
0000f90e l       .debug_str     00000000 
0000da01 l       .debug_str     00000000 
00009310 l       .debug_str     00000000 
00001119 l       .debug_str     00000000 
0000c1f8 l       .debug_str     00000000 
00004634 l       .debug_str     00000000 
00001952 l       .debug_str     00000000 
0000f112 l       .debug_str     00000000 
00001128 l       .debug_str     00000000 
0000f919 l       .debug_str     00000000 
00003d03 l       .debug_str     00000000 
00004642 l       .debug_str     00000000 
00005792 l       .debug_str     00000000 
0000a168 l       .debug_str     00000000 
00004654 l       .debug_str     00000000 
00008a44 l       .debug_str     00000000 
0000ea16 l       .debug_str     00000000 
0000e9ff l       .debug_str     00000000 
00008079 l       .debug_str     00000000 
0000da0c l       .debug_str     00000000 
00009a6a l       .debug_str     00000000 
0000a94b l       .debug_str     00000000 
0000a172 l       .debug_str     00000000 
0000c207 l       .debug_str     00000000 
0000f127 l       .debug_str     00000000 
00009320 l       .debug_str     00000000 
0000f145 l       .debug_str     00000000 
0000b980 l       .debug_str     00000000 
000057a4 l       .debug_str     00000000 
0000275d l       .debug_str     00000000 
00004e9f l       .debug_str     00000000 
0000d10d l       .debug_str     00000000 
0000273e l       .debug_str     00000000 
00005f46 l       .debug_str     00000000 
00008a51 l       .debug_str     00000000 
00002034 l       .debug_str     00000000 
000057af l       .debug_str     00000000 
00004ebe l       .debug_str     00000000 
00008a79 l       .debug_str     00000000 
0000a18e l       .debug_str     00000000 
0000da22 l       .debug_str     00000000 
00003d14 l       .debug_str     00000000 
0000c993 l       .debug_str     00000000 
0000204f l       .debug_str     00000000 
0000195e l       .debug_str     00000000 
000066aa l       .debug_str     00000000 
0000b990 l       .debug_str     00000000 
0000f151 l       .debug_str     00000000 
00002774 l       .debug_str     00000000 
0000b9a3 l       .debug_str     00000000 
00009337 l       .debug_str     00000000 
00001141 l       .debug_str     00000000 
00002e20 l       .debug_str     00000000 
0000e182 l       .debug_str     00000000 
00002787 l       .debug_str     00000000 
0000666d l       .debug_str     00000000 
0000b9b7 l       .debug_str     00000000 
0000f165 l       .debug_str     00000000 
00006682 l       .debug_str     00000000 
0000c9b0 l       .debug_str     00000000 
00006696 l       .debug_str     00000000 
00004eda l       .debug_str     00000000 
00001160 l       .debug_str     00000000 
0000279b l       .debug_str     00000000 
000066b9 l       .debug_str     00000000 
0000a1aa l       .debug_str     00000000 
0000a969 l       .debug_str     00000000 
0000001d l       .debug_str     00000000 
000057ca l       .debug_str     00000000 
00009a83 l       .debug_str     00000000 
000066c4 l       .debug_str     00000000 
00005f71 l       .debug_str     00000000 
000066d6 l       .debug_str     00000000 
00004663 l       .debug_str     00000000 
000066ea l       .debug_str     00000000 
00008a95 l       .debug_str     00000000 
00001156 l       .debug_str     00000000 
00006f3e l       .debug_str     00000000 
0000ea2c l       .debug_str     00000000 
0000b0c5 l       .debug_str     00000000 
000057d4 l       .debug_str     00000000 
000066f6 l       .debug_str     00000000 
0000b8e2 l       .debug_str     00000000 
0000c069 l       .debug_str     00000000 
0000e058 l       .debug_str     00000000 
000080e9 l       .debug_str     00000000 
0000e1cf l       .debug_str     00000000 
00001197 l       .debug_str     00000000 
000008ce l       .debug_str     00000000 
00005e1b l       .debug_str     00000000 
000012cf l       .debug_str     00000000 
0000502a l       .debug_str     00000000 
00009b2e l       .debug_str     00000000 
00004569 l       .debug_str     00000000 
00008989 l       .debug_str     00000000 
0000565e l       .debug_str     00000000 
00006879 l       .debug_str     00000000 
00000821 l       .debug_str     00000000 
0000c848 l       .debug_str     00000000 
00002175 l       .debug_str     00000000 
0000cb55 l       .debug_str     00000000 
00005909 l       .debug_str     00000000 
00008bb5 l       .debug_str     00000000 
00004573 l       .debug_str     00000000 
00006e01 l       .debug_str     00000000 
00009951 l       .debug_str     00000000 
0000266b l       .debug_str     00000000 
00001855 l       .debug_str     00000000 
00005e5b l       .debug_str     00000000 
000089d4 l       .debug_str     00000000 
0000560d l       .debug_str     00000000 
0000340a l       .debug_str     00000000 
00005ed3 l       .debug_str     00000000 
00000ffe l       .debug_str     00000000 
0000f816 l       .debug_str     00000000 
0000e968 l       .debug_str     00000000 
00003b69 l       .debug_str     00000000 
00000fe6 l       .debug_str     00000000 
0000279f l       .debug_str     00000000 
00000780 l       .debug_ranges  00000000 
000010cb l       .debug_str     00000000 
0000571e l       .debug_str     00000000 
00006df5 l       .debug_str     00000000 
00000849 l       .debug_str     00000000 
00009279 l       .debug_str     00000000 
0000d03e l       .debug_str     00000000 
00007fd1 l       .debug_str     00000000 
00000040 l       .debug_ranges  00000000 
0000e976 l       .debug_str     00000000 
0000c08f l       .debug_str     00000000 
00000058 l       .debug_ranges  00000000 
00000078 l       .debug_ranges  00000000 
00000090 l       .debug_ranges  00000000 
000000a8 l       .debug_ranges  00000000 
000000c0 l       .debug_ranges  00000000 
000000e0 l       .debug_ranges  00000000 
000000f8 l       .debug_ranges  00000000 
00000110 l       .debug_ranges  00000000 
00000128 l       .debug_ranges  00000000 
00000140 l       .debug_ranges  00000000 
00000158 l       .debug_ranges  00000000 
00000170 l       .debug_ranges  00000000 
00000188 l       .debug_ranges  00000000 
000001a0 l       .debug_ranges  00000000 
00004eef l       .debug_str     00000000 
0000f17a l       .debug_str     00000000 
000034c7 l       .debug_str     00000000 
000034df l       .debug_str     00000000 
0000002f l       .debug_str     00000000 
00003d32 l       .debug_str     00000000 
0000c9c5 l       .debug_str     00000000 
0000f92b l       .debug_str     00000000 
00008099 l       .debug_str     00000000 
0000b0d6 l       .debug_str     00000000 
0000da40 l       .debug_str     00000000 
0000a97a l       .debug_str     00000000 
0000d12e l       .debug_str     00000000 
000027c7 l       .debug_str     00000000 
00003d45 l       .debug_str     00000000 
0000c228 l       .debug_str     00000000 
0000ea36 l       .debug_str     00000000 
0000b0f6 l       .debug_str     00000000 
0000a992 l       .debug_str     00000000 
00000044 l       .debug_str     00000000 
000080ba l       .debug_str     00000000 
0000c9df l       .debug_str     00000000 
0000ea51 l       .debug_str     00000000 
00008aa4 l       .debug_str     00000000 
000080d6 l       .debug_str     00000000 
00001978 l       .debug_str     00000000 
00005f84 l       .debug_str     00000000 
000027df l       .debug_str     00000000 
0000a1b3 l       .debug_str     00000000 
0000e197 l       .debug_str     00000000 
00005620 l       .debug_str     00000000 
0000455b l       .debug_str     00000000 
00006591 l       .debug_str     00000000 
0000b8f8 l       .debug_str     00000000 
0000efd5 l       .debug_str     00000000 
00007605 l       .debug_str     00000000 
0000659f l       .debug_str     00000000 
0000d027 l       .debug_str     00000000 
00001f34 l       .debug_str     00000000 
0000efbc l       .debug_str     00000000 
0000454b l       .debug_str     00000000 
00002da2 l       .debug_str     00000000 
0000991b l       .debug_str     00000000 
000075f5 l       .debug_str     00000000 
0000d998 l       .debug_str     00000000 
0000b079 l       .debug_str     00000000 
0000e97a l       .debug_str     00000000 
000001b8 l       .debug_ranges  00000000 
000001d0 l       .debug_ranges  00000000 
000001f0 l       .debug_ranges  00000000 
00000208 l       .debug_ranges  00000000 
00000220 l       .debug_ranges  00000000 
00000240 l       .debug_ranges  00000000 
00003bca l       .debug_str     00000000 
00005e31 l       .debug_str     00000000 
0000ff96 l       .debug_str     00000000 
00003430 l       .debug_str     00000000 
00001832 l       .debug_str     00000000 
0000762e l       .debug_str     00000000 
00005e41 l       .debug_str     00000000 
0000afa9 l       .debug_str     00000000 
0000102a l       .debug_str     00000000 
0000267c l       .debug_str     00000000 
0000c0ae l       .debug_str     00000000 
0000ffb3 l       .debug_str     00000000 
0000183d l       .debug_str     00000000 
00000863 l       .debug_str     00000000 
00005e51 l       .debug_str     00000000 
000089e8 l       .debug_str     00000000 
0000c072 l       .debug_str     00000000 
0000efa7 l       .debug_str     00000000 
00007fcc l       .debug_str     00000000 
0000d002 l       .debug_str     00000000 
0000f18b l       .debug_str     00000000 
0000206c l       .debug_str     00000000 
0000934b l       .debug_str     00000000 
00001171 l       .debug_str     00000000 
0000198e l       .debug_str     00000000 
0000b118 l       .debug_str     00000000 
00003d5d l       .debug_str     00000000 
00001182 l       .debug_str     00000000 
0000ea6b l       .debug_str     00000000 
00006704 l       .debug_str     00000000 
0000f1a9 l       .debug_str     00000000 
0000a1ca l       .debug_str     00000000 
00006f4b l       .debug_str     00000000 
00003d76 l       .debug_str     00000000 
00006f62 l       .debug_str     00000000 
0000f1c0 l       .debug_str     00000000 
00004528 l       .debug_str     00000000 
0000561c l       .debug_str     00000000 
00003b7f l       .debug_str     00000000 
0000082d l       .debug_str     00000000 
00002642 l       .debug_str     00000000 
0000a091 l       .debug_str     00000000 
00000605 l       .debug_str     00000000 
0000d00a l       .debug_str     00000000 
00001826 l       .debug_str     00000000 
0000c089 l       .debug_str     00000000 
00001f4f l       .debug_str     00000000 
0000a8ad l       .debug_str     00000000 
0000d8ff l       .debug_str     00000000 
00002615 l       .debug_str     00000000 
00004d69 l       .debug_str     00000000 
00004d54 l       .debug_str     00000000 
0000c096 l       .debug_str     00000000 
00009928 l       .debug_str     00000000 
00007fe0 l       .debug_str     00000000 
00003b89 l       .debug_str     00000000 
0000e076 l       .debug_str     00000000 
0000d959 l       .debug_str     00000000 
00009972 l       .debug_str     00000000 
0000e083 l       .debug_str     00000000 
0000f222 l       .debug_str     00000000 
00002683 l       .debug_str     00000000 
0000f835 l       .debug_str     00000000 
00007ff9 l       .debug_str     00000000 
0000763e l       .debug_str     00000000 
00001a7f l       .debug_str     00000000 
0000afd8 l       .debug_str     00000000 
0000e1aa l       .debug_str     00000000 
000027f6 l       .debug_str     00000000 
0000e1e0 l       .debug_str     00000000 
0000e1f3 l       .debug_str     00000000 
00004f0f l       .debug_str     00000000 
000045e3 l       .debug_str     00000000 
0000a9b3 l       .debug_str     00000000 
00005ee4 l       .debug_str     00000000 
00007fac l       .debug_str     00000000 
0000ffdc l       .debug_str     00000000 
0000ffeb l       .debug_str     00000000 
000026f0 l       .debug_str     00000000 
00008997 l       .debug_str     00000000 
0000a0fb l       .debug_str     00000000 
00002df9 l       .debug_str     00000000 
00000258 l       .debug_ranges  00000000 
00000270 l       .debug_ranges  00000000 
00004d86 l       .debug_str     00000000 
0000d039 l       .debug_str     00000000 
00008975 l       .debug_str     00000000 
00004d5f l       .debug_str     00000000 
0000b907 l       .debug_str     00000000 
0000afab l       .debug_str     00000000 
00001320 l       .debug_str     00000000 
0000c852 l       .debug_str     00000000 
0000993e l       .debug_str     00000000 
00006610 l       .debug_str     00000000 
0000d0c0 l       .debug_str     00000000 
0000b087 l       .debug_str     00000000 
0000119c l       .debug_str     00000000 
0000935a l       .debug_str     00000000 
0000c23f l       .debug_str     00000000 
00006f6c l       .debug_str     00000000 
00004f20 l       .debug_str     00000000 
000008d4 l       .debug_str     00000000 
0000466c l       .debug_str     00000000 
000034f2 l       .debug_str     00000000 
00007787 l       .debug_str     00000000 
00006718 l       .debug_str     00000000 
00003d95 l       .debug_str     00000000 
00005f9a l       .debug_str     00000000 
0000467a l       .debug_str     00000000 
00006f79 l       .debug_str     00000000 
0000c9f9 l       .debug_str     00000000 
0000ea83 l       .debug_str     00000000 
0000f948 l       .debug_str     00000000 
0000d145 l       .debug_str     00000000 
0000ea8e l       .debug_str     00000000 
000080fc l       .debug_str     00000000 
00004d98 l       .debug_str     00000000 
000008e6 l       .debug_str     00000000 
000077a0 l       .debug_str     00000000 
0000a1e2 l       .debug_str     00000000 
0000d157 l       .debug_str     00000000 
0000929e l       .debug_str     00000000 
0000a088 l       .debug_str     00000000 
0000b965 l       .debug_str     00000000 
00000288 l       .debug_ranges  00000000 
0000c24e l       .debug_str     00000000 
000011f5 l       .debug_str     00000000 
0000eaa1 l       .debug_str     00000000 
00004f31 l       .debug_str     00000000 
0000c25c l       .debug_str     00000000 
00008111 l       .debug_str     00000000 
00006f90 l       .debug_str     00000000 
00000911 l       .debug_str     00000000 
0000b9cb l       .debug_str     00000000 
0000b9e8 l       .debug_str     00000000 
000019a3 l       .debug_str     00000000 
0000e205 l       .debug_str     00000000 
00006731 l       .debug_str     00000000 
0000d166 l       .debug_str     00000000 
0000f1c4 l       .debug_str     00000000 
00001203 l       .debug_str     00000000 
0000f1e2 l       .debug_str     00000000 
0000a9d2 l       .debug_str     00000000 
00006755 l       .debug_str     00000000 
00001225 l       .debug_str     00000000 
00008abc l       .debug_str     00000000 
00003da2 l       .debug_str     00000000 
00004692 l       .debug_str     00000000 
0000b128 l       .debug_str     00000000 
0000d94c l       .debug_str     00000000 
0000efe0 l       .debug_str     00000000 
0000ff6d l       .debug_str     00000000 
0000084f l       .debug_str     00000000 
00007ff3 l       .debug_str     00000000 
00006dfa l       .debug_str     00000000 
00002da6 l       .debug_str     00000000 
00001f5a l       .debug_str     00000000 
00005e26 l       .debug_str     00000000 
00003ba8 l       .debug_str     00000000 
0000ff83 l       .debug_str     00000000 
00003428 l       .debug_str     00000000 
00001f6a l       .debug_str     00000000 
0000d924 l       .debug_str     00000000 
0000d91d l       .debug_str     00000000 
00001f64 l       .debug_str     00000000 
0000f201 l       .debug_str     00000000 
00003dc4 l       .debug_str     00000000 
0000c27d l       .debug_str     00000000 
0000469b l       .debug_str     00000000 
00001248 l       .debug_str     00000000 
0000a1eb l       .debug_str     00000000 
0000ba0e l       .debug_str     00000000 
00009364 l       .debug_str     00000000 
00002084 l       .debug_str     00000000 
0000d184 l       .debug_str     00000000 
00006de3 l       .debug_str     00000000 
00009237 l       .debug_str     00000000 
0000a8a2 l       .debug_str     00000000 
00007fa5 l       .debug_str     00000000 
0000895e l       .debug_str     00000000 
00006575 l       .debug_str     00000000 
0000b8d8 l       .debug_str     00000000 
00002992 l       .debug_str     00000000 
00002629 l       .debug_str     00000000 
00007fb0 l       .debug_str     00000000 
0000e05e l       .debug_str     00000000 
0000d931 l       .debug_str     00000000 
00003bb5 l       .debug_str     00000000 
0000761f l       .debug_str     00000000 
00002656 l       .debug_str     00000000 
0000d941 l       .debug_str     00000000 
00003417 l       .debug_str     00000000 
0000afc2 l       .debug_str     00000000 
0000b92b l       .debug_str     00000000 
0000c871 l       .debug_str     00000000 
00001014 l       .debug_str     00000000 
0000f82a l       .debug_str     00000000 
0000a8b3 l       .debug_str     00000000 
00005812 l       .debug_str     00000000 
000077b1 l       .debug_str     00000000 
000046aa l       .debug_str     00000000 
0000ca0f l       .debug_str     00000000 
0000936f l       .debug_str     00000000 
00001253 l       .debug_str     00000000 
0000a9f7 l       .debug_str     00000000 
000019bf l       .debug_str     00000000 
0000da70 l       .debug_str     00000000 
00004f44 l       .debug_str     00000000 
0000da5a l       .debug_str     00000000 
000020a8 l       .debug_str     00000000 
00002091 l       .debug_str     00000000 
0000af97 l       .debug_str     00000000 
00002d95 l       .debug_str     00000000 
0000a1f6 l       .debug_str     00000000 
000093f0 l       .debug_str     00000000 
00008136 l       .debug_str     00000000 
00003dd0 l       .debug_str     00000000 
0000aa19 l       .debug_str     00000000 
0000813f l       .debug_str     00000000 
000046bd l       .debug_str     00000000 
00009a92 l       .debug_str     00000000 
00008ad9 l       .debug_str     00000000 
00006fb7 l       .debug_str     00000000 
0000f95b l       .debug_str     00000000 
0000aa26 l       .debug_str     00000000 
00003502 l       .debug_str     00000000 
00000061 l       .debug_str     00000000 
0000a21f l       .debug_str     00000000 
00000081 l       .debug_str     00000000 
00000937 l       .debug_str     00000000 
0000aa47 l       .debug_str     00000000 
00001276 l       .debug_str     00000000 
00002808 l       .debug_str     00000000 
00003dee l       .debug_str     00000000 
0000d19b l       .debug_str     00000000 
00000954 l       .debug_str     00000000 
0000938f l       .debug_str     00000000 
00008aef l       .debug_str     00000000 
0000ca2f l       .debug_str     00000000 
000046dc l       .debug_str     00000000 
00002824 l       .debug_str     00000000 
00003e0a l       .debug_str     00000000 
0000aa62 l       .debug_str     00000000 
000077c1 l       .debug_str     00000000 
0000128b l       .debug_str     00000000 
00002e34 l       .debug_str     00000000 
0000586e l       .debug_str     00000000 
00003523 l       .debug_str     00000000 
00005881 l       .debug_str     00000000 
0000b13b l       .debug_str     00000000 
0000aa76 l       .debug_str     00000000 
0000096f l       .debug_str     00000000 
0000ca43 l       .debug_str     00000000 
0000ca5f l       .debug_str     00000000 
0000ba1a l       .debug_str     00000000 
00000989 l       .debug_str     00000000 
0000b155 l       .debug_str     00000000 
0000ca7b l       .debug_str     00000000 
000020be l       .debug_str     00000000 
000046f1 l       .debug_str     00000000 
0000c28e l       .debug_str     00000000 
00002e44 l       .debug_str     00000000 
00005fb2 l       .debug_str     00000000 
0000009d l       .debug_str     00000000 
0000814d l       .debug_str     00000000 
0000e21e l       .debug_str     00000000 
0000ba31 l       .debug_str     00000000 
00008b03 l       .debug_str     00000000 
000020d7 l       .debug_str     00000000 
00008167 l       .debug_str     00000000 
0000d1b9 l       .debug_str     00000000 
00005fd1 l       .debug_str     00000000 
00005fed l       .debug_str     00000000 
0000e237 l       .debug_str     00000000 
0000aa8d l       .debug_str     00000000 
00003e1e l       .debug_str     00000000 
000077db l       .debug_str     00000000 
0000d1d7 l       .debug_str     00000000 
00002e5d l       .debug_str     00000000 
0000eab4 l       .debug_str     00000000 
00006773 l       .debug_str     00000000 
0000589a l       .debug_str     00000000 
0000470a l       .debug_str     00000000 
000093ad l       .debug_str     00000000 
00008183 l       .debug_str     00000000 
00009ab1 l       .debug_str     00000000 
00009ac9 l       .debug_str     00000000 
000093c6 l       .debug_str     00000000 
00004721 l       .debug_str     00000000 
00006004 l       .debug_str     00000000 
000093dd l       .debug_str     00000000 
0000099f l       .debug_str     00000000 
0000f974 l       .debug_str     00000000 
00008b21 l       .debug_str     00000000 
0000a23a l       .debug_str     00000000 
00008b3b l       .debug_str     00000000 
000077f0 l       .debug_str     00000000 
000000bb l       .debug_str     00000000 
00003e3d l       .debug_str     00000000 
000000ce l       .debug_str     00000000 
000058b1 l       .debug_str     00000000 
0000a250 l       .debug_str     00000000 
0000819d l       .debug_str     00000000 
0000ba4d l       .debug_str     00000000 
0000f226 l       .debug_str     00000000 
0000601a l       .debug_str     00000000 
000020f3 l       .debug_str     00000000 
0000f989 l       .debug_str     00000000 
00009ae0 l       .debug_str     00000000 
000081c6 l       .debug_str     00000000 
0000da80 l       .debug_str     00000000 
00009af6 l       .debug_str     00000000 
00002e6f l       .debug_str     00000000 
00004731 l       .debug_str     00000000 
00004f62 l       .debug_str     00000000 
0000e250 l       .debug_str     00000000 
00002e85 l       .debug_str     00000000 
0000ba67 l       .debug_str     00000000 
0000602d l       .debug_str     00000000 
0000f23d l       .debug_str     00000000 
0000eacb l       .debug_str     00000000 
00003e5c l       .debug_str     00000000 
0000eae8 l       .debug_str     00000000 
0000353b l       .debug_str     00000000 
00004f7d l       .debug_str     00000000 
00006fd0 l       .debug_str     00000000 
00007805 l       .debug_str     00000000 
0000e270 l       .debug_str     00000000 
000000f1 l       .debug_str     00000000 
0000d1eb l       .debug_str     00000000 
0000ba85 l       .debug_str     00000000 
0000e28c l       .debug_str     00000000 
0000eb07 l       .debug_str     00000000 
0000b16d l       .debug_str     00000000 
000081dd l       .debug_str     00000000 
00002107 l       .debug_str     00000000 
00000112 l       .debug_str     00000000 
0000baa5 l       .debug_str     00000000 
00006feb l       .debug_str     00000000 
000009b3 l       .debug_str     00000000 
0000da93 l       .debug_str     00000000 
0000474d l       .debug_str     00000000 
00004f94 l       .debug_str     00000000 
0000f9a1 l       .debug_str     00000000 
00003556 l       .debug_str     00000000 
00000130 l       .debug_str     00000000 
0000b18e l       .debug_str     00000000 
00003e7d l       .debug_str     00000000 
00009b10 l       .debug_str     00000000 
00008b51 l       .debug_str     00000000 
0000daab l       .debug_str     00000000 
0000e2ac l       .debug_str     00000000 
0000eb2a l       .debug_str     00000000 
0000aaa3 l       .debug_str     00000000 
00008b6f l       .debug_str     00000000 
0000b1a9 l       .debug_str     00000000 
00006788 l       .debug_str     00000000 
0000a275 l       .debug_str     00000000 
0000ca93 l       .debug_str     00000000 
0000781f l       .debug_str     00000000 
000019e1 l       .debug_str     00000000 
00004587 l       .debug_str     00000000 
0000efe9 l       .debug_str     00000000 
0000d20c l       .debug_str     00000000 
0000caa8 l       .debug_str     00000000 
00007831 l       .debug_str     00000000 
0000c2a7 l       .debug_str     00000000 
00007005 l       .debug_str     00000000 
0000283d l       .debug_str     00000000 
0000284f l       .debug_str     00000000 
00002128 l       .debug_str     00000000 
00004faf l       .debug_str     00000000 
0000bac3 l       .debug_str     00000000 
00004768 l       .debug_str     00000000 
00003571 l       .debug_str     00000000 
000093fa l       .debug_str     00000000 
000067a9 l       .debug_str     00000000 
0000014b l       .debug_str     00000000 
000001c3 l       .debug_str     00000000 
000067fc l       .debug_str     00000000 
0000cab4 l       .debug_str     00000000 
00008b8e l       .debug_str     00000000 
0000fa24 l       .debug_str     00000000 
0000aae0 l       .debug_str     00000000 
00007866 l       .debug_str     00000000 
0000a294 l       .debug_str     00000000 
0000e2bf l       .debug_str     00000000 
000067f3 l       .debug_str     00000000 
0000bae1 l       .debug_str     00000000 
0000eb89 l       .debug_str     00000000 
00007857 l       .debug_str     00000000 
00009411 l       .debug_str     00000000 
000058d9 l       .debug_str     00000000 
00004fc4 l       .debug_str     00000000 
0000129f l       .debug_str     00000000 
0000d277 l       .debug_str     00000000 
000067dc l       .debug_str     00000000 
00009418 l       .debug_str     00000000 
0000aabf l       .debug_str     00000000 
0000285f l       .debug_str     00000000 
0000a2a2 l       .debug_str     00000000 
0000c2b4 l       .debug_str     00000000 
0000cb0f l       .debug_str     00000000 
00009432 l       .debug_str     00000000 
00002ea9 l       .debug_str     00000000 
0000cabc l       .debug_str     00000000 
00000163 l       .debug_str     00000000 
00008b96 l       .debug_str     00000000 
000067c0 l       .debug_str     00000000 
0000bada l       .debug_str     00000000 
0000d24f l       .debug_str     00000000 
0000d243 l       .debug_str     00000000 
000067cb l       .debug_str     00000000 
0000477f l       .debug_str     00000000 
00007016 l       .debug_str     00000000 
0000cace l       .debug_str     00000000 
0000213c l       .debug_str     00000000 
0000e2cc l       .debug_str     00000000 
000019fc l       .debug_str     00000000 
0000d25d l       .debug_str     00000000 
0000e2d6 l       .debug_str     00000000 
00004fd5 l       .debug_str     00000000 
0000478e l       .debug_str     00000000 
0000479c l       .debug_str     00000000 
00001a18 l       .debug_str     00000000 
000081fb l       .debug_str     00000000 
000012b0 l       .debug_str     00000000 
0000821b l       .debug_str     00000000 
000009cb l       .debug_str     00000000 
00004ff5 l       .debug_str     00000000 
0000f25d l       .debug_str     00000000 
00003e9a l       .debug_str     00000000 
000012d5 l       .debug_str     00000000 
00007840 l       .debug_str     00000000 
0000dacb l       .debug_str     00000000 
00003e94 l       .debug_str     00000000 
00006047 l       .debug_str     00000000 
00002ea1 l       .debug_str     00000000 
00000173 l       .debug_str     00000000 
0000caff l       .debug_str     00000000 
0000942c l       .debug_str     00000000 
000012d1 l       .debug_str     00000000 
000009db l       .debug_str     00000000 
0000caea l       .debug_str     00000000 
00009b35 l       .debug_str     00000000 
00000185 l       .debug_str     00000000 
0000f9bc l       .debug_str     00000000 
00002876 l       .debug_str     00000000 
00003588 l       .debug_str     00000000 
00002897 l       .debug_str     00000000 
00002156 l       .debug_str     00000000 
000012f5 l       .debug_str     00000000 
0000eb4d l       .debug_str     00000000 
0000dada l       .debug_str     00000000 
0000f27a l       .debug_str     00000000 
00007844 l       .debug_str     00000000 
00001a3a l       .debug_str     00000000 
00003ebc l       .debug_str     00000000 
000001a7 l       .debug_str     00000000 
0000131c l       .debug_str     00000000 
0000b1c1 l       .debug_str     00000000 
00001304 l       .debug_str     00000000 
000058df l       .debug_str     00000000 
00008238 l       .debug_str     00000000 
0000a2b9 l       .debug_str     00000000 
000058f5 l       .debug_str     00000000 
0000e2f8 l       .debug_str     00000000 
00005014 l       .debug_str     00000000 
0000aad3 l       .debug_str     00000000 
00009447 l       .debug_str     00000000 
0000cb25 l       .debug_str     00000000 
0000d28e l       .debug_str     00000000 
00008b9d l       .debug_str     00000000 
0000baea l       .debug_str     00000000 
000001b6 l       .debug_str     00000000 
0000eb6d l       .debug_str     00000000 
0000701e l       .debug_str     00000000 
0000b1c8 l       .debug_str     00000000 
0000eb7b l       .debug_str     00000000 
0000823a l       .debug_str     00000000 
0000702c l       .debug_str     00000000 
0000f9f6 l       .debug_str     00000000 
0000b1d5 l       .debug_str     00000000 
0000cb45 l       .debug_str     00000000 
0000fa0a l       .debug_str     00000000 
0000f9dc l       .debug_str     00000000 
000028b8 l       .debug_str     00000000 
00005019 l       .debug_str     00000000 
0000baf7 l       .debug_str     00000000 
00002ebe l       .debug_str     00000000 
0000a2bb l       .debug_str     00000000 
0000b1e9 l       .debug_str     00000000 
0000e30a l       .debug_str     00000000 
00001a49 l       .debug_str     00000000 
00008ba8 l       .debug_str     00000000 
0000daf8 l       .debug_str     00000000 
0000fa2a l       .debug_str     00000000 
0000f286 l       .debug_str     00000000 
00001fd7 l       .debug_str     00000000 
00006051 l       .debug_str     00000000 
000002a0 l       .debug_ranges  00000000 
000002b8 l       .debug_ranges  00000000 
000002d0 l       .debug_ranges  00000000 
000002f0 l       .debug_ranges  00000000 
00000310 l       .debug_ranges  00000000 
00000330 l       .debug_ranges  00000000 
00000350 l       .debug_ranges  00000000 
00000370 l       .debug_ranges  00000000 
00000390 l       .debug_ranges  00000000 
000003a8 l       .debug_ranges  00000000 
000003c0 l       .debug_ranges  00000000 
000003d8 l       .debug_ranges  00000000 
000003f0 l       .debug_ranges  00000000 
00000408 l       .debug_ranges  00000000 
000047ad l       .debug_str     00000000 
00009b37 l       .debug_str     00000000 
00001a54 l       .debug_str     00000000 
0000f2b7 l       .debug_str     00000000 
000047c3 l       .debug_str     00000000 
00009477 l       .debug_str     00000000 
000009f2 l       .debug_str     00000000 
0000b1fe l       .debug_str     00000000 
00008243 l       .debug_str     00000000 
0000c2db l       .debug_str     00000000 
00009464 l       .debug_str     00000000 
0000c2ca l       .debug_str     00000000 
00009452 l       .debug_str     00000000 
000001d4 l       .debug_str     00000000 
0000bb09 l       .debug_str     00000000 
000035a7 l       .debug_str     00000000 
0000b216 l       .debug_str     00000000 
0000d2ac l       .debug_str     00000000 
00008254 l       .debug_str     00000000 
0000aaf9 l       .debug_str     00000000 
000028d0 l       .debug_str     00000000 
0000eb9e l       .debug_str     00000000 
00003ecc l       .debug_str     00000000 
000001e4 l       .debug_str     00000000 
00001a6b l       .debug_str     00000000 
000035b5 l       .debug_str     00000000 
0000605e l       .debug_str     00000000 
0000826b l       .debug_str     00000000 
000001f1 l       .debug_str     00000000 
0000787d l       .debug_str     00000000 
0000cb63 l       .debug_str     00000000 
0000db03 l       .debug_str     00000000 
0000454d l       .debug_str     00000000 
000065b7 l       .debug_str     00000000 
00006e0c l       .debug_str     00000000 
00004580 l       .debug_str     00000000 
0000d96d l       .debug_str     00000000 
0000104b l       .debug_str     00000000 
0000e09c l       .debug_str     00000000 
00004db8 l       .debug_str     00000000 
0000997f l       .debug_str     00000000 
0000d2b4 l       .debug_str     00000000 
0000089c l       .debug_str     00000000 
00005eed l       .debug_str     00000000 
0000ade8 l       .debug_str     00000000 
0000d69a l       .debug_str     00000000 
00008777 l       .debug_str     00000000 
000047d6 l       .debug_str     00000000 
00009492 l       .debug_str     00000000 
000035c6 l       .debug_str     00000000 
0000827c l       .debug_str     00000000 
0000a2d2 l       .debug_str     00000000 
0000480b l       .debug_str     00000000 
0000cb89 l       .debug_str     00000000 
0000681e l       .debug_str     00000000 
0000828a l       .debug_str     00000000 
0000828f l       .debug_str     00000000 
0000788c l       .debug_str     00000000 
00009499 l       .debug_str     00000000 
0000a306 l       .debug_str     00000000 
00002eca l       .debug_str     00000000 
00008294 l       .debug_str     00000000 
00004818 l       .debug_str     00000000 
0000e37c l       .debug_str     00000000 
00003ed8 l       .debug_str     00000000 
0000ab04 l       .debug_str     00000000 
0000db16 l       .debug_str     00000000 
00004826 l       .debug_str     00000000 
0000b229 l       .debug_str     00000000 
0000d2ea l       .debug_str     00000000 
0000db0e l       .debug_str     00000000 
00001323 l       .debug_str     00000000 
000028df l       .debug_str     00000000 
00007895 l       .debug_str     00000000 
00000200 l       .debug_str     00000000 
00002178 l       .debug_str     00000000 
0000c2e6 l       .debug_str     00000000 
0000cb6f l       .debug_str     00000000 
0000e360 l       .debug_str     00000000 
0000eba8 l       .debug_str     00000000 
0000606f l       .debug_str     00000000 
00005033 l       .debug_str     00000000 
0000680b l       .debug_str     00000000 
0000db29 l       .debug_str     00000000 
000028fa l       .debug_str     00000000 
000060ae l       .debug_str     00000000 
00005050 l       .debug_str     00000000 
0000bb2f l       .debug_str     00000000 
0000bb1c l       .debug_str     00000000 
00001a83 l       .debug_str     00000000 
0000bb20 l       .debug_str     00000000 
000094a2 l       .debug_str     00000000 
00008298 l       .debug_str     00000000 
000028e8 l       .debug_str     00000000 
00009b3e l       .debug_str     00000000 
00006096 l       .debug_str     00000000 
00004831 l       .debug_str     00000000 
0000c302 l       .debug_str     00000000 
0000608d l       .debug_str     00000000 
00005915 l       .debug_str     00000000 
00001330 l       .debug_str     00000000 
0000fa37 l       .debug_str     00000000 
00000209 l       .debug_str     00000000 
0000f2cc l       .debug_str     00000000 
00002ecf l       .debug_str     00000000 
00001a94 l       .debug_str     00000000 
0000c30b l       .debug_str     00000000 
0000c325 l       .debug_str     00000000 
0000c345 l       .debug_str     00000000 
000035ce l       .debug_str     00000000 
0000703c l       .debug_str     00000000 
000035dd l       .debug_str     00000000 
0000c362 l       .debug_str     00000000 
00000227 l       .debug_str     00000000 
00003eea l       .debug_str     00000000 
0000682b l       .debug_str     00000000 
000060bc l       .debug_str     00000000 
0000cb98 l       .debug_str     00000000 
0000c376 l       .debug_str     00000000 
00000260 l       .debug_str     00000000 
000094b2 l       .debug_str     00000000 
000009f7 l       .debug_str     00000000 
000094c8 l       .debug_str     00000000 
000060cf l       .debug_str     00000000 
0000fa50 l       .debug_str     00000000 
00000a0e l       .debug_str     00000000 
00001362 l       .debug_str     00000000 
0000134b l       .debug_str     00000000 
0000d2f4 l       .debug_str     00000000 
0000ebc4 l       .debug_str     00000000 
000060e9 l       .debug_str     00000000 
0000bb45 l       .debug_str     00000000 
0000bb5d l       .debug_str     00000000 
00005068 l       .debug_str     00000000 
0000704e l       .debug_str     00000000 
0000f2ea l       .debug_str     00000000 
00005921 l       .debug_str     00000000 
0000683d l       .debug_str     00000000 
0000ebdb l       .debug_str     00000000 
000082a6 l       .debug_str     00000000 
00004847 l       .debug_str     00000000 
00000a1a l       .debug_str     00000000 
000082bb l       .debug_str     00000000 
00005080 l       .debug_str     00000000 
0000e518 l       .debug_str     00000000 
00005092 l       .debug_str     00000000 
0000a30e l       .debug_str     00000000 
0000e390 l       .debug_str     00000000 
0000684e l       .debug_str     00000000 
0000789e l       .debug_str     00000000 
000035ef l       .debug_str     00000000 
0000a334 l       .debug_str     00000000 
000094e1 l       .debug_str     00000000 
00000276 l       .debug_str     00000000 
0000485c l       .debug_str     00000000 
00002181 l       .debug_str     00000000 
00005937 l       .debug_str     00000000 
00002904 l       .debug_str     00000000 
00002ee5 l       .debug_str     00000000 
0000fa68 l       .debug_str     00000000 
0000cbb0 l       .debug_str     00000000 
0000fa8d l       .debug_str     00000000 
000021a7 l       .debug_str     00000000 
00001375 l       .debug_str     00000000 
00003efa l       .debug_str     00000000 
00008bba l       .debug_str     00000000 
00003614 l       .debug_str     00000000 
0000cbd5 l       .debug_str     00000000 
0000db3a l       .debug_str     00000000 
000050ac l       .debug_str     00000000 
00001397 l       .debug_str     00000000 
0000595d l       .debug_str     00000000 
00006100 l       .debug_str     00000000 
0000ab08 l       .debug_str     00000000 
000082d1 l       .debug_str     00000000 
0000705a l       .debug_str     00000000 
0000d30b l       .debug_str     00000000 
0000cbfa l       .debug_str     00000000 
0000a359 l       .debug_str     00000000 
000082f7 l       .debug_str     00000000 
00009b52 l       .debug_str     00000000 
00003f20 l       .debug_str     00000000 
00003635 l       .debug_str     00000000 
0000fab1 l       .debug_str     00000000 
0000b232 l       .debug_str     00000000 
00009b78 l       .debug_str     00000000 
00003654 l       .debug_str     00000000 
0000831b l       .debug_str     00000000 
0000b251 l       .debug_str     00000000 
0000db5f l       .debug_str     00000000 
00002925 l       .debug_str     00000000 
0000d330 l       .debug_str     00000000 
0000fad0 l       .debug_str     00000000 
00009b97 l       .debug_str     00000000 
0000f300 l       .debug_str     00000000 
00001aa8 l       .debug_str     00000000 
0000833a l       .debug_str     00000000 
00002f0a l       .debug_str     00000000 
000078c3 l       .debug_str     00000000 
00006122 l       .debug_str     00000000 
00002f2a l       .debug_str     00000000 
000078e3 l       .debug_str     00000000 
000050d1 l       .debug_str     00000000 
00003f42 l       .debug_str     00000000 
0000db7e l       .debug_str     00000000 
0000ebf0 l       .debug_str     00000000 
0000029c l       .debug_str     00000000 
00007903 l       .debug_str     00000000 
00007923 l       .debug_str     00000000 
0000487e l       .debug_str     00000000 
0000faf0 l       .debug_str     00000000 
000050f1 l       .debug_str     00000000 
0000835a l       .debug_str     00000000 
00003673 l       .debug_str     00000000 
0000e3b6 l       .debug_str     00000000 
00009bb7 l       .debug_str     00000000 
00005983 l       .debug_str     00000000 
000021cd l       .debug_str     00000000 
0000837a l       .debug_str     00000000 
000002bc l       .debug_str     00000000 
0000e3ea l       .debug_str     00000000 
0000fb10 l       .debug_str     00000000 
0000ab2e l       .debug_str     00000000 
0000cc1f l       .debug_str     00000000 
0000ec10 l       .debug_str     00000000 
0000489e l       .debug_str     00000000 
00001ac8 l       .debug_str     00000000 
000048c2 l       .debug_str     00000000 
00009505 l       .debug_str     00000000 
000083a4 l       .debug_str     00000000 
000013bb l       .debug_str     00000000 
000013e0 l       .debug_str     00000000 
000002ec l       .debug_str     00000000 
00002f4a l       .debug_str     00000000 
00003693 l       .debug_str     00000000 
000021fc l       .debug_str     00000000 
0000ab54 l       .debug_str     00000000 
0000221f l       .debug_str     00000000 
000048eb l       .debug_str     00000000 
0000a37e l       .debug_str     00000000 
0000e418 l       .debug_str     00000000 
0000fb3c l       .debug_str     00000000 
00002944 l       .debug_str     00000000 
0000d34f l       .debug_str     00000000 
000083cc l       .debug_str     00000000 
0000707b l       .debug_str     00000000 
00008be0 l       .debug_str     00000000 
00001405 l       .debug_str     00000000 
0000db9e l       .debug_str     00000000 
0000a3a4 l       .debug_str     00000000 
000083f4 l       .debug_str     00000000 
00004910 l       .debug_str     00000000 
0000e43c l       .debug_str     00000000 
0000a3c8 l       .debug_str     00000000 
00001428 l       .debug_str     00000000 
0000144e l       .debug_str     00000000 
0000e462 l       .debug_str     00000000 
0000bb75 l       .debug_str     00000000 
0000a3ed l       .debug_str     00000000 
00002245 l       .debug_str     00000000 
00007943 l       .debug_str     00000000 
0000e48a l       .debug_str     00000000 
0000ec36 l       .debug_str     00000000 
0000bb9e l       .debug_str     00000000 
00001472 l       .debug_str     00000000 
00000a2e l       .debug_str     00000000 
0000b270 l       .debug_str     00000000 
0000d378 l       .debug_str     00000000 
00005111 l       .debug_str     00000000 
000070a0 l       .debug_str     00000000 
0000226d l       .debug_str     00000000 
0000e4af l       .debug_str     00000000 
00008c05 l       .debug_str     00000000 
0000d39c l       .debug_str     00000000 
0000b295 l       .debug_str     00000000 
0000fb64 l       .debug_str     00000000 
00000a51 l       .debug_str     00000000 
00002f6f l       .debug_str     00000000 
0000e4d4 l       .debug_str     00000000 
00001496 l       .debug_str     00000000 
0000cc44 l       .debug_str     00000000 
00009beb l       .debug_str     00000000 
0000030f l       .debug_str     00000000 
0000ec59 l       .debug_str     00000000 
00007968 l       .debug_str     00000000 
0000ec7d l       .debug_str     00000000 
000014bc l       .debug_str     00000000 
0000952e l       .debug_str     00000000 
00003f62 l       .debug_str     00000000 
000070d4 l       .debug_str     00000000 
00003f84 l       .debug_str     00000000 
0000229a l       .debug_str     00000000 
00000a74 l       .debug_str     00000000 
0000cc6b l       .debug_str     00000000 
0000e4f7 l       .debug_str     00000000 
00000337 l       .debug_str     00000000 
0000035a l       .debug_str     00000000 
0000d3c4 l       .debug_str     00000000 
00000a98 l       .debug_str     00000000 
00000380 l       .debug_str     00000000 
0000dbc3 l       .debug_str     00000000 
000014e2 l       .debug_str     00000000 
00000abd l       .debug_str     00000000 
0000798d l       .debug_str     00000000 
0000d3ec l       .debug_str     00000000 
00003fa9 l       .debug_str     00000000 
00005135 l       .debug_str     00000000 
0000296d l       .debug_str     00000000 
0000d41f l       .debug_str     00000000 
0000b2bd l       .debug_str     00000000 
00004935 l       .debug_str     00000000 
000079be l       .debug_str     00000000 
00001af0 l       .debug_str     00000000 
0000eca4 l       .debug_str     00000000 
0000495b l       .debug_str     00000000 
00006142 l       .debug_str     00000000 
00008417 l       .debug_str     00000000 
000059b7 l       .debug_str     00000000 
0000fb8c l       .debug_str     00000000 
00008438 l       .debug_str     00000000 
000079e0 l       .debug_str     00000000 
00002f95 l       .debug_str     00000000 
00001513 l       .debug_str     00000000 
000070fa l       .debug_str     00000000 
000059d5 l       .debug_str     00000000 
0000bbc3 l       .debug_str     00000000 
00001b13 l       .debug_str     00000000 
00001538 l       .debug_str     00000000 
00000aeb l       .debug_str     00000000 
0000f320 l       .debug_str     00000000 
0000845f l       .debug_str     00000000 
00001b3d l       .debug_str     00000000 
0000fbae l       .debug_str     00000000 
00002fbb l       .debug_str     00000000 
00002ff3 l       .debug_str     00000000 
0000c38c l       .debug_str     00000000 
0000cc94 l       .debug_str     00000000 
0000a416 l       .debug_str     00000000 
0000686f l       .debug_str     00000000 
000003b0 l       .debug_str     00000000 
00007a07 l       .debug_str     00000000 
00008c2d l       .debug_str     00000000 
00009554 l       .debug_str     00000000 
00003fd1 l       .debug_str     00000000 
0000fbbb l       .debug_str     00000000 
0000ecd4 l       .debug_str     00000000 
00009568 l       .debug_str     00000000 
0000ecc5 l       .debug_str     00000000 
0000cc9f l       .debug_str     00000000 
0000ccac l       .debug_str     00000000 
00008484 l       .debug_str     00000000 
0000e531 l       .debug_str     00000000 
0000c39e l       .debug_str     00000000 
0000bbf5 l       .debug_str     00000000 
0000f347 l       .debug_str     00000000 
00003000 l       .debug_str     00000000 
00007a14 l       .debug_str     00000000 
0000299a l       .debug_str     00000000 
0000515b l       .debug_str     00000000 
0000ece0 l       .debug_str     00000000 
00007128 l       .debug_str     00000000 
0000dbef l       .debug_str     00000000 
0000c3a5 l       .debug_str     00000000 
0000ccc8 l       .debug_str     00000000 
0000155f l       .debug_str     00000000 
0000c3c1 l       .debug_str     00000000 
0000a41f l       .debug_str     00000000 
000029ad l       .debug_str     00000000 
000003b8 l       .debug_str     00000000 
0000a43c l       .debug_str     00000000 
0000c3ff l       .debug_str     00000000 
0000cce4 l       .debug_str     00000000 
00009572 l       .debug_str     00000000 
00007a21 l       .debug_str     00000000 
0000c3dc l       .debug_str     00000000 
0000497d l       .debug_str     00000000 
0000b2e2 l       .debug_str     00000000 
0000c421 l       .debug_str     00000000 
00003009 l       .debug_str     00000000 
00005a07 l       .debug_str     00000000 
00008c35 l       .debug_str     00000000 
0000e53c l       .debug_str     00000000 
0000b300 l       .debug_str     00000000 
000029c8 l       .debug_str     00000000 
00007a51 l       .debug_str     00000000 
00008c4a l       .debug_str     00000000 
00006165 l       .debug_str     00000000 
000095a2 l       .debug_str     00000000 
0000a45a l       .debug_str     00000000 
0000c440 l       .debug_str     00000000 
0000d443 l       .debug_str     00000000 
00007142 l       .debug_str     00000000 
0000dc0b l       .debug_str     00000000 
00008c5f l       .debug_str     00000000 
00007a66 l       .debug_str     00000000 
00009c0e l       .debug_str     00000000 
00008c75 l       .debug_str     00000000 
00008c8b l       .debug_str     00000000 
0000fbc6 l       .debug_str     00000000 
00008492 l       .debug_str     00000000 
00005a1c l       .debug_str     00000000 
000084a8 l       .debug_str     00000000 
000003d3 l       .debug_str     00000000 
000036b7 l       .debug_str     00000000 
000003e9 l       .debug_str     00000000 
00008ca1 l       .debug_str     00000000 
00003fde l       .debug_str     00000000 
0000cd0c l       .debug_str     00000000 
0000687e l       .debug_str     00000000 
00006894 l       .debug_str     00000000 
0000ab79 l       .debug_str     00000000 
00001b57 l       .debug_str     00000000 
0000b315 l       .debug_str     00000000 
0000301b l       .debug_str     00000000 
00007158 l       .debug_str     00000000 
00003ff4 l       .debug_str     00000000 
00000b10 l       .debug_str     00000000 
00001b69 l       .debug_str     00000000 
000003ff l       .debug_str     00000000 
00000b21 l       .debug_str     00000000 
0000b328 l       .debug_str     00000000 
0000302e l       .debug_str     00000000 
000036cd l       .debug_str     00000000 
00000b32 l       .debug_str     00000000 
00001b7b l       .debug_str     00000000 
00003051 l       .debug_str     00000000 
00000413 l       .debug_str     00000000 
0000f34f l       .debug_str     00000000 
00001b99 l       .debug_str     00000000 
00000432 l       .debug_str     00000000 
000084be l       .debug_str     00000000 
00007173 l       .debug_str     00000000 
00004005 l       .debug_str     00000000 
0000ab8f l       .debug_str     00000000 
0000cd22 l       .debug_str     00000000 
00008cb7 l       .debug_str     00000000 
000022be l       .debug_str     00000000 
0000d459 l       .debug_str     00000000 
00001bbc l       .debug_str     00000000 
00000b53 l       .debug_str     00000000 
0000517d l       .debug_str     00000000 
00005a32 l       .debug_str     00000000 
000095b7 l       .debug_str     00000000 
0000d470 l       .debug_str     00000000 
00004995 l       .debug_str     00000000 
000022d0 l       .debug_str     00000000 
0000044d l       .debug_str     00000000 
0000fbdc l       .debug_str     00000000 
00001579 l       .debug_str     00000000 
00007189 l       .debug_str     00000000 
000029dd l       .debug_str     00000000 
00001591 l       .debug_str     00000000 
0000a46f l       .debug_str     00000000 
00008ccb l       .debug_str     00000000 
0000aba2 l       .debug_str     00000000 
0000cd35 l       .debug_str     00000000 
0000518c l       .debug_str     00000000 
0000306f l       .debug_str     00000000 
0000b349 l       .debug_str     00000000 
00004017 l       .debug_str     00000000 
00000bab l       .debug_str     00000000 
000068aa l       .debug_str     00000000 
0000abc0 l       .debug_str     00000000 
0000a489 l       .debug_str     00000000 
000015ab l       .debug_str     00000000 
000084db l       .debug_str     00000000 
000051a9 l       .debug_str     00000000 
0000bc01 l       .debug_str     00000000 
0000e551 l       .debug_str     00000000 
0000617a l       .debug_str     00000000 
0000bc1d l       .debug_str     00000000 
00007a7c l       .debug_str     00000000 
0000abdd l       .debug_str     00000000 
0000308c l       .debug_str     00000000 
00000467 l       .debug_str     00000000 
0000cd52 l       .debug_str     00000000 
000051c6 l       .debug_str     00000000 
000049ad l       .debug_str     00000000 
000015ca l       .debug_str     00000000 
00001bd1 l       .debug_str     00000000 
000068c5 l       .debug_str     00000000 
00007a9d l       .debug_str     00000000 
000036f1 l       .debug_str     00000000 
00008ce8 l       .debug_str     00000000 
000095e4 l       .debug_str     00000000 
000015ea l       .debug_str     00000000 
0000c456 l       .debug_str     00000000 
00000bc9 l       .debug_str     00000000 
000029f9 l       .debug_str     00000000 
000071a3 l       .debug_str     00000000 
00006191 l       .debug_str     00000000 
0000f372 l       .debug_str     00000000 
0000abfe l       .debug_str     00000000 
00006900 l       .debug_str     00000000 
00009c24 l       .debug_str     00000000 
000068e5 l       .debug_str     00000000 
00001be9 l       .debug_str     00000000 
000030ab l       .debug_str     00000000 
000049d1 l       .debug_str     00000000 
000084f8 l       .debug_str     00000000 
000051e8 l       .debug_str     00000000 
0000e56e l       .debug_str     00000000 
0000a4a8 l       .debug_str     00000000 
00000be9 l       .debug_str     00000000 
00002a14 l       .debug_str     00000000 
00009c5a l       .debug_str     00000000 
0000520b l       .debug_str     00000000 
00006917 l       .debug_str     00000000 
00004035 l       .debug_str     00000000 
0000ac1d l       .debug_str     00000000 
00008517 l       .debug_str     00000000 
0000fbf8 l       .debug_str     00000000 
0000ecff l       .debug_str     00000000 
000022eb l       .debug_str     00000000 
0000bc3c l       .debug_str     00000000 
00004051 l       .debug_str     00000000 
00002307 l       .debug_str     00000000 
0000160f l       .debug_str     00000000 
0000ac39 l       .debug_str     00000000 
0000162b l       .debug_str     00000000 
00008533 l       .debug_str     00000000 
00002a2a l       .debug_str     00000000 
0000370f l       .debug_str     00000000 
0000693a l       .debug_str     00000000 
0000372b l       .debug_str     00000000 
0000cd6f l       .debug_str     00000000 
0000522f l       .debug_str     00000000 
00001c06 l       .debug_str     00000000 
00003747 l       .debug_str     00000000 
000071c4 l       .debug_str     00000000 
00006956 l       .debug_str     00000000 
0000ac55 l       .debug_str     00000000 
0000b367 l       .debug_str     00000000 
0000ac71 l       .debug_str     00000000 
000030c8 l       .debug_str     00000000 
0000b383 l       .debug_str     00000000 
0000cd8b l       .debug_str     00000000 
0000c47b l       .debug_str     00000000 
0000f38f l       .debug_str     00000000 
0000e57a l       .debug_str     00000000 
0000f3ab l       .debug_str     00000000 
000071e1 l       .debug_str     00000000 
000071fe l       .debug_str     00000000 
0000bc58 l       .debug_str     00000000 
00007ab8 l       .debug_str     00000000 
0000f3c8 l       .debug_str     00000000 
0000a4b6 l       .debug_str     00000000 
00000481 l       .debug_str     00000000 
00008cfa l       .debug_str     00000000 
0000ac8d l       .debug_str     00000000 
0000049d l       .debug_str     00000000 
0000524b l       .debug_str     00000000 
0000fc14 l       .debug_str     00000000 
0000f3e4 l       .debug_str     00000000 
00001c23 l       .debug_str     00000000 
00009c3e l       .debug_str     00000000 
0000e5ee l       .debug_str     00000000 
0000a4d2 l       .debug_str     00000000 
0000b39f l       .debug_str     00000000 
00006972 l       .debug_str     00000000 
00005268 l       .debug_str     00000000 
00009c74 l       .debug_str     00000000 
0000854f l       .debug_str     00000000 
0000dc21 l       .debug_str     00000000 
0000b3bc l       .debug_str     00000000 
00005a4a l       .debug_str     00000000 
0000b3d9 l       .debug_str     00000000 
0000e596 l       .debug_str     00000000 
0000d485 l       .debug_str     00000000 
0000dc3e l       .debug_str     00000000 
00000bf7 l       .debug_str     00000000 
0000b3f6 l       .debug_str     00000000 
0000c497 l       .debug_str     00000000 
00002323 l       .debug_str     00000000 
0000a4ef l       .debug_str     00000000 
0000aca9 l       .debug_str     00000000 
00000c14 l       .debug_str     00000000 
00007ad4 l       .debug_str     00000000 
00008d16 l       .debug_str     00000000 
00003764 l       .debug_str     00000000 
0000f401 l       .debug_str     00000000 
00007af2 l       .debug_str     00000000 
0000698f l       .debug_str     00000000 
0000acc6 l       .debug_str     00000000 
00009609 l       .debug_str     00000000 
00000c32 l       .debug_str     00000000 
00005a67 l       .debug_str     00000000 
000030e4 l       .debug_str     00000000 
0000cda7 l       .debug_str     00000000 
0000e5b3 l       .debug_str     00000000 
000049f0 l       .debug_str     00000000 
000069ac l       .debug_str     00000000 
0000cdc4 l       .debug_str     00000000 
0000e5d1 l       .debug_str     00000000 
00003101 l       .debug_str     00000000 
0000a50c l       .debug_str     00000000 
00007b0f l       .debug_str     00000000 
0000721b l       .debug_str     00000000 
00003781 l       .debug_str     00000000 
00007b2c l       .debug_str     00000000 
0000379e l       .debug_str     00000000 
0000406d l       .debug_str     00000000 
000037bc l       .debug_str     00000000 
000061b0 l       .debug_str     00000000 
00007238 l       .debug_str     00000000 
00000c4f l       .debug_str     00000000 
00007255 l       .debug_str     00000000 
00002a46 l       .debug_str     00000000 
00009626 l       .debug_str     00000000 
00000c63 l       .debug_str     00000000 
0000ad17 l       .debug_str     00000000 
0000311e l       .debug_str     00000000 
00001647 l       .debug_str     00000000 
00002a5b l       .debug_str     00000000 
0000ed1b l       .debug_str     00000000 
00003138 l       .debug_str     00000000 
0000c4b4 l       .debug_str     00000000 
0000ed35 l       .debug_str     00000000 
0000dc5b l       .debug_str     00000000 
000061ce l       .debug_str     00000000 
0000856c l       .debug_str     00000000 
00008586 l       .debug_str     00000000 
00001661 l       .debug_str     00000000 
000061e8 l       .debug_str     00000000 
00008d34 l       .debug_str     00000000 
000085a0 l       .debug_str     00000000 
00000c83 l       .debug_str     00000000 
0000b413 l       .debug_str     00000000 
000037da l       .debug_str     00000000 
000037f4 l       .debug_str     00000000 
0000380e l       .debug_str     00000000 
0000408b l       .debug_str     00000000 
000085ba l       .debug_str     00000000 
0000d4a2 l       .debug_str     00000000 
0000f41e l       .debug_str     00000000 
00009c91 l       .debug_str     00000000 
0000fc31 l       .debug_str     00000000 
00009cab l       .debug_str     00000000 
00004a0e l       .debug_str     00000000 
0000fc4b l       .debug_str     00000000 
0000e60a l       .debug_str     00000000 
0000a529 l       .debug_str     00000000 
0000a543 l       .debug_str     00000000 
0000dc75 l       .debug_str     00000000 
0000fc65 l       .debug_str     00000000 
00006202 l       .debug_str     00000000 
000040a6 l       .debug_str     00000000 
0000fc80 l       .debug_str     00000000 
0000ace3 l       .debug_str     00000000 
0000f438 l       .debug_str     00000000 
0000acfd l       .debug_str     00000000 
0000b42d l       .debug_str     00000000 
00000c9d l       .debug_str     00000000 
0000963d l       .debug_str     00000000 
00000cb7 l       .debug_str     00000000 
00009cc5 l       .debug_str     00000000 
0000dc90 l       .debug_str     00000000 
00005a84 l       .debug_str     00000000 
0000f452 l       .debug_str     00000000 
00003829 l       .debug_str     00000000 
000069ca l       .debug_str     00000000 
00009ce0 l       .debug_str     00000000 
0000f46c l       .debug_str     00000000 
00002340 l       .debug_str     00000000 
00009d02 l       .debug_str     00000000 
0000621d l       .debug_str     00000000 
0000e624 l       .debug_str     00000000 
0000e647 l       .debug_str     00000000 
00007b49 l       .debug_str     00000000 
00001c40 l       .debug_str     00000000 
00005a9f l       .debug_str     00000000 
0000d4bc l       .debug_str     00000000 
00007b6c l       .debug_str     00000000 
00002a75 l       .debug_str     00000000 
00009d24 l       .debug_str     00000000 
000004b9 l       .debug_str     00000000 
0000c4ce l       .debug_str     00000000 
000040d9 l       .debug_str     00000000 
000085d5 l       .debug_str     00000000 
0000ed4f l       .debug_str     00000000 
000040c0 l       .debug_str     00000000 
000004db l       .debug_str     00000000 
0000ed67 l       .debug_str     00000000 
00003152 l       .debug_str     00000000 
0000d4e8 l       .debug_str     00000000 
0000cde1 l       .debug_str     00000000 
00009657 l       .debug_str     00000000 
00008d4e l       .debug_str     00000000 
0000ed80 l       .debug_str     00000000 
00007b8f l       .debug_str     00000000 
0000b49e l       .debug_str     00000000 
00004a28 l       .debug_str     00000000 
0000623f l       .debug_str     00000000 
0000bc74 l       .debug_str     00000000 
0000dcab l       .debug_str     00000000 
00005ac9 l       .debug_str     00000000 
00000cd2 l       .debug_str     00000000 
0000fc9a l       .debug_str     00000000 
00009d46 l       .debug_str     00000000 
00005af1 l       .debug_str     00000000 
00004a50 l       .debug_str     00000000 
00001c63 l       .debug_str     00000000 
00009d6e l       .debug_str     00000000 
000040ef l       .debug_str     00000000 
000085ec l       .debug_str     00000000 
0000b447 l       .debug_str     00000000 
0000a55d l       .debug_str     00000000 
00002a98 l       .debug_str     00000000 
0000f48e l       .debug_str     00000000 
00006267 l       .debug_str     00000000 
00004118 l       .debug_str     00000000 
0000d509 l       .debug_str     00000000 
00005b19 l       .debug_str     00000000 
000004f3 l       .debug_str     00000000 
0000726a l       .debug_str     00000000 
0000c4e9 l       .debug_str     00000000 
0000e66a l       .debug_str     00000000 
00008d6c l       .debug_str     00000000 
00002ac1 l       .debug_str     00000000 
00009673 l       .debug_str     00000000 
0000e693 l       .debug_str     00000000 
00002362 l       .debug_str     00000000 
00006290 l       .debug_str     00000000 
000062b9 l       .debug_str     00000000 
0000a586 l       .debug_str     00000000 
000062df l       .debug_str     00000000 
0000d532 l       .debug_str     00000000 
0000bc9c l       .debug_str     00000000 
00007ba9 l       .debug_str     00000000 
0000e6bc l       .debug_str     00000000 
00001c8c l       .debug_str     00000000 
00002aea l       .debug_str     00000000 
0000f4b7 l       .debug_str     00000000 
0000238b l       .debug_str     00000000 
00004a78 l       .debug_str     00000000 
000069ec l       .debug_str     00000000 
00003842 l       .debug_str     00000000 
0000b470 l       .debug_str     00000000 
00008d95 l       .debug_str     00000000 
0000d558 l       .debug_str     00000000 
00009d97 l       .debug_str     00000000 
000023b1 l       .debug_str     00000000 
0000d583 l       .debug_str     00000000 
00005285 l       .debug_str     00000000 
00008dc0 l       .debug_str     00000000 
0000c512 l       .debug_str     00000000 
0000c544 l       .debug_str     00000000 
00004141 l       .debug_str     00000000 
000052b7 l       .debug_str     00000000 
00009de8 l       .debug_str     00000000 
00008df2 l       .debug_str     00000000 
00000cfa l       .debug_str     00000000 
00000d1e l       .debug_str     00000000 
00007bcf l       .debug_str     00000000 
00007293 l       .debug_str     00000000 
00007bf1 l       .debug_str     00000000 
0000dcd3 l       .debug_str     00000000 
0000051c l       .debug_str     00000000 
0000053e l       .debug_str     00000000 
00005b42 l       .debug_str     00000000 
000072b5 l       .debug_str     00000000 
0000f4e1 l       .debug_str     00000000 
0000ed9d l       .debug_str     00000000 
0000167b l       .debug_str     00000000 
0000bcc2 l       .debug_str     00000000 
0000d5b5 l       .debug_str     00000000 
0000a5ac l       .debug_str     00000000 
0000c577 l       .debug_str     00000000 
0000bce5 l       .debug_str     00000000 
00005b64 l       .debug_str     00000000 
00006305 l       .debug_str     00000000 
0000969c l       .debug_str     00000000 
000023e6 l       .debug_str     00000000 
00000560 l       .debug_str     00000000 
00003169 l       .debug_str     00000000 
00006a12 l       .debug_str     00000000 
0000b4c0 l       .debug_str     00000000 
00002409 l       .debug_str     00000000 
000052da l       .debug_str     00000000 
00008615 l       .debug_str     00000000 
00000583 l       .debug_str     00000000 
0000318c l       .debug_str     00000000 
00001cb6 l       .debug_str     00000000 
00008638 l       .debug_str     00000000 
0000865b l       .debug_str     00000000 
0000867e l       .debug_str     00000000 
00006328 l       .debug_str     00000000 
0000a5cf l       .debug_str     00000000 
000031af l       .debug_str     00000000 
000052fd l       .debug_str     00000000 
000031cf l       .debug_str     00000000 
00007c13 l       .debug_str     00000000 
0000d5d8 l       .debug_str     00000000 
00006348 l       .debug_str     00000000 
0000b4e3 l       .debug_str     00000000 
0000ce02 l       .debug_str     00000000 
0000169e l       .debug_str     00000000 
0000edbf l       .debug_str     00000000 
0000531d l       .debug_str     00000000 
00009dc2 l       .debug_str     00000000 
0000c59a l       .debug_str     00000000 
0000b507 l       .debug_str     00000000 
00008e17 l       .debug_str     00000000 
000096bf l       .debug_str     00000000 
0000bd08 l       .debug_str     00000000 
0000e6e6 l       .debug_str     00000000 
0000ce22 l       .debug_str     00000000 
0000533d l       .debug_str     00000000 
000072d7 l       .debug_str     00000000 
0000f503 l       .debug_str     00000000 
00006a35 l       .debug_str     00000000 
00001cd9 l       .debug_str     00000000 
0000dcf5 l       .debug_str     00000000 
0000c5c0 l       .debug_str     00000000 
00007309 l       .debug_str     00000000 
0000c5f2 l       .debug_str     00000000 
00008e3d l       .debug_str     00000000 
0000636c l       .debug_str     00000000 
0000ad2f l       .debug_str     00000000 
0000dd27 l       .debug_str     00000000 
0000416b l       .debug_str     00000000 
0000f535 l       .debug_str     00000000 
000031ef l       .debug_str     00000000 
0000dd4a l       .debug_str     00000000 
0000ce54 l       .debug_str     00000000 
0000242c l       .debug_str     00000000 
0000e70b l       .debug_str     00000000 
0000c615 l       .debug_str     00000000 
0000733b l       .debug_str     00000000 
0000dd77 l       .debug_str     00000000 
00003868 l       .debug_str     00000000 
00002b31 l       .debug_str     00000000 
00002b14 l       .debug_str     00000000 
0000388c l       .debug_str     00000000 
000096e3 l       .debug_str     00000000 
00008e60 l       .debug_str     00000000 
000005a6 l       .debug_str     00000000 
0000b52d l       .debug_str     00000000 
0000536f l       .debug_str     00000000 
00009e03 l       .debug_str     00000000 
0000ce81 l       .debug_str     00000000 
0000bd2c l       .debug_str     00000000 
0000ce97 l       .debug_str     00000000 
0000b53e l       .debug_str     00000000 
0000e738 l       .debug_str     00000000 
00004a9e l       .debug_str     00000000 
0000a5ef l       .debug_str     00000000 
0000418e l       .debug_str     00000000 
00009e17 l       .debug_str     00000000 
0000fcc2 l       .debug_str     00000000 
0000321f l       .debug_str     00000000 
000038a7 l       .debug_str     00000000 
0000bd4f l       .debug_str     00000000 
0000dd91 l       .debug_str     00000000 
0000c643 l       .debug_str     00000000 
0000a607 l       .debug_str     00000000 
00000d44 l       .debug_str     00000000 
0000bd6c l       .debug_str     00000000 
0000ddab l       .debug_str     00000000 
00002b44 l       .debug_str     00000000 
0000de09 l       .debug_str     00000000 
00005b87 l       .debug_str     00000000 
000041a7 l       .debug_str     00000000 
0000ceb4 l       .debug_str     00000000 
000016be l       .debug_str     00000000 
0000de1e l       .debug_str     00000000 
0000eddf l       .debug_str     00000000 
0000bd8c l       .debug_str     00000000 
0000869e l       .debug_str     00000000 
00008eba l       .debug_str     00000000 
0000a61f l       .debug_str     00000000 
00007c37 l       .debug_str     00000000 
00004abd l       .debug_str     00000000 
00002b56 l       .debug_str     00000000 
00009e2e l       .debug_str     00000000 
0000d5fc l       .debug_str     00000000 
000038cf l       .debug_str     00000000 
0000fcda l       .debug_str     00000000 
0000a646 l       .debug_str     00000000 
0000a656 l       .debug_str     00000000 
0000ad52 l       .debug_str     00000000 
000038bf l       .debug_str     00000000 
000005b5 l       .debug_str     00000000 
00006a67 l       .debug_str     00000000 
00009703 l       .debug_str     00000000 
000005c5 l       .debug_str     00000000 
00003234 l       .debug_str     00000000 
00002b63 l       .debug_str     00000000 
00005389 l       .debug_str     00000000 
0000edfa l       .debug_str     00000000 
00003244 l       .debug_str     00000000 
00007c47 l       .debug_str     00000000 
00005ba4 l       .debug_str     00000000 
00005bb5 l       .debug_str     00000000 
0000de3c l       .debug_str     00000000 
00002459 l       .debug_str     00000000 
000086c2 l       .debug_str     00000000 
00008edf l       .debug_str     00000000 
000086d3 l       .debug_str     00000000 
0000fcea l       .debug_str     00000000 
00008ef0 l       .debug_str     00000000 
0000246a l       .debug_str     00000000 
00005bc6 l       .debug_str     00000000 
00009713 l       .debug_str     00000000 
0000247b l       .debug_str     00000000 
0000638f l       .debug_str     00000000 
0000c65e l       .debug_str     00000000 
0000e755 l       .debug_str     00000000 
0000ee0b l       .debug_str     00000000 
00004b15 l       .debug_str     00000000 
000063a0 l       .debug_str     00000000 
00009e3d l       .debug_str     00000000 
000007a8 l       .debug_ranges  00000000 
0000d0a7 l       .debug_str     00000000 
000063b4 l       .debug_str     00000000 
000092c6 l       .debug_str     00000000 
000089fc l       .debug_str     00000000 
0000b940 l       .debug_str     00000000 
0000ffcd l       .debug_str     00000000 
0000a10a l       .debug_str     00000000 
0000f8af l       .debug_str     00000000 
00001ff9 l       .debug_str     00000000 
00002703 l       .debug_str     00000000 
0000270d l       .debug_str     00000000 
00003c77 l       .debug_str     00000000 
0000c954 l       .debug_str     00000000 
00004e5f l       .debug_str     00000000 
0000b961 l       .debug_str     00000000 
000041c4 l       .debug_str     00000000 
00006e7c l       .debug_str     00000000 
00001f80 l       .debug_str     00000000 
00002695 l       .debug_str     00000000 
00003c82 l       .debug_str     00000000 
00000460 l       .debug_ranges  00000000 
00000478 l       .debug_ranges  00000000 
0000d614 l       .debug_str     00000000 
00004b27 l       .debug_str     00000000 
00007358 l       .debug_str     00000000 
00009724 l       .debug_str     00000000 
0000bda8 l       .debug_str     00000000 
00002b74 l       .debug_str     00000000 
000063be l       .debug_str     00000000 
00005bd7 l       .debug_str     00000000 
0000539a l       .debug_str     00000000 
0000b55c l       .debug_str     00000000 
0000fcfb l       .debug_str     00000000 
000086e4 l       .debug_str     00000000 
0000d61e l       .debug_str     00000000 
00000d5f l       .debug_str     00000000 
00003255 l       .debug_str     00000000 
000005d5 l       .debug_str     00000000 
00004b5c l       .debug_str     00000000 
00007c58 l       .debug_str     00000000 
00008f01 l       .debug_str     00000000 
0000d637 l       .debug_str     00000000 
00009731 l       .debug_str     00000000 
000063c7 l       .debug_str     00000000 
0000326a l       .debug_str     00000000 
00007c6d l       .debug_str     00000000 
00007364 l       .debug_str     00000000 
0000a666 l       .debug_str     00000000 
0000bdb2 l       .debug_str     00000000 
000086fc l       .debug_str     00000000 
000063e0 l       .debug_str     00000000 
0000d648 l       .debug_str     00000000 
000053b3 l       .debug_str     00000000 
0000bdc4 l       .debug_str     00000000 
00005bef l       .debug_str     00000000 
0000b576 l       .debug_str     00000000 
00007c84 l       .debug_str     00000000 
0000327b l       .debug_str     00000000 
000038db l       .debug_str     00000000 
00004b35 l       .debug_str     00000000 
00008f19 l       .debug_str     00000000 
0000f55b l       .debug_str     00000000 
0000fd0e l       .debug_str     00000000 
00008714 l       .debug_str     00000000 
0000de4d l       .debug_str     00000000 
0000a678 l       .debug_str     00000000 
0000c66f l       .debug_str     00000000 
00000d71 l       .debug_str     00000000 
0000872b l       .debug_str     00000000 
000005e1 l       .debug_str     00000000 
0000a68f l       .debug_str     00000000 
00004b47 l       .debug_str     00000000 
00006a77 l       .debug_str     00000000 
0000fd23 l       .debug_str     00000000 
0000ad62 l       .debug_str     00000000 
0000f571 l       .debug_str     00000000 
0000a6a3 l       .debug_str     00000000 
00007c98 l       .debug_str     00000000 
000038ef l       .debug_str     00000000 
0000bdd6 l       .debug_str     00000000 
0000a6bf l       .debug_str     00000000 
00007377 l       .debug_str     00000000 
00005c01 l       .debug_str     00000000 
00008743 l       .debug_str     00000000 
00006a92 l       .debug_str     00000000 
0000328d l       .debug_str     00000000 
00007cb2 l       .debug_str     00000000 
0000f587 l       .debug_str     00000000 
00006aa4 l       .debug_str     00000000 
00001fe2 l       .debug_str     00000000 
00000420 l       .debug_ranges  00000000 
00000440 l       .debug_ranges  00000000 
00003c61 l       .debug_str     00000000 
0000e0f0 l       .debug_str     00000000 
0000804c l       .debug_str     00000000 
000099ba l       .debug_str     00000000 
0000c169 l       .debug_str     00000000 
0000570a l       .debug_str     00000000 
00001901 l       .debug_str     00000000 
0000de61 l       .debug_str     00000000 
0000fd3a l       .debug_str     00000000 
00001d3e l       .debug_str     00000000 
00001d35 l       .debug_str     00000000 
0000974b l       .debug_str     00000000 
0000390a l       .debug_str     00000000 
00000d88 l       .debug_str     00000000 
0000d65a l       .debug_str     00000000 
0000738a l       .debug_str     00000000 
0000b5a3 l       .debug_str     00000000 
0000a6e6 l       .debug_str     00000000 
0000ada3 l       .debug_str     00000000 
0000fd45 l       .debug_str     00000000 
000032a7 l       .debug_str     00000000 
0000adb5 l       .debug_str     00000000 
0000875d l       .debug_str     00000000 
00004b6b l       .debug_str     00000000 
00009e6e l       .debug_str     00000000 
000053c5 l       .debug_str     00000000 
000063f7 l       .debug_str     00000000 
00007cc6 l       .debug_str     00000000 
0000ee1c l       .debug_str     00000000 
0000ad78 l       .debug_str     00000000 
0000c684 l       .debug_str     00000000 
00000da4 l       .debug_str     00000000 
0000b588 l       .debug_str     00000000 
00002b85 l       .debug_str     00000000 
00000d9a l       .debug_str     00000000 
0000a6d2 l       .debug_str     00000000 
000005f3 l       .debug_str     00000000 
0000de8e l       .debug_str     00000000 
00002b93 l       .debug_str     00000000 
0000ad8f l       .debug_str     00000000 
00006ab8 l       .debug_str     00000000 
00002ba9 l       .debug_str     00000000 
00008757 l       .debug_str     00000000 
00005c14 l       .debug_str     00000000 
0000fd53 l       .debug_str     00000000 
00000dc1 l       .debug_str     00000000 
00006acb l       .debug_str     00000000 
00005c29 l       .debug_str     00000000 
00001d0b l       .debug_str     00000000 
00001d20 l       .debug_str     00000000 
0000e766 l       .debug_str     00000000 
0000cec9 l       .debug_str     00000000 
0000adc6 l       .debug_str     00000000 
0000c699 l       .debug_str     00000000 
00006ada l       .debug_str     00000000 
0000f592 l       .debug_str     00000000 
00006400 l       .debug_str     00000000 
00000dcf l       .debug_str     00000000 
0000fd66 l       .debug_str     00000000 
00009e7e l       .debug_str     00000000 
00007cd2 l       .debug_str     00000000 
00008f2e l       .debug_str     00000000 
0000ade1 l       .debug_str     00000000 
0000d666 l       .debug_str     00000000 
00009759 l       .debug_str     00000000 
00001d49 l       .debug_str     00000000 
0000ee27 l       .debug_str     00000000 
0000e779 l       .debug_str     00000000 
0000bde9 l       .debug_str     00000000 
0000060c l       .debug_str     00000000 
0000d66e l       .debug_str     00000000 
00009761 l       .debug_str     00000000 
00002baf l       .debug_str     00000000 
0000b5b7 l       .debug_str     00000000 
00000dd7 l       .debug_str     00000000 
00001d87 l       .debug_str     00000000 
0000f5a4 l       .debug_str     00000000 
00006414 l       .debug_str     00000000 
0000e788 l       .debug_str     00000000 
0000f5c8 l       .debug_str     00000000 
0000f5d5 l       .debug_str     00000000 
00009784 l       .debug_str     00000000 
0000a706 l       .debug_str     00000000 
00002bb6 l       .debug_str     00000000 
000053d0 l       .debug_str     00000000 
00008f47 l       .debug_str     00000000 
0000976d l       .debug_str     00000000 
00003922 l       .debug_str     00000000 
00007ce3 l       .debug_str     00000000 
000032b5 l       .debug_str     00000000 
0000248c l       .debug_str     00000000 
00009779 l       .debug_str     00000000 
0000391a l       .debug_str     00000000 
00008f3b l       .debug_str     00000000 
00000618 l       .debug_str     00000000 
00007cdd l       .debug_str     00000000 
0000b5bd l       .debug_str     00000000 
0000f5e4 l       .debug_str     00000000 
0000fd6a l       .debug_str     00000000 
0000a6f7 l       .debug_str     00000000 
00008767 l       .debug_str     00000000 
0000878b l       .debug_str     00000000 
00005c40 l       .debug_str     00000000 
00009793 l       .debug_str     00000000 
00007cee l       .debug_str     00000000 
0000c6b2 l       .debug_str     00000000 
00004b79 l       .debug_str     00000000 
0000fd73 l       .debug_str     00000000 
0000ced1 l       .debug_str     00000000 
0000bdf4 l       .debug_str     00000000 
0000c6cc l       .debug_str     00000000 
00006b21 l       .debug_str     00000000 
0000de9f l       .debug_str     00000000 
000041d1 l       .debug_str     00000000 
0000d683 l       .debug_str     00000000 
0000deac l       .debug_str     00000000 
0000f5ec l       .debug_str     00000000 
0000fd8c l       .debug_str     00000000 
000041ee l       .debug_str     00000000 
0000debe l       .debug_str     00000000 
0000392d l       .debug_str     00000000 
0000ded3 l       .debug_str     00000000 
00004b8b l       .debug_str     00000000 
0000739b l       .debug_str     00000000 
0000c6de l       .debug_str     00000000 
0000d6a7 l       .debug_str     00000000 
0000dee0 l       .debug_str     00000000 
0000d6b0 l       .debug_str     00000000 
00000623 l       .debug_str     00000000 
0000f847 l       .debug_str     00000000 
00005665 l       .debug_str     00000000 
00009248 l       .debug_str     00000000 
0000adf3 l       .debug_str     00000000 
000016db l       .debug_str     00000000 
00009ebe l       .debug_str     00000000 
00005c52 l       .debug_str     00000000 
00008f56 l       .debug_str     00000000 
00000800 l       .debug_ranges  00000000 
00007d00 l       .debug_str     00000000 
0000cee4 l       .debug_str     00000000 
00005c75 l       .debug_str     00000000 
00001d9f l       .debug_str     00000000 
000073a4 l       .debug_str     00000000 
0000ae29 l       .debug_str     00000000 
00008f89 l       .debug_str     00000000 
00002bbe l       .debug_str     00000000 
000032c0 l       .debug_str     00000000 
0000641a l       .debug_str     00000000 
000073b5 l       .debug_str     00000000 
0000979a l       .debug_str     00000000 
000016ea l       .debug_str     00000000 
0000d6b9 l       .debug_str     00000000 
00006427 l       .debug_str     00000000 
0000a711 l       .debug_str     00000000 
0000740f l       .debug_str     00000000 
0000062c l       .debug_str     00000000 
0000cef8 l       .debug_str     00000000 
0000be06 l       .debug_str     00000000 
00009ecc l       .debug_str     00000000 
0000f601 l       .debug_str     00000000 
000073c3 l       .debug_str     00000000 
00008f99 l       .debug_str     00000000 
00004b9b l       .debug_str     00000000 
0000c6e5 l       .debug_str     00000000 
0000b5cd l       .debug_str     00000000 
0000fd9a l       .debug_str     00000000 
0000fdbf l       .debug_str     00000000 
0000b5f2 l       .debug_str     00000000 
0000879d l       .debug_str     00000000 
000053e2 l       .debug_str     00000000 
000041fe l       .debug_str     00000000 
0000d6d0 l       .debug_str     00000000 
000097b2 l       .debug_str     00000000 
00002bd1 l       .debug_str     00000000 
0000a728 l       .debug_str     00000000 
00008fbb l       .debug_str     00000000 
0000a74e l       .debug_str     00000000 
0000deeb l       .debug_str     00000000 
00009eef l       .debug_str     00000000 
0000b61c l       .debug_str     00000000 
0000e78f l       .debug_str     00000000 
0000be29 l       .debug_str     00000000 
0000b648 l       .debug_str     00000000 
0000643e l       .debug_str     00000000 
0000422a l       .debug_str     00000000 
0000e7b6 l       .debug_str     00000000 
0000fde9 l       .debug_str     00000000 
00002bfd l       .debug_str     00000000 
0000f623 l       .debug_str     00000000 
00000e14 l       .debug_str     00000000 
0000be50 l       .debug_str     00000000 
00001db2 l       .debug_str     00000000 
000073ea l       .debug_str     00000000 
00003938 l       .debug_str     00000000 
00008fe1 l       .debug_str     00000000 
00001dda l       .debug_str     00000000 
000087ca l       .debug_str     00000000 
0000be75 l       .debug_str     00000000 
00007d13 l       .debug_str     00000000 
0000424e l       .debug_str     00000000 
00006466 l       .debug_str     00000000 
0000d6f8 l       .debug_str     00000000 
00004270 l       .debug_str     00000000 
0000b673 l       .debug_str     00000000 
00006b34 l       .debug_str     00000000 
0000ee34 l       .debug_str     00000000 
0000648f l       .debug_str     00000000 
0000428d l       .debug_str     00000000 
0000540e l       .debug_str     00000000 
000042b0 l       .debug_str     00000000 
0000cf1b l       .debug_str     00000000 
0000df12 l       .debug_str     00000000 
00006b5f l       .debug_str     00000000 
000032cf l       .debug_str     00000000 
00001701 l       .debug_str     00000000 
00005c87 l       .debug_str     00000000 
000087ee l       .debug_str     00000000 
00004bbd l       .debug_str     00000000 
0000f64e l       .debug_str     00000000 
00002493 l       .debug_str     00000000 
000024bb l       .debug_str     00000000 
0000e7dd l       .debug_str     00000000 
00008816 l       .debug_str     00000000 
00006b81 l       .debug_str     00000000 
00000e40 l       .debug_str     00000000 
00008828 l       .debug_str     00000000 
0000e7eb l       .debug_str     00000000 
000042d8 l       .debug_str     00000000 
0000b690 l       .debug_str     00000000 
00004be5 l       .debug_str     00000000 
0000b6d7 l       .debug_str     00000000 
00009f16 l       .debug_str     00000000 
0000b6b5 l       .debug_str     00000000 
0000f676 l       .debug_str     00000000 
00007d34 l       .debug_str     00000000 
0000c707 l       .debug_str     00000000 
000042f2 l       .debug_str     00000000 
000032f1 l       .debug_str     00000000 
0000fe12 l       .debug_str     00000000 
00007481 l       .debug_str     00000000 
000064b2 l       .debug_str     00000000 
00007425 l       .debug_str     00000000 
00004313 l       .debug_str     00000000 
0000be9e l       .debug_str     00000000 
00007d57 l       .debug_str     00000000 
0000d71d l       .debug_str     00000000 
00007452 l       .debug_str     00000000 
00009011 l       .debug_str     00000000 
0000c728 l       .debug_str     00000000 
00009f35 l       .debug_str     00000000 
000024d3 l       .debug_str     00000000 
0000ee5b l       .debug_str     00000000 
00009026 l       .debug_str     00000000 
0000aff8 l       .debug_str     00000000 
000065c4 l       .debug_str     00000000 
00009988 l       .debug_str     00000000 
0000b945 l       .debug_str     00000000 
00009998 l       .debug_str     00000000 
00005673 l       .debug_str     00000000 
0000d9bd l       .debug_str     00000000 
0000b09c l       .debug_str     00000000 
00005682 l       .debug_str     00000000 
000045c0 l       .debug_str     00000000 
00003c8a l       .debug_str     00000000 
0000f8b7 l       .debug_str     00000000 
00001f8c l       .debug_str     00000000 
000099e3 l       .debug_str     00000000 
0000768a l       .debug_str     00000000 
0000c186 l       .debug_str     00000000 
0000f8c3 l       .debug_str     00000000 
0000d9d4 l       .debug_str     00000000 
00000490 l       .debug_ranges  00000000 
0000e113 l       .debug_str     00000000 
000010ea l       .debug_str     00000000 
000004a8 l       .debug_ranges  00000000 
000004c8 l       .debug_ranges  00000000 
000004e8 l       .debug_ranges  00000000 
00000508 l       .debug_ranges  00000000 
00000520 l       .debug_ranges  00000000 
00000538 l       .debug_ranges  00000000 
00000550 l       .debug_ranges  00000000 
00000568 l       .debug_ranges  00000000 
00000580 l       .debug_ranges  00000000 
00000598 l       .debug_ranges  00000000 
000005b0 l       .debug_ranges  00000000 
000005c8 l       .debug_ranges  00000000 
000005e0 l       .debug_ranges  00000000 
000005f8 l       .debug_ranges  00000000 
00000610 l       .debug_ranges  00000000 
00000630 l       .debug_ranges  00000000 
00000648 l       .debug_ranges  00000000 
00000660 l       .debug_ranges  00000000 
00000678 l       .debug_ranges  00000000 
00000690 l       .debug_ranges  00000000 
000006a8 l       .debug_ranges  00000000 
000065fc l       .debug_str     00000000 
00006e8e l       .debug_str     00000000 
0000c912 l       .debug_str     00000000 
0000c8ef l       .debug_str     00000000 
0000f007 l       .debug_str     00000000 
0000e989 l       .debug_str     00000000 
0000a8d6 l       .debug_str     00000000 
0000e0a4 l       .debug_str     00000000 
0000c0f7 l       .debug_str     00000000 
0000802d l       .debug_str     00000000 
00006e1c l       .debug_str     00000000 
0000d064 l       .debug_str     00000000 
000034a3 l       .debug_str     00000000 
000026a7 l       .debug_str     00000000 
00003bec l       .debug_str     00000000 
0000c116 l       .debug_str     00000000 
0000f02d l       .debug_str     00000000 
0000d980 l       .debug_str     00000000 
0000f85a l       .debug_str     00000000 
0000a0a4 l       .debug_str     00000000 
00001066 l       .debug_str     00000000 
0000b016 l       .debug_str     00000000 
0000e990 l       .debug_str     00000000 
0000172b l       .debug_str     00000000 
0000e808 l       .debug_str     00000000 
00008842 l       .debug_str     00000000 
00002c28 l       .debug_str     00000000 
0000343e l       .debug_str     00000000 
00001eb7 l       .debug_str     00000000 
00002de1 l       .debug_str     00000000 
0000c741 l       .debug_str     00000000 
00006b8e l       .debug_str     00000000 
00001747 l       .debug_str     00000000 
0000e81e l       .debug_str     00000000 
00003968 l       .debug_str     00000000 
0000e82a l       .debug_str     00000000 
00009040 l       .debug_str     00000000 
00000e54 l       .debug_str     00000000 
0000f699 l       .debug_str     00000000 
0000d74b l       .debug_str     00000000 
0000749f l       .debug_str     00000000 
00004358 l       .debug_str     00000000 
00001761 l       .debug_str     00000000 
00004340 l       .debug_str     00000000 
0000df34 l       .debug_str     00000000 
00003312 l       .debug_str     00000000 
00005436 l       .debug_str     00000000 
00000e62 l       .debug_str     00000000 
0000ae3e l       .debug_str     00000000 
0000b6f5 l       .debug_str     00000000 
0000904e l       .debug_str     00000000 
0000c8c9 l       .debug_str     00000000 
0000a8c8 l       .debug_str     00000000 
0000189b l       .debug_str     00000000 
0000d98b l       .debug_str     00000000 
0000f00d l       .debug_str     00000000 
0000c0d1 l       .debug_str     00000000 
0000d759 l       .debug_str     00000000 
0000885a l       .debug_str     00000000 
0000436f l       .debug_str     00000000 
00004c0a l       .debug_str     00000000 
000024ec l       .debug_str     00000000 
00001dfc l       .debug_str     00000000 
00005cc1 l       .debug_str     00000000 
00004c25 l       .debug_str     00000000 
0000e83a l       .debug_str     00000000 
00004c2d l       .debug_str     00000000 
0000ee74 l       .debug_str     00000000 
000064da l       .debug_str     00000000 
00007d82 l       .debug_str     00000000 
0000cf3d l       .debug_str     00000000 
00003977 l       .debug_str     00000000 
0000ae4a l       .debug_str     00000000 
0000f6b3 l       .debug_str     00000000 
00008888 l       .debug_str     00000000 
000097db l       .debug_str     00000000 
0000df3d l       .debug_str     00000000 
0000c771 l       .debug_str     00000000 
000024f7 l       .debug_str     00000000 
0000e843 l       .debug_str     00000000 
00000e6e l       .debug_str     00000000 
0000905d l       .debug_str     00000000 
00004380 l       .debug_str     00000000 
00005ca7 l       .debug_str     00000000 
00005cb6 l       .debug_str     00000000 
0000df4c l       .debug_str     00000000 
0000331f l       .debug_str     00000000 
0000398f l       .debug_str     00000000 
0000fe33 l       .debug_str     00000000 
0000886b l       .debug_str     00000000 
00004392 l       .debug_str     00000000 
0000cf4e l       .debug_str     00000000 
000064e0 l       .debug_str     00000000 
000039a0 l       .debug_str     00000000 
0000b704 l       .debug_str     00000000 
0000f6a7 l       .debug_str     00000000 
00008879 l       .debug_str     00000000 
000064f2 l       .debug_str     00000000 
0000a772 l       .debug_str     00000000 
00007d88 l       .debug_str     00000000 
0000332c l       .debug_str     00000000 
0000fe44 l       .debug_str     00000000 
00001779 l       .debug_str     00000000 
0000b715 l       .debug_str     00000000 
00004c37 l       .debug_str     00000000 
0000e84f l       .debug_str     00000000 
0000064f l       .debug_str     00000000 
00008891 l       .debug_str     00000000 
00002c3d l       .debug_str     00000000 
000097eb l       .debug_str     00000000 
00002c4e l       .debug_str     00000000 
0000f6be l       .debug_str     00000000 
0000ae55 l       .debug_str     00000000 
00001e0c l       .debug_str     00000000 
0000ee80 l       .debug_str     00000000 
0000d796 l       .debug_str     00000000 
0000b741 l       .debug_str     00000000 
0000cf60 l       .debug_str     00000000 
00000660 l       .debug_str     00000000 
0000439e l       .debug_str     00000000 
00000e7c l       .debug_str     00000000 
00005441 l       .debug_str     00000000 
00009080 l       .debug_str     00000000 
00009f4e l       .debug_str     00000000 
00002c59 l       .debug_str     00000000 
00007d95 l       .debug_str     00000000 
0000906f l       .debug_str     00000000 
0000b72d l       .debug_str     00000000 
00005ccf l       .debug_str     00000000 
00000669 l       .debug_str     00000000 
0000067b l       .debug_str     00000000 
00002506 l       .debug_str     00000000 
0000bed0 l       .debug_str     00000000 
000074af l       .debug_str     00000000 
0000df5a l       .debug_str     00000000 
00002c5d l       .debug_str     00000000 
0000a77f l       .debug_str     00000000 
00005ce2 l       .debug_str     00000000 
0000ae63 l       .debug_str     00000000 
000088a0 l       .debug_str     00000000 
000088b5 l       .debug_str     00000000 
00006b9e l       .debug_str     00000000 
00005450 l       .debug_str     00000000 
00005465 l       .debug_str     00000000 
0000f6cd l       .debug_str     00000000 
0000cf73 l       .debug_str     00000000 
0000e85e l       .debug_str     00000000 
0000eec2 l       .debug_str     00000000 
000088cb l       .debug_str     00000000 
00004c4a l       .debug_str     00000000 
0000c77f l       .debug_str     00000000 
0000a798 l       .debug_str     00000000 
0000f6e5 l       .debug_str     00000000 
0000ae79 l       .debug_str     00000000 
0000547c l       .debug_str     00000000 
000039b1 l       .debug_str     00000000 
0000ae8e l       .debug_str     00000000 
00004c5e l       .debug_str     00000000 
00001791 l       .debug_str     00000000 
00007db0 l       .debug_str     00000000 
0000e876 l       .debug_str     00000000 
00009f59 l       .debug_str     00000000 
0000bee9 l       .debug_str     00000000 
0000908d l       .debug_str     00000000 
00005cf9 l       .debug_str     00000000 
000064ff l       .debug_str     00000000 
00009097 l       .debug_str     00000000 
0000e880 l       .debug_str     00000000 
0000251f l       .debug_str     00000000 
00004c72 l       .debug_str     00000000 
000090a5 l       .debug_str     00000000 
0000df70 l       .debug_str     00000000 
0000333d l       .debug_str     00000000 
00000693 l       .debug_str     00000000 
0000ae9e l       .debug_str     00000000 
0000bef6 l       .debug_str     00000000 
0000df7e l       .debug_str     00000000 
0000d7a6 l       .debug_str     00000000 
000074c4 l       .debug_str     00000000 
00006bb5 l       .debug_str     00000000 
0000a7ad l       .debug_str     00000000 
0000f6f9 l       .debug_str     00000000 
000090b5 l       .debug_str     00000000 
00002531 l       .debug_str     00000000 
0000c794 l       .debug_str     00000000 
00001e1d l       .debug_str     00000000 
000090cb l       .debug_str     00000000 
00000e86 l       .debug_str     00000000 
00002c6f l       .debug_str     00000000 
0000aeac l       .debug_str     00000000 
000043a7 l       .debug_str     00000000 
00006bc6 l       .debug_str     00000000 
0000334d l       .debug_str     00000000 
00005d14 l       .debug_str     00000000 
000074d7 l       .debug_str     00000000 
0000b756 l       .debug_str     00000000 
00005491 l       .debug_str     00000000 
0000f711 l       .debug_str     00000000 
00005d26 l       .debug_str     00000000 
000074ea l       .debug_str     00000000 
00003362 l       .debug_str     00000000 
0000aece l       .debug_str     00000000 
00005d39 l       .debug_str     00000000 
000006a5 l       .debug_str     00000000 
000043c8 l       .debug_str     00000000 
000090dd l       .debug_str     00000000 
0000dfbe l       .debug_str     00000000 
0000a7c4 l       .debug_str     00000000 
000097fe l       .debug_str     00000000 
000017a7 l       .debug_str     00000000 
0000c7a6 l       .debug_str     00000000 
0000e897 l       .debug_str     00000000 
000043ec l       .debug_str     00000000 
00002c8e l       .debug_str     00000000 
0000fe53 l       .debug_str     00000000 
000039c8 l       .debug_str     00000000 
0000f724 l       .debug_str     00000000 
00006be7 l       .debug_str     00000000 
00001e30 l       .debug_str     00000000 
0000650f l       .debug_str     00000000 
00009811 l       .debug_str     00000000 
000054a3 l       .debug_str     00000000 
00006c00 l       .debug_str     00000000 
0000cf8b l       .debug_str     00000000 
0000a7d8 l       .debug_str     00000000 
0000e8ab l       .debug_str     00000000 
0000a7ea l       .debug_str     00000000 
0000e8bd l       .debug_str     00000000 
0000d7b4 l       .debug_str     00000000 
0000f734 l       .debug_str     00000000 
0000443d l       .debug_str     00000000 
0000442a l       .debug_str     00000000 
000006bd l       .debug_str     00000000 
000006d2 l       .debug_str     00000000 
00001e44 l       .debug_str     00000000 
000074ff l       .debug_str     00000000 
000088e3 l       .debug_str     00000000 
00007516 l       .debug_str     00000000 
0000d7f6 l       .debug_str     00000000 
0000d80e l       .debug_str     00000000 
000006e6 l       .debug_str     00000000 
00007dec l       .debug_str     00000000 
00007e04 l       .debug_str     00000000 
0000e8cf l       .debug_str     00000000 
0000cf9d l       .debug_str     00000000 
000039d7 l       .debug_str     00000000 
000006fe l       .debug_str     00000000 
000090fe l       .debug_str     00000000 
00000ea5 l       .debug_str     00000000 
00002536 l       .debug_str     00000000 
0000eeda l       .debug_str     00000000 
0000f744 l       .debug_str     00000000 
0000254a l       .debug_str     00000000 
00004c80 l       .debug_str     00000000 
0000e8e7 l       .debug_str     00000000 
000054b5 l       .debug_str     00000000 
0000a7fe l       .debug_str     00000000 
000054c6 l       .debug_str     00000000 
0000752e l       .debug_str     00000000 
00000ebc l       .debug_str     00000000 
000088fb l       .debug_str     00000000 
00002c9a l       .debug_str     00000000 
0000c7b8 l       .debug_str     00000000 
0000b769 l       .debug_str     00000000 
00000ecf l       .debug_str     00000000 
0000c7cb l       .debug_str     00000000 
00004c94 l       .debug_str     00000000 
000054e1 l       .debug_str     00000000 
00004452 l       .debug_str     00000000 
0000bf06 l       .debug_str     00000000 
0000d829 l       .debug_str     00000000 
00000ee3 l       .debug_str     00000000 
00006c10 l       .debug_str     00000000 
0000fe64 l       .debug_str     00000000 
00009113 l       .debug_str     00000000 
00009f7a l       .debug_str     00000000 
00006c1e l       .debug_str     00000000 
00009f68 l       .debug_str     00000000 
00007e1c l       .debug_str     00000000 
00001e60 l       .debug_str     00000000 
0000ef00 l       .debug_str     00000000 
0000eef0 l       .debug_str     00000000 
0000651f l       .debug_str     00000000 
0000551d l       .debug_str     00000000 
00009125 l       .debug_str     00000000 
000039ec l       .debug_str     00000000 
00003468 l       .debug_str     00000000 
00001055 l       .debug_str     00000000 
00007666 l       .debug_str     00000000 
000045a3 l       .debug_str     00000000 
0000c8a6 l       .debug_str     00000000 
0000269b l       .debug_str     00000000 
00003489 l       .debug_str     00000000 
0000f867 l       .debug_str     00000000 
0000d078 l       .debug_str     00000000 
000026bd l       .debug_str     00000000 
00004e07 l       .debug_str     00000000 
00001f93 l       .debug_str     00000000 
0000f889 l       .debug_str     00000000 
00005690 l       .debug_str     00000000 
0000e0c5 l       .debug_str     00000000 
00002db7 l       .debug_str     00000000 
00004e15 l       .debug_str     00000000 
0000b022 l       .debug_str     00000000 
00006e32 l       .debug_str     00000000 
00006e4b l       .debug_str     00000000 
0000086e l       .debug_str     00000000 
00003c07 l       .debug_str     00000000 
000065d3 l       .debug_str     00000000 
00001077 l       .debug_str     00000000 
00000886 l       .debug_str     00000000 
0000a0b8 l       .debug_str     00000000 
00003c17 l       .debug_str     00000000 
00003c31 l       .debug_str     00000000 
00005d53 l       .debug_str     00000000 
00006c30 l       .debug_str     00000000 
00000ef3 l       .debug_str     00000000 
00001e70 l       .debug_str     00000000 
0000d042 l       .debug_str     00000000 
0000e0a0 l       .debug_str     00000000 
000089b3 l       .debug_str     00000000 
00008015 l       .debug_str     00000000 
00004de8 l       .debug_str     00000000 
0000a0c9 l       .debug_str     00000000 
000026cc l       .debug_str     00000000 
0000d080 l       .debug_str     00000000 
0000b77d l       .debug_str     00000000 
0000b7c2 l       .debug_str     00000000 
0000b7d5 l       .debug_str     00000000 
00002559 l       .debug_str     00000000 
00007e2a l       .debug_str     00000000 
0000552b l       .debug_str     00000000 
0000dfd2 l       .debug_str     00000000 
00009f8c l       .debug_str     00000000 
00003a12 l       .debug_str     00000000 
00005db4 l       .debug_str     00000000 
0000dfea l       .debug_str     00000000 
000017b5 l       .debug_str     00000000 
00006c45 l       .debug_str     00000000 
0000b7ed l       .debug_str     00000000 
00009fa4 l       .debug_str     00000000 
00001867 l       .debug_str     00000000 
00001f79 l       .debug_str     00000000 
0000445c l       .debug_str     00000000 
00006531 l       .debug_str     00000000 
0000d836 l       .debug_str     00000000 
0000b809 l       .debug_str     00000000 
0000a811 l       .debug_str     00000000 
00007e42 l       .debug_str     00000000 
00009135 l       .debug_str     00000000 
00009fc3 l       .debug_str     00000000 
00005542 l       .debug_str     00000000 
0000a830 l       .debug_str     00000000 
00006c5d l       .debug_str     00000000 
0000cfb1 l       .debug_str     00000000 
0000d847 l       .debug_str     00000000 
0000e8f9 l       .debug_str     00000000 
00001e8c l       .debug_str     00000000 
00007e56 l       .debug_str     00000000 
0000f785 l       .debug_str     00000000 
00002cae l       .debug_str     00000000 
0000f78f l       .debug_str     00000000 
00003a2c l       .debug_str     00000000 
0000b823 l       .debug_str     00000000 
0000914b l       .debug_str     00000000 
00000712 l       .debug_str     00000000 
0000cfbc l       .debug_str     00000000 
0000aee6 l       .debug_str     00000000 
0000aefb l       .debug_str     00000000 
00001ea6 l       .debug_str     00000000 
0000e009 l       .debug_str     00000000 
0000b837 l       .debug_str     00000000 
0000554e l       .debug_str     00000000 
00002cbe l       .debug_str     00000000 
0000256f l       .debug_str     00000000 
0000af0e l       .debug_str     00000000 
0000ef0e l       .debug_str     00000000 
0000e900 l       .debug_str     00000000 
000044b6 l       .debug_str     00000000 
00006c6c l       .debug_str     00000000 
00007544 l       .debug_str     00000000 
00009823 l       .debug_str     00000000 
0000899f l       .debug_str     00000000 
0000c880 l       .debug_str     00000000 
0000bf15 l       .debug_str     00000000 
0000d84e l       .debug_str     00000000 
00000724 l       .debug_str     00000000 
0000b849 l       .debug_str     00000000 
0000a001 l       .debug_str     00000000 
0000fe7b l       .debug_str     00000000 
000017cf l       .debug_str     00000000 
00005560 l       .debug_str     00000000 
00005dcb l       .debug_str     00000000 
0000915b l       .debug_str     00000000 
0000e90c l       .debug_str     00000000 
0000bf44 l       .debug_str     00000000 
00006c93 l       .debug_str     00000000 
00001eba l       .debug_str     00000000 
0000983f l       .debug_str     00000000 
0000557b l       .debug_str     00000000 
0000e01e l       .debug_str     00000000 
0000755f l       .debug_str     00000000 
00002cce l       .debug_str     00000000 
00006cb7 l       .debug_str     00000000 
0000fe84 l       .debug_str     00000000 
00002cf4 l       .debug_str     00000000 
00009161 l       .debug_str     00000000 
00000f0e l       .debug_str     00000000 
0000bf6b l       .debug_str     00000000 
0000d86f l       .debug_str     00000000 
00000741 l       .debug_str     00000000 
0000cfce l       .debug_str     00000000 
00003370 l       .debug_str     00000000 
00006cd5 l       .debug_str     00000000 
0000af20 l       .debug_str     00000000 
0000d88b l       .debug_str     00000000 
00006540 l       .debug_str     00000000 
0000f7a8 l       .debug_str     00000000 
0000918d l       .debug_str     00000000 
00003a4a l       .debug_str     00000000 
00007e6e l       .debug_str     00000000 
0000075e l       .debug_str     00000000 
00003aaa l       .debug_str     00000000 
00001ede l       .debug_str     00000000 
0000338b l       .debug_str     00000000 
00007e81 l       .debug_str     00000000 
00000775 l       .debug_str     00000000 
000044c8 l       .debug_str     00000000 
00005640 l       .debug_str     00000000 
00003ac8 l       .debug_str     00000000 
0000c7e1 l       .debug_str     00000000 
0000a026 l       .debug_str     00000000 
0000c884 l       .debug_str     00000000 
0000c89a l       .debug_str     00000000 
0000c89f l       .debug_str     00000000 
00005e6e l       .debug_str     00000000 
00001888 l       .debug_str     00000000 
0000c0bc l       .debug_str     00000000 
00004dd3 l       .debug_str     00000000 
00005e79 l       .debug_str     00000000 
00005e92 l       .debug_str     00000000 
0000108b l       .debug_str     00000000 
0000f89b l       .debug_str     00000000 
0000c131 l       .debug_str     00000000 
00003c58 l       .debug_str     00000000 
000018bb l       .debug_str     00000000 
0000e0e0 l       .debug_str     00000000 
00009254 l       .debug_str     00000000 
00005ea0 l       .debug_str     00000000 
00009262 l       .debug_str     00000000 
00002dd0 l       .debug_str     00000000 
00006cee l       .debug_str     00000000 
000055a1 l       .debug_str     00000000 
00002d24 l       .debug_str     00000000 
00002581 l       .debug_str     00000000 
000091b3 l       .debug_str     00000000 
0000a03c l       .debug_str     00000000 
0000febb l       .debug_str     00000000 
00007e9f l       .debug_str     00000000 
0000a052 l       .debug_str     00000000 
00006d49 l       .debug_str     00000000 
0000ef22 l       .debug_str     00000000 
00009866 l       .debug_str     00000000 
000055b0 l       .debug_str     00000000 
0000259b l       .debug_str     00000000 
0000b86e l       .debug_str     00000000 
000044e1 l       .debug_str     00000000 
0000bf88 l       .debug_str     00000000 
00007eac l       .debug_str     00000000 
0000078f l       .debug_str     00000000 
0000bf9a l       .debug_str     00000000 
0000b069 l       .debug_str     00000000 
000091c8 l       .debug_str     00000000 
000017ec l       .debug_str     00000000 
000033a9 l       .debug_str     00000000 
00003ae8 l       .debug_str     00000000 
0000bfc8 l       .debug_str     00000000 
00000f3b l       .debug_str     00000000 
0000c7f7 l       .debug_str     00000000 
000056b2 l       .debug_str     00000000 
00004e2e l       .debug_str     00000000 
00007698 l       .debug_str     00000000 
000065dc l       .debug_str     00000000 
0000af39 l       .debug_str     00000000 
00007581 l       .debug_str     00000000 
00007706 l       .debug_str     00000000 
000092cd l       .debug_str     00000000 
0000a10d l       .debug_str     00000000 
0000926c l       .debug_str     00000000 
000076b0 l       .debug_str     00000000 
000045c8 l       .debug_str     00000000 
00007ec0 l       .debug_str     00000000 
000091d5 l       .debug_str     00000000 
00000820 l       .debug_ranges  00000000 
000055c4 l       .debug_str     00000000 
000033be l       .debug_str     00000000 
00007eda l       .debug_str     00000000 
0000a064 l       .debug_str     00000000 
00000f50 l       .debug_str     00000000 
00007ee8 l       .debug_str     00000000 
0000c947 l       .debug_str     00000000 
00007ef6 l       .debug_str     00000000 
00000898 l       .debug_str     00000000 
00002df3 l       .debug_str     00000000 
000018c0 l       .debug_str     00000000 
0000f8cb l       .debug_str     00000000 
00006ea2 l       .debug_str     00000000 
00005ef3 l       .debug_str     00000000 
0000a841 l       .debug_str     00000000 
0000d8a9 l       .debug_str     00000000 
0000655e l       .debug_str     00000000 
000033ca l       .debug_str     00000000 
00001efc l       .debug_str     00000000 
0000d8b6 l       .debug_str     00000000 
00007f00 l       .debug_str     00000000 
0000a84d l       .debug_str     00000000 
00005dd4 l       .debug_str     00000000 
00001801 l       .debug_str     00000000 
00007594 l       .debug_str     00000000 
0000987f l       .debug_str     00000000 
0000af55 l       .debug_str     00000000 
0000759f l       .debug_str     00000000 
0000890f l       .debug_str     00000000 
00003afd l       .debug_str     00000000 
0000a856 l       .debug_str     00000000 
00007f0f l       .debug_str     00000000 
000075ab l       .debug_str     00000000 
0000e040 l       .debug_str     00000000 
0000af61 l       .debug_str     00000000 
00004ca9 l       .debug_str     00000000 
0000c80c l       .debug_str     00000000 
0000bfdd l       .debug_str     00000000 
00004cb4 l       .debug_str     00000000 
00005ddf l       .debug_str     00000000 
000007a2 l       .debug_str     00000000 
0000ef33 l       .debug_str     00000000 
0000c939 l       .debug_str     00000000 
0000b94b l       .debug_str     00000000 
0000b03b l       .debug_str     00000000 
00005ec1 l       .debug_str     00000000 
000056cb l       .debug_str     00000000 
0000a8e6 l       .debug_str     00000000 
000018c8 l       .debug_str     00000000 
000034b5 l       .debug_str     00000000 
000018d9 l       .debug_str     00000000 
0000c14d l       .debug_str     00000000 
0000d090 l       .debug_str     00000000 
0000c937 l       .debug_str     00000000 
000099a1 l       .debug_str     00000000 
000026d7 l       .debug_str     00000000 
0000b045 l       .debug_str     00000000 
00001fa4 l       .debug_str     00000000 
000034bf l       .debug_str     00000000 
000065ea l       .debug_str     00000000 
00009271 l       .debug_str     00000000 
00005ecf l       .debug_str     00000000 
000010a8 l       .debug_str     00000000 
0000d099 l       .debug_str     00000000 
0000e9ad l       .debug_str     00000000 
000006c0 l       .debug_ranges  00000000 
000006d8 l       .debug_ranges  00000000 
000006f0 l       .debug_ranges  00000000 
0000f8a6 l       .debug_str     00000000 
00005729 l       .debug_str     00000000 
00003c96 l       .debug_str     00000000 
00008a03 l       .debug_str     00000000 
0000af6b l       .debug_str     00000000 
00004cc2 l       .debug_str     00000000 
00006d59 l       .debug_str     00000000 
000076b8 l       .debug_str     00000000 
000089c2 l       .debug_str     00000000 
000056d0 l       .debug_str     00000000 
000089c7 l       .debug_str     00000000 
0000f8a4 l       .debug_str     00000000 
00001fad l       .debug_str     00000000 
0000a8f9 l       .debug_str     00000000 
00004e3f l       .debug_str     00000000 
00000708 l       .debug_ranges  00000000 
00000720 l       .debug_ranges  00000000 
0000d8c5 l       .debug_str     00000000 
00000848 l       .debug_ranges  00000000 
000033dd l       .debug_str     00000000 
00001f0d l       .debug_str     00000000 
0000d8e1 l       .debug_str     00000000 
000056d9 l       .debug_str     00000000 
00004e3a l       .debug_str     00000000 
0000c163 l       .debug_str     00000000 
0000e99d l       .debug_str     00000000 
000010ac l       .debug_str     00000000 
0000b057 l       .debug_str     00000000 
0000a0eb l       .debug_str     00000000 
000026e0 l       .debug_str     00000000 
00001fc5 l       .debug_str     00000000 
0000d09d l       .debug_str     00000000 
0000b959 l       .debug_str     00000000 
000018e6 l       .debug_str     00000000 
000045da l       .debug_str     00000000 
0000e102 l       .debug_str     00000000 
0000c193 l       .debug_str     00000000 
0000d9e3 l       .debug_str     00000000 
00006ea9 l       .debug_str     00000000 
0000f046 l       .debug_str     00000000 
0000a917 l       .debug_str     00000000 
000099ef l       .debug_str     00000000 
00000738 l       .debug_ranges  00000000 
000065f7 l       .debug_str     00000000 
000010b8 l       .debug_str     00000000 
0000e9a8 l       .debug_str     00000000 
0000805b l       .debug_str     00000000 
000008ba l       .debug_str     00000000 
00008a0c l       .debug_str     00000000 
00000750 l       .debug_ranges  00000000 
000018ea l       .debug_str     00000000 
00005ef9 l       .debug_str     00000000 
000099fb l       .debug_str     00000000 
0000c198 l       .debug_str     00000000 
000099ff l       .debug_str     00000000 
0000c95d l       .debug_str     00000000 
00007732 l       .debug_str     00000000 
00002d36 l       .debug_str     00000000 
000018f1 l       .debug_str     00000000 
00004ccc l       .debug_str     00000000 
0000c85f l       .debug_str     00000000 
0000b91e l       .debug_str     00000000 
0000afe9 l       .debug_str     00000000 
00007656 l       .debug_str     00000000 
00004da7 l       .debug_str     00000000 
00009887 l       .debug_str     00000000 
00001f17 l       .debug_str     00000000 
0000180a l       .debug_str     00000000 
0000ef3e l       .debug_str     00000000 
0000891c l       .debug_str     00000000 
0000ef4f l       .debug_str     00000000 
0000b880 l       .debug_str     00000000 
000044f2 l       .debug_str     00000000 
0000af87 l       .debug_str     00000000 
000075b4 l       .debug_str     00000000 
0000892c l       .debug_str     00000000 
00004ce9 l       .debug_str     00000000 
0000ef6d l       .debug_str     00000000 
000025ac l       .debug_str     00000000 
0000e04a l       .debug_str     00000000 
0000bfe8 l       .debug_str     00000000 
0000c816 l       .debug_str     00000000 
0000fefa l       .debug_str     00000000 
00002d53 l       .debug_str     00000000 
00003b0d l       .debug_str     00000000 
0000893a l       .debug_str     00000000 
00007f1c l       .debug_str     00000000 
00004cf7 l       .debug_str     00000000 
00002d61 l       .debug_str     00000000 
000098c7 l       .debug_str     00000000 
000098aa l       .debug_str     00000000 
000091f3 l       .debug_str     00000000 
00007f33 l       .debug_str     00000000 
0000f7ce l       .debug_str     00000000 
00000f5a l       .debug_str     00000000 
00000f72 l       .debug_str     00000000 
000007b6 l       .debug_str     00000000 
00007f50 l       .debug_str     00000000 
00005de7 l       .debug_str     00000000 
0000bff6 l       .debug_str     00000000 
0000c022 l       .debug_str     00000000 
000055e3 l       .debug_str     00000000 
0000e911 l       .debug_str     00000000 
00006d66 l       .debug_str     00000000 
0000c00c l       .debug_str     00000000 
00004d0c l       .debug_str     00000000 
0000cfea l       .debug_str     00000000 
000007cc l       .debug_str     00000000 
0000ff11 l       .debug_str     00000000 
00000f88 l       .debug_str     00000000 
00001818 l       .debug_str     00000000 
00006d7c l       .debug_str     00000000 
00004d24 l       .debug_str     00000000 
0000a867 l       .debug_str     00000000 
00004d3d l       .debug_str     00000000 
00005dfd l       .debug_str     00000000 
0000d8eb l       .debug_str     00000000 
00001f23 l       .debug_str     00000000 
0000a893 l       .debug_str     00000000 
0000b897 l       .debug_str     00000000 
00009210 l       .debug_str     00000000 
00000f94 l       .debug_str     00000000 
000025ba l       .debug_str     00000000 
000098dd l       .debug_str     00000000 
00004502 l       .debug_str     00000000 
000055f9 l       .debug_str     00000000 
000007e6 l       .debug_str     00000000 
0000e927 l       .debug_str     00000000 
0000a070 l       .debug_str     00000000 
000075c2 l       .debug_str     00000000 
0000ff30 l       .debug_str     00000000 
0000894c l       .debug_str     00000000 
000033e7 l       .debug_str     00000000 
0000f7eb l       .debug_str     00000000 
000033f8 l       .debug_str     00000000 
0000ef7b l       .debug_str     00000000 
000007f9 l       .debug_str     00000000 
0000e938 l       .debug_str     00000000 
0000080b l       .debug_str     00000000 
000025d4 l       .debug_str     00000000 
000098f3 l       .debug_str     00000000 
0000b8ac l       .debug_str     00000000 
0000a87f l       .debug_str     00000000 
00004513 l       .debug_str     00000000 
00006db7 l       .debug_str     00000000 
00003b51 l       .debug_str     00000000 
00009225 l       .debug_str     00000000 
00009907 l       .debug_str     00000000 
0000ff42 l       .debug_str     00000000 
00006dcb l       .debug_str     00000000 
0000f7ff l       .debug_str     00000000 
0000e94d l       .debug_str     00000000 
00002d6d l       .debug_str     00000000 
00007f66 l       .debug_str     00000000 
000025e9 l       .debug_str     00000000 
00007f7e l       .debug_str     00000000 
0000c044 l       .debug_str     00000000 
0000c038 l       .debug_str     00000000 
0000c832 l       .debug_str     00000000 
0000e962 l       .debug_str     00000000 
0000c824 l       .debug_str     00000000 
00007f92 l       .debug_str     00000000 
00005e0f l       .debug_str     00000000 
0000ef8f l       .debug_str     00000000 
00000fa5 l       .debug_str     00000000 
0000ff57 l       .debug_str     00000000 
000025fb l       .debug_str     00000000 
00002d83 l       .debug_str     00000000 
000075d9 l       .debug_str     00000000 
0000c052 l       .debug_str     00000000 
0000b8bd l       .debug_str     00000000 
0000344e l       .debug_str     00000000 
00000fc3 l       .debug_str     00000000 
00000868 l       .debug_ranges  00000000 
0000771b l       .debug_str     00000000 
0000d9e7 l       .debug_str     00000000 
000056f3 l       .debug_str     00000000 
000099cc l       .debug_str     00000000 
0000ffd3 l       .debug_str     00000000 
0000b0a7 l       .debug_str     00000000 
00002008 l       .debug_str     00000000 
000076c7 l       .debug_str     00000000 
000018f7 l       .debug_str     00000000 
00004e4d l       .debug_str     00000000 
0000a90d l       .debug_str     00000000 
000092be l       .debug_str     00000000 
0000e109 l       .debug_str     00000000 
00006620 l       .debug_str     00000000 
00002002 l       .debug_str     00000000 
0000773d l       .debug_str     00000000 
0000f04b l       .debug_str     00000000 
0000c967 l       .debug_str     00000000 
00008062 l       .debug_str     00000000 
00000000 l       .debug_frame   00000000 
20003f64 g     O .rodata        00000028 kOttfTestConfig
00010000 g       *ABS*  00000000 _dv_log_offset
20002cd6 g     F .text  0000007c memcpy
20002d52 g     F .text  0000005e memset
20001334 g     F .text  00000630 _ottf_main
10001fec g     O .bss   00000004 pxCurrentTCB
20000400 g     F .vectors       00000080 _ottf_interrupt_vector
20000480 g     F .crt   0000004c _ottf_start
20000574 g     F .text  00000052 handler_exception
20000718 g     F .text  00000068 ottf_isr_exit
200005c8 g     F .text  00000054 handler_irq_software
2000061c g     F .text  00000054 handler_irq_timer
20000670 g     F .text  00000054 handler_irq_external
200006c4 g     F .text  00000054 handler_irq_internal
20001aae  w    F .text  000000c8 ottf_exception_handler
20001ba0  w    F .text  00000020 ottf_software_isr
20001bc0  w    F .text  00000020 ottf_timer_isr
20001be0  w    F .text  0000019a ottf_external_isr
20001d7a  w    F .text  00000018 ottf_internal_isr
20000400 g       .rom_ext_immutable     00000000 _text_start
20002ec4 g       .shutdown      00000000 _text_end
000001d4 g       *ABS*  00000000 _manifest_address_translation
00000400 g       .rom_ext_immutable     00000000 _manifest_code_start
00002ec4 g       .shutdown      00000000 _manifest_code_end
00000480 g       .crt   00000000 _manifest_entry_point
200004cc g     F .crt   00000024 crt_section_clear
200004f0 g     F .crt   0000003a crt_section_copy
10000004 g     O .static_critical       00000040 boot_measurements
10000044 g     O .static_critical       00000054 epmp_state
10000098 g     O .static_critical       00001f50 sec_mmio_ctx
10000000 g     O .static_critical       00000004 static_critical_version
10020000 g       *ABS*  00000000 _exception_frame_end
00000080 g       *ABS*  00000000 _exception_frame_size
1001ff80 g       *ABS*  00000000 _exception_frame_start
1001ff80 g       *ABS*  00000000 _stack_end
00003f80 g       *ABS*  00000000 _stack_size
00010000 g       *ABS*  00000000 _rom_chip_info_end
00000080 g       *ABS*  00000000 _chip_info_size
20000000 g       *ABS*  00000000 _ottf_start_address
100027e8 g       .data  00000000 __global_pointer$
10001fe8 g       .data  00000000 _data_start
10001fe8 g       .data  00000000 _data_end
20004318 g       *ABS*  00000000 _data_init_start
10001fe8 g       .bss   00000000 _bss_start
100020c4 g       .bss   00000000 _bss_end
00001fe8 g       *ABS*  00000000 _static_critical_size
1001c000 g       *ABS*  00000000 _stack_start
100020c8 g       __llvm_prf_cnts        00000000 __llvm_prf_cnts_head_end
100020c8 g       __llvm_prf_cnts        00000000 __llvm_prf_cnts_start
00080000 g       *ABS*  00000000 _ottf_size
20080000 g       *ABS*  00000000 _non_volatile_scratch_end
00005000 g       *ABS*  00000000 _non_volatile_scratch_size
00000800 g       *ABS*  00000000 _non_volatile_counter_size
2007b000 g       *ABS*  00000000 _non_volatile_scratch_start
2007b000 g       *ABS*  00000000 _non_volatile_counter_0_end
2007a800 g       *ABS*  00000000 _non_volatile_counter_0_start
2007a800 g       *ABS*  00000000 _non_volatile_counter_1_end
2007a000 g       *ABS*  00000000 _non_volatile_counter_1_start
2007a000 g       *ABS*  00000000 _non_volatile_counter_2_end
20079800 g       *ABS*  00000000 _non_volatile_counter_2_start
20079800 g       *ABS*  00000000 _non_volatile_counter_3_end
20079000 g       *ABS*  00000000 _non_volatile_counter_3_start
00000000 g       *ABS*  00000000 _rom_ext_slot_a
00080000 g       *ABS*  00000000 _rom_ext_slot_b
00010000 g       *ABS*  00000000 _owner_slot_a
00090000 g       *ABS*  00000000 _owner_slot_b
00010000 g       *ABS*  00000000 _rom_ext_size
0000ff80 g       *ABS*  00000000 _rom_chip_info_start
00000800 g       *ABS*  00000000 _epmp_reset_rx_size
00000000 g       *ABS*  00000000 __DYNAMIC
20000400 g       .rom_ext_immutable     00000000 _rom_ext_immutable_start
20000400 g       .rom_ext_immutable     00000000 _rom_ext_immutable_end
20004318 g       .note.gnu.build-id     00000000 _build_id_start
20004318 g       .note.gnu.build-id     00000000 _build_id_end
20004318 g       *ABS*  00000000 _data_init_end
100020c4 g       .freertos.heap 00000000 _freertos_heap_start
100020c8 g       __llvm_prf_cnts        00000000 __llvm_prf_cnts_values_end
100020c8 g       __llvm_prf_cnts        00000000 __llvm_prf_cnts_end
00000100 g       *ABS*  00000000 _non_volatile_counter_flash_words
2007b000 g       .non_volatile_scratch  00000000 begin_of_non_volatile_scratch
20080000 g       .non_volatile_scratch  00000000 end_of_non_volatile_scratch
00000000 g       __llvm_prf_data        00000000 __llvm_prf_data_start
00000000 g       __llvm_prf_data        00000000 __llvm_prf_data_end
00000000 g       __llvm_prf_names       00000000 __llvm_prf_names_start
00000000 g       __llvm_prf_names       00000000 __llvm_prf_names_end



Disassembly of section .vectors:

20000400 <_ottf_interrupt_vector>:
_ottf_interrupt_vector():
20000400:       1740006f                j       20000574 <handler_exception>
20000404:       c0001073                unimp
20000408:       c0001073                unimp
2000040c:       1bc0006f                j       200005c8 <handler_irq_software>
20000410:       c0001073                unimp
20000414:       c0001073                unimp
20000418:       c0001073                unimp
2000041c:       2000006f                j       2000061c <handler_irq_timer>
20000420:       c0001073                unimp
20000424:       c0001073                unimp
20000428:       c0001073                unimp
2000042c:       2440006f                j       20000670 <handler_irq_external>
20000430:       c0001073                unimp
20000434:       c0001073                unimp
20000438:       c0001073                unimp
2000043c:       c0001073                unimp
20000440:       c0001073                unimp
20000444:       c0001073                unimp
20000448:       c0001073                unimp
2000044c:       c0001073                unimp
20000450:       c0001073                unimp
20000454:       c0001073                unimp
20000458:       c0001073                unimp
2000045c:       c0001073                unimp
20000460:       c0001073                unimp
20000464:       c0001073                unimp
20000468:       c0001073                unimp
2000046c:       c0001073                unimp
20000470:       c0001073                unimp
20000474:       c0001073                unimp
20000478:       c0001073                unimp
2000047c:       2480006f                j       200006c4 <handler_irq_internal>

Disassembly of section .crt:

20000480 <_ottf_start>:
_ottf_start():
20000480:       f0002197                auipc   gp,0xf0002
20000484:       36818193                addi    gp,gp,872 # 100027e8 <__global_pointer$>
20000488:       f0020117                auipc   sp,0xf0020
2000048c:       af810113                addi    sp,sp,-1288 # 1001ff80 <_exception_frame_start>
20000490:       00000297                auipc   t0,0x0
20000494:       f7128293                addi    t0,t0,-143 # 20000401 <_ottf_interrupt_vector+0x1>
20000498:       30529073                csrw    mtvec,t0
2000049c:       f0002517                auipc   a0,0xf0002
200004a0:       b4c50513                addi    a0,a0,-1204 # 10001fe8 <status_report_list_cnt>
200004a4:       f0002597                auipc   a1,0xf0002
200004a8:       b4458593                addi    a1,a1,-1212 # 10001fe8 <status_report_list_cnt>
200004ac:       00004617                auipc   a2,0x4
200004b0:       e6c60613                addi    a2,a2,-404 # 20004318 <_build_id_end>
200004b4:       2835                    jal     200004f0 <crt_section_copy>
200004b6:       f0002517                auipc   a0,0xf0002
200004ba:       b3250513                addi    a0,a0,-1230 # 10001fe8 <status_report_list_cnt>
200004be:       f0002597                auipc   a1,0xf0002
200004c2:       c0658593                addi    a1,a1,-1018 # 100020c4 <_bss_end>
200004c6:       2019                    jal     200004cc <crt_section_clear>
200004c8:       66d0006f                j       20001334 <_ottf_main>

200004cc <crt_section_clear>:
crt_section_clear():
/proc/self/cwd/sw/device/lib/crt/crt.S:49
200004cc:       /-------- 00b57e63              bgeu    a0,a1,200004e8 <crt_section_clear+0x1c>
/proc/self/cwd/sw/device/lib/crt/crt.S:53
200004d0:       |         00b562b3              or      t0,a0,a1
/proc/self/cwd/sw/device/lib/crt/crt.S:54
200004d4:       |         0032f293              andi    t0,t0,3
/proc/self/cwd/sw/device/lib/crt/crt.S:55
200004d8:       |  /----- 00029b63              bnez    t0,200004ee <crt_section_clear+0x22>
/proc/self/cwd/sw/device/lib/crt/crt.S:61
200004dc:       |  |  /-> 00052023              sw      zero,0(a0)
/proc/self/cwd/sw/device/lib/crt/crt.S:62
200004e0:       |  |  |   0511                  addi    a0,a0,4
/proc/self/cwd/sw/device/lib/crt/crt.S:63
200004e2:       |  |  \-- feb56de3              bltu    a0,a1,200004dc <crt_section_clear+0x10>
/proc/self/cwd/sw/device/lib/crt/crt.S:65
200004e6:       |  |      8082                  ret
/proc/self/cwd/sw/device/lib/crt/crt.S:71
200004e8:       \--+----X 00b51363              bne     a0,a1,200004ee <crt_section_clear+0x22>
/proc/self/cwd/sw/device/lib/crt/crt.S:73
200004ec:          |      8082                  ret
/proc/self/cwd/sw/device/lib/crt/crt.S:77
200004ee:          \----> 0000                  unimp

200004f0 <crt_section_copy>:
crt_section_copy():
/proc/self/cwd/sw/device/lib/crt/crt.S:110
200004f0:       /-------- 02b57963              bgeu    a0,a1,20000522 <crt_section_copy+0x32>
/proc/self/cwd/sw/device/lib/crt/crt.S:114
200004f4:       |         00b562b3              or      t0,a0,a1
/proc/self/cwd/sw/device/lib/crt/crt.S:115
200004f8:       |         00c2e2b3              or      t0,t0,a2
/proc/self/cwd/sw/device/lib/crt/crt.S:116
200004fc:       |         0032f293              andi    t0,t0,3
/proc/self/cwd/sw/device/lib/crt/crt.S:117
20000500:       |  /----- 02029463              bnez    t0,20000528 <crt_section_copy+0x38>
/proc/self/cwd/sw/device/lib/crt/crt.S:135
20000504:       |  |      40c502b3              sub     t0,a0,a2
/proc/self/cwd/sw/device/lib/crt/crt.S:136
20000508:       |  |      40a58333              sub     t1,a1,a0
/proc/self/cwd/sw/device/lib/crt/crt.S:137
2000050c:       |  +----- 0062ee63              bltu    t0,t1,20000528 <crt_section_copy+0x38>
/proc/self/cwd/sw/device/lib/crt/crt.S:143
20000510:       |  |  /-> 00062283              lw      t0,0(a2)
/proc/self/cwd/sw/device/lib/crt/crt.S:144
20000514:       |  |  |   0611                  addi    a2,a2,4
/proc/self/cwd/sw/device/lib/crt/crt.S:145
20000516:       |  |  |   00552023              sw      t0,0(a0)
/proc/self/cwd/sw/device/lib/crt/crt.S:146
2000051a:       |  |  |   0511                  addi    a0,a0,4
/proc/self/cwd/sw/device/lib/crt/crt.S:147
2000051c:       |  |  \-- feb56ae3              bltu    a0,a1,20000510 <crt_section_copy+0x20>
/proc/self/cwd/sw/device/lib/crt/crt.S:149
20000520:       |  |      8082                  ret
/proc/self/cwd/sw/device/lib/crt/crt.S:155
20000522:       \--+----X 00b51363              bne     a0,a1,20000528 <crt_section_copy+0x38>
/proc/self/cwd/sw/device/lib/crt/crt.S:157
20000526:          |      8082                  ret
/proc/self/cwd/sw/device/lib/crt/crt.S:161
20000528:          \----> 0000                  unimp

Disassembly of section .text:

2000052c <compute_mepc_on_synchronous_irq>:
compute_mepc_on_synchronous_irq():
/proc/self/cwd/sw/device/lib/testing/test_framework/ottf_isrs.S:32
2000052c:           341022f3            csrr    t0,mepc
/proc/self/cwd/sw/device/lib/testing/test_framework/ottf_isrs.S:33
20000530:           34202373            csrr    t1,mcause
/proc/self/cwd/sw/device/lib/testing/test_framework/ottf_isrs.S:34
20000534:           4385                        li      t2,1
/proc/self/cwd/sw/device/lib/testing/test_framework/ottf_isrs.S:35
20000536:       /-- 00731363            bne     t1,t2,2000053c <compute_mepc_on_synchronous_irq+0x10>
/proc/self/cwd/sw/device/lib/testing/test_framework/ottf_isrs.S:36
2000053a:       |   8082                        ret
/proc/self/cwd/sw/device/lib/testing/test_framework/ottf_isrs.S:38
2000053c:       \-> 00029383            lh      t2,0(t0)
/proc/self/cwd/sw/device/lib/testing/test_framework/ottf_isrs.S:39
20000540:           430d                        li      t1,3
/proc/self/cwd/sw/device/lib/testing/test_framework/ottf_isrs.S:40
20000542:           0063fe33            and     t3,t2,t1
/proc/self/cwd/sw/device/lib/testing/test_framework/ottf_isrs.S:41
20000546:       /-- 006e0463            beq     t3,t1,2000054e <compute_mepc_on_synchronous_irq+0x22>
/proc/self/cwd/sw/device/lib/testing/test_framework/ottf_isrs.S:42
2000054a:       |   0289                        addi    t0,t0,2
/proc/self/cwd/sw/device/lib/testing/test_framework/ottf_isrs.S:43
2000054c:       |   8082                        ret
/proc/self/cwd/sw/device/lib/testing/test_framework/ottf_isrs.S:45
2000054e:       \-> 0291                        addi    t0,t0,4
/proc/self/cwd/sw/device/lib/testing/test_framework/ottf_isrs.S:46
20000550:           8082                        ret
20000552:           0001                        nop

20000554 <save_current_sp_to_tcb>:
save_current_sp_to_tcb():
/proc/self/cwd/sw/device/lib/testing/test_framework/ottf_isrs.S:61
20000554:           00004297            auipc   t0,0x4
20000558:           a1028293            addi    t0,t0,-1520 # 20003f64 <kOttfTestConfig>
/proc/self/cwd/sw/device/lib/testing/test_framework/ottf_isrs.S:62
2000055c:           00028303            lb      t1,0(t0)
/proc/self/cwd/sw/device/lib/testing/test_framework/ottf_isrs.S:63
20000560:       /-- 00030863            beqz    t1,20000570 <save_current_sp_to_tcb+0x1c>
/proc/self/cwd/sw/device/lib/testing/test_framework/ottf_isrs.S:64
20000564:       |   f0002397            auipc   t2,0xf0002
20000568:       |   a883a383            lw      t2,-1400(t2) # 10001fec <pxCurrentTCB>
/proc/self/cwd/sw/device/lib/testing/test_framework/ottf_isrs.S:65
2000056c:       |   0023a023            sw      sp,0(t2)
/proc/self/cwd/sw/device/lib/testing/test_framework/ottf_isrs.S:67
20000570:       \-> 8082                        ret
20000572:           0001                        nop

20000574 <handler_exception>:
handler_exception():
/proc/self/cwd/sw/device/lib/testing/test_framework/ottf_isrs.S:80
20000574:       f8810113                addi    sp,sp,-120
/proc/self/cwd/sw/device/lib/testing/test_framework/ottf_isrs.S:81
20000578:       c206                    sw      ra,4(sp)
/proc/self/cwd/sw/device/lib/testing/test_framework/ottf_isrs.S:82
2000057a:       c416                    sw      t0,8(sp)
/proc/self/cwd/sw/device/lib/testing/test_framework/ottf_isrs.S:83
2000057c:       c61a                    sw      t1,12(sp)
/proc/self/cwd/sw/device/lib/testing/test_framework/ottf_isrs.S:84
2000057e:       c81e                    sw      t2,16(sp)
/proc/self/cwd/sw/device/lib/testing/test_framework/ottf_isrs.S:85
20000580:       ca22                    sw      s0,20(sp)
/proc/self/cwd/sw/device/lib/testing/test_framework/ottf_isrs.S:86
20000582:       cc26                    sw      s1,24(sp)
/proc/self/cwd/sw/device/lib/testing/test_framework/ottf_isrs.S:87
20000584:       ce2a                    sw      a0,28(sp)
/proc/self/cwd/sw/device/lib/testing/test_framework/ottf_isrs.S:88
20000586:       d02e                    sw      a1,32(sp)
/proc/self/cwd/sw/device/lib/testing/test_framework/ottf_isrs.S:89
20000588:       d232                    sw      a2,36(sp)
/proc/self/cwd/sw/device/lib/testing/test_framework/ottf_isrs.S:90
2000058a:       d436                    sw      a3,40(sp)
/proc/self/cwd/sw/device/lib/testing/test_framework/ottf_isrs.S:91
2000058c:       d63a                    sw      a4,44(sp)
/proc/self/cwd/sw/device/lib/testing/test_framework/ottf_isrs.S:92
2000058e:       d83e                    sw      a5,48(sp)
/proc/self/cwd/sw/device/lib/testing/test_framework/ottf_isrs.S:93
20000590:       da42                    sw      a6,52(sp)
/proc/self/cwd/sw/device/lib/testing/test_framework/ottf_isrs.S:94
20000592:       dc46                    sw      a7,56(sp)
/proc/self/cwd/sw/device/lib/testing/test_framework/ottf_isrs.S:95
20000594:       de4a                    sw      s2,60(sp)
/proc/self/cwd/sw/device/lib/testing/test_framework/ottf_isrs.S:96
20000596:       c0ce                    sw      s3,64(sp)
/proc/self/cwd/sw/device/lib/testing/test_framework/ottf_isrs.S:97
20000598:       c2d2                    sw      s4,68(sp)
/proc/self/cwd/sw/device/lib/testing/test_framework/ottf_isrs.S:98
2000059a:       c4d6                    sw      s5,72(sp)
/proc/self/cwd/sw/device/lib/testing/test_framework/ottf_isrs.S:99
2000059c:       c6da                    sw      s6,76(sp)
/proc/self/cwd/sw/device/lib/testing/test_framework/ottf_isrs.S:100
2000059e:       c8de                    sw      s7,80(sp)
/proc/self/cwd/sw/device/lib/testing/test_framework/ottf_isrs.S:101
200005a0:       cae2                    sw      s8,84(sp)
/proc/self/cwd/sw/device/lib/testing/test_framework/ottf_isrs.S:102
200005a2:       cce6                    sw      s9,88(sp)
/proc/self/cwd/sw/device/lib/testing/test_framework/ottf_isrs.S:103
200005a4:       ceea                    sw      s10,92(sp)
/proc/self/cwd/sw/device/lib/testing/test_framework/ottf_isrs.S:104
200005a6:       d0ee                    sw      s11,96(sp)
/proc/self/cwd/sw/device/lib/testing/test_framework/ottf_isrs.S:105
200005a8:       d2f2                    sw      t3,100(sp)
/proc/self/cwd/sw/device/lib/testing/test_framework/ottf_isrs.S:106
200005aa:       d4f6                    sw      t4,104(sp)
/proc/self/cwd/sw/device/lib/testing/test_framework/ottf_isrs.S:107
200005ac:       d6fa                    sw      t5,108(sp)
/proc/self/cwd/sw/device/lib/testing/test_framework/ottf_isrs.S:108
200005ae:       d8fe                    sw      t6,112(sp)
/proc/self/cwd/sw/device/lib/testing/test_framework/ottf_isrs.S:111
200005b0:       300022f3                csrr    t0,mstatus
/proc/self/cwd/sw/device/lib/testing/test_framework/ottf_isrs.S:112
200005b4:       da96                    sw      t0,116(sp)
/proc/self/cwd/sw/device/lib/testing/test_framework/ottf_isrs.S:116
200005b6:       3f9d                    jal     2000052c <compute_mepc_on_synchronous_irq>
/proc/self/cwd/sw/device/lib/testing/test_framework/ottf_isrs.S:117
200005b8:       c016                    sw      t0,0(sp)
/proc/self/cwd/sw/device/lib/testing/test_framework/ottf_isrs.S:121
200005ba:       3f69                    jal     20000554 <save_current_sp_to_tcb>
/proc/self/cwd/sw/device/lib/testing/test_framework/ottf_isrs.S:124
200005bc:       850a                    mv      a0,sp
/proc/self/cwd/sw/device/lib/testing/test_framework/ottf_isrs.S:125
200005be:       4f0010ef                jal     ra,20001aae <ottf_exception_handler>
/proc/self/cwd/sw/device/lib/testing/test_framework/ottf_isrs.S:128
200005c2:       1560006f                j       20000718 <ottf_isr_exit>
200005c6:       0001                    nop

200005c8 <handler_irq_software>:
handler_irq_software():
/proc/self/cwd/sw/device/lib/testing/test_framework/ottf_isrs.S:141
200005c8:       f8810113                addi    sp,sp,-120
/proc/self/cwd/sw/device/lib/testing/test_framework/ottf_isrs.S:142
200005cc:       c206                    sw      ra,4(sp)
/proc/self/cwd/sw/device/lib/testing/test_framework/ottf_isrs.S:143
200005ce:       c416                    sw      t0,8(sp)
/proc/self/cwd/sw/device/lib/testing/test_framework/ottf_isrs.S:144
200005d0:       c61a                    sw      t1,12(sp)
/proc/self/cwd/sw/device/lib/testing/test_framework/ottf_isrs.S:145
200005d2:       c81e                    sw      t2,16(sp)
/proc/self/cwd/sw/device/lib/testing/test_framework/ottf_isrs.S:146
200005d4:       ca22                    sw      s0,20(sp)
/proc/self/cwd/sw/device/lib/testing/test_framework/ottf_isrs.S:147
200005d6:       cc26                    sw      s1,24(sp)
/proc/self/cwd/sw/device/lib/testing/test_framework/ottf_isrs.S:148
200005d8:       ce2a                    sw      a0,28(sp)
/proc/self/cwd/sw/device/lib/testing/test_framework/ottf_isrs.S:149
200005da:       d02e                    sw      a1,32(sp)
/proc/self/cwd/sw/device/lib/testing/test_framework/ottf_isrs.S:150
200005dc:       d232                    sw      a2,36(sp)
/proc/self/cwd/sw/device/lib/testing/test_framework/ottf_isrs.S:151
200005de:       d436                    sw      a3,40(sp)
/proc/self/cwd/sw/device/lib/testing/test_framework/ottf_isrs.S:152
200005e0:       d63a                    sw      a4,44(sp)
/proc/self/cwd/sw/device/lib/testing/test_framework/ottf_isrs.S:153
200005e2:       d83e                    sw      a5,48(sp)
/proc/self/cwd/sw/device/lib/testing/test_framework/ottf_isrs.S:154
200005e4:       da42                    sw      a6,52(sp)
/proc/self/cwd/sw/device/lib/testing/test_framework/ottf_isrs.S:155
200005e6:       dc46                    sw      a7,56(sp)
/proc/self/cwd/sw/device/lib/testing/test_framework/ottf_isrs.S:156
200005e8:       de4a                    sw      s2,60(sp)
/proc/self/cwd/sw/device/lib/testing/test_framework/ottf_isrs.S:157
200005ea:       c0ce                    sw      s3,64(sp)
/proc/self/cwd/sw/device/lib/testing/test_framework/ottf_isrs.S:158
200005ec:       c2d2                    sw      s4,68(sp)
/proc/self/cwd/sw/device/lib/testing/test_framework/ottf_isrs.S:159
200005ee:       c4d6                    sw      s5,72(sp)
/proc/self/cwd/sw/device/lib/testing/test_framework/ottf_isrs.S:160
200005f0:       c6da                    sw      s6,76(sp)
/proc/self/cwd/sw/device/lib/testing/test_framework/ottf_isrs.S:161
200005f2:       c8de                    sw      s7,80(sp)
/proc/self/cwd/sw/device/lib/testing/test_framework/ottf_isrs.S:162
200005f4:       cae2                    sw      s8,84(sp)
/proc/self/cwd/sw/device/lib/testing/test_framework/ottf_isrs.S:163
200005f6:       cce6                    sw      s9,88(sp)
/proc/self/cwd/sw/device/lib/testing/test_framework/ottf_isrs.S:164
200005f8:       ceea                    sw      s10,92(sp)
/proc/self/cwd/sw/device/lib/testing/test_framework/ottf_isrs.S:165
200005fa:       d0ee                    sw      s11,96(sp)
/proc/self/cwd/sw/device/lib/testing/test_framework/ottf_isrs.S:166
200005fc:       d2f2                    sw      t3,100(sp)
/proc/self/cwd/sw/device/lib/testing/test_framework/ottf_isrs.S:167
200005fe:       d4f6                    sw      t4,104(sp)
/proc/self/cwd/sw/device/lib/testing/test_framework/ottf_isrs.S:168
20000600:       d6fa                    sw      t5,108(sp)
/proc/self/cwd/sw/device/lib/testing/test_framework/ottf_isrs.S:169
20000602:       d8fe                    sw      t6,112(sp)
/proc/self/cwd/sw/device/lib/testing/test_framework/ottf_isrs.S:172
20000604:       300022f3                csrr    t0,mstatus
/proc/self/cwd/sw/device/lib/testing/test_framework/ottf_isrs.S:173
20000608:       da96                    sw      t0,116(sp)
/proc/self/cwd/sw/device/lib/testing/test_framework/ottf_isrs.S:177
2000060a:       341022f3                csrr    t0,mepc
/proc/self/cwd/sw/device/lib/testing/test_framework/ottf_isrs.S:178
2000060e:       c016                    sw      t0,0(sp)
/proc/self/cwd/sw/device/lib/testing/test_framework/ottf_isrs.S:182
20000610:       3791                    jal     20000554 <save_current_sp_to_tcb>
/proc/self/cwd/sw/device/lib/testing/test_framework/ottf_isrs.S:185
20000612:       850a                    mv      a0,sp
/proc/self/cwd/sw/device/lib/testing/test_framework/ottf_isrs.S:186
20000614:       58c010ef                jal     ra,20001ba0 <ottf_software_isr>
/proc/self/cwd/sw/device/lib/testing/test_framework/ottf_isrs.S:189
20000618:       1000006f                j       20000718 <ottf_isr_exit>

2000061c <handler_irq_timer>:
handler_irq_timer():
/proc/self/cwd/sw/device/lib/testing/test_framework/ottf_isrs.S:202
2000061c:       f8810113                addi    sp,sp,-120
/proc/self/cwd/sw/device/lib/testing/test_framework/ottf_isrs.S:203
20000620:       c206                    sw      ra,4(sp)
/proc/self/cwd/sw/device/lib/testing/test_framework/ottf_isrs.S:204
20000622:       c416                    sw      t0,8(sp)
/proc/self/cwd/sw/device/lib/testing/test_framework/ottf_isrs.S:205
20000624:       c61a                    sw      t1,12(sp)
/proc/self/cwd/sw/device/lib/testing/test_framework/ottf_isrs.S:206
20000626:       c81e                    sw      t2,16(sp)
/proc/self/cwd/sw/device/lib/testing/test_framework/ottf_isrs.S:207
20000628:       ca22                    sw      s0,20(sp)
/proc/self/cwd/sw/device/lib/testing/test_framework/ottf_isrs.S:208
2000062a:       cc26                    sw      s1,24(sp)
/proc/self/cwd/sw/device/lib/testing/test_framework/ottf_isrs.S:209
2000062c:       ce2a                    sw      a0,28(sp)
/proc/self/cwd/sw/device/lib/testing/test_framework/ottf_isrs.S:210
2000062e:       d02e                    sw      a1,32(sp)
/proc/self/cwd/sw/device/lib/testing/test_framework/ottf_isrs.S:211
20000630:       d232                    sw      a2,36(sp)
/proc/self/cwd/sw/device/lib/testing/test_framework/ottf_isrs.S:212
20000632:       d436                    sw      a3,40(sp)
/proc/self/cwd/sw/device/lib/testing/test_framework/ottf_isrs.S:213
20000634:       d63a                    sw      a4,44(sp)
/proc/self/cwd/sw/device/lib/testing/test_framework/ottf_isrs.S:214
20000636:       d83e                    sw      a5,48(sp)
/proc/self/cwd/sw/device/lib/testing/test_framework/ottf_isrs.S:215
20000638:       da42                    sw      a6,52(sp)
/proc/self/cwd/sw/device/lib/testing/test_framework/ottf_isrs.S:216
2000063a:       dc46                    sw      a7,56(sp)
/proc/self/cwd/sw/device/lib/testing/test_framework/ottf_isrs.S:217
2000063c:       de4a                    sw      s2,60(sp)
/proc/self/cwd/sw/device/lib/testing/test_framework/ottf_isrs.S:218
2000063e:       c0ce                    sw      s3,64(sp)
/proc/self/cwd/sw/device/lib/testing/test_framework/ottf_isrs.S:219
20000640:       c2d2                    sw      s4,68(sp)
/proc/self/cwd/sw/device/lib/testing/test_framework/ottf_isrs.S:220
20000642:       c4d6                    sw      s5,72(sp)
/proc/self/cwd/sw/device/lib/testing/test_framework/ottf_isrs.S:221
20000644:       c6da                    sw      s6,76(sp)
/proc/self/cwd/sw/device/lib/testing/test_framework/ottf_isrs.S:222
20000646:       c8de                    sw      s7,80(sp)
/proc/self/cwd/sw/device/lib/testing/test_framework/ottf_isrs.S:223
20000648:       cae2                    sw      s8,84(sp)
/proc/self/cwd/sw/device/lib/testing/test_framework/ottf_isrs.S:224
2000064a:       cce6                    sw      s9,88(sp)
/proc/self/cwd/sw/device/lib/testing/test_framework/ottf_isrs.S:225
2000064c:       ceea                    sw      s10,92(sp)
/proc/self/cwd/sw/device/lib/testing/test_framework/ottf_isrs.S:226
2000064e:       d0ee                    sw      s11,96(sp)
/proc/self/cwd/sw/device/lib/testing/test_framework/ottf_isrs.S:227
20000650:       d2f2                    sw      t3,100(sp)
/proc/self/cwd/sw/device/lib/testing/test_framework/ottf_isrs.S:228
20000652:       d4f6                    sw      t4,104(sp)
/proc/self/cwd/sw/device/lib/testing/test_framework/ottf_isrs.S:229
20000654:       d6fa                    sw      t5,108(sp)
/proc/self/cwd/sw/device/lib/testing/test_framework/ottf_isrs.S:230
20000656:       d8fe                    sw      t6,112(sp)
/proc/self/cwd/sw/device/lib/testing/test_framework/ottf_isrs.S:233
20000658:       300022f3                csrr    t0,mstatus
/proc/self/cwd/sw/device/lib/testing/test_framework/ottf_isrs.S:234
2000065c:       da96                    sw      t0,116(sp)
/proc/self/cwd/sw/device/lib/testing/test_framework/ottf_isrs.S:238
2000065e:       341022f3                csrr    t0,mepc
/proc/self/cwd/sw/device/lib/testing/test_framework/ottf_isrs.S:239
20000662:       c016                    sw      t0,0(sp)
/proc/self/cwd/sw/device/lib/testing/test_framework/ottf_isrs.S:243
20000664:       3dc5                    jal     20000554 <save_current_sp_to_tcb>
/proc/self/cwd/sw/device/lib/testing/test_framework/ottf_isrs.S:246
20000666:       850a                    mv      a0,sp
/proc/self/cwd/sw/device/lib/testing/test_framework/ottf_isrs.S:247
20000668:       558010ef                jal     ra,20001bc0 <ottf_timer_isr>
/proc/self/cwd/sw/device/lib/testing/test_framework/ottf_isrs.S:250
2000066c:       0ac0006f                j       20000718 <ottf_isr_exit>

20000670 <handler_irq_external>:
handler_irq_external():
/proc/self/cwd/sw/device/lib/testing/test_framework/ottf_isrs.S:263
20000670:       f8810113                addi    sp,sp,-120
/proc/self/cwd/sw/device/lib/testing/test_framework/ottf_isrs.S:264
20000674:       c206                    sw      ra,4(sp)
/proc/self/cwd/sw/device/lib/testing/test_framework/ottf_isrs.S:265
20000676:       c416                    sw      t0,8(sp)
/proc/self/cwd/sw/device/lib/testing/test_framework/ottf_isrs.S:266
20000678:       c61a                    sw      t1,12(sp)
/proc/self/cwd/sw/device/lib/testing/test_framework/ottf_isrs.S:267
2000067a:       c81e                    sw      t2,16(sp)
/proc/self/cwd/sw/device/lib/testing/test_framework/ottf_isrs.S:268
2000067c:       ca22                    sw      s0,20(sp)
/proc/self/cwd/sw/device/lib/testing/test_framework/ottf_isrs.S:269
2000067e:       cc26                    sw      s1,24(sp)
/proc/self/cwd/sw/device/lib/testing/test_framework/ottf_isrs.S:270
20000680:       ce2a                    sw      a0,28(sp)
/proc/self/cwd/sw/device/lib/testing/test_framework/ottf_isrs.S:271
20000682:       d02e                    sw      a1,32(sp)
/proc/self/cwd/sw/device/lib/testing/test_framework/ottf_isrs.S:272
20000684:       d232                    sw      a2,36(sp)
/proc/self/cwd/sw/device/lib/testing/test_framework/ottf_isrs.S:273
20000686:       d436                    sw      a3,40(sp)
/proc/self/cwd/sw/device/lib/testing/test_framework/ottf_isrs.S:274
20000688:       d63a                    sw      a4,44(sp)
/proc/self/cwd/sw/device/lib/testing/test_framework/ottf_isrs.S:275
2000068a:       d83e                    sw      a5,48(sp)
/proc/self/cwd/sw/device/lib/testing/test_framework/ottf_isrs.S:276
2000068c:       da42                    sw      a6,52(sp)
/proc/self/cwd/sw/device/lib/testing/test_framework/ottf_isrs.S:277
2000068e:       dc46                    sw      a7,56(sp)
/proc/self/cwd/sw/device/lib/testing/test_framework/ottf_isrs.S:278
20000690:       de4a                    sw      s2,60(sp)
/proc/self/cwd/sw/device/lib/testing/test_framework/ottf_isrs.S:279
20000692:       c0ce                    sw      s3,64(sp)
/proc/self/cwd/sw/device/lib/testing/test_framework/ottf_isrs.S:280
20000694:       c2d2                    sw      s4,68(sp)
/proc/self/cwd/sw/device/lib/testing/test_framework/ottf_isrs.S:281
20000696:       c4d6                    sw      s5,72(sp)
/proc/self/cwd/sw/device/lib/testing/test_framework/ottf_isrs.S:282
20000698:       c6da                    sw      s6,76(sp)
/proc/self/cwd/sw/device/lib/testing/test_framework/ottf_isrs.S:283
2000069a:       c8de                    sw      s7,80(sp)
/proc/self/cwd/sw/device/lib/testing/test_framework/ottf_isrs.S:284
2000069c:       cae2                    sw      s8,84(sp)
/proc/self/cwd/sw/device/lib/testing/test_framework/ottf_isrs.S:285
2000069e:       cce6                    sw      s9,88(sp)
/proc/self/cwd/sw/device/lib/testing/test_framework/ottf_isrs.S:286
200006a0:       ceea                    sw      s10,92(sp)
/proc/self/cwd/sw/device/lib/testing/test_framework/ottf_isrs.S:287
200006a2:       d0ee                    sw      s11,96(sp)
/proc/self/cwd/sw/device/lib/testing/test_framework/ottf_isrs.S:288
200006a4:       d2f2                    sw      t3,100(sp)
/proc/self/cwd/sw/device/lib/testing/test_framework/ottf_isrs.S:289
200006a6:       d4f6                    sw      t4,104(sp)
/proc/self/cwd/sw/device/lib/testing/test_framework/ottf_isrs.S:290
200006a8:       d6fa                    sw      t5,108(sp)
/proc/self/cwd/sw/device/lib/testing/test_framework/ottf_isrs.S:291
200006aa:       d8fe                    sw      t6,112(sp)
/proc/self/cwd/sw/device/lib/testing/test_framework/ottf_isrs.S:294
200006ac:       300022f3                csrr    t0,mstatus
/proc/self/cwd/sw/device/lib/testing/test_framework/ottf_isrs.S:295
200006b0:       da96                    sw      t0,116(sp)
/proc/self/cwd/sw/device/lib/testing/test_framework/ottf_isrs.S:299
200006b2:       341022f3                csrr    t0,mepc
/proc/self/cwd/sw/device/lib/testing/test_framework/ottf_isrs.S:300
200006b6:       c016                    sw      t0,0(sp)
/proc/self/cwd/sw/device/lib/testing/test_framework/ottf_isrs.S:304
200006b8:       3d71                    jal     20000554 <save_current_sp_to_tcb>
/proc/self/cwd/sw/device/lib/testing/test_framework/ottf_isrs.S:307
200006ba:       850a                    mv      a0,sp
/proc/self/cwd/sw/device/lib/testing/test_framework/ottf_isrs.S:308
200006bc:       524010ef                jal     ra,20001be0 <ottf_external_isr>
/proc/self/cwd/sw/device/lib/testing/test_framework/ottf_isrs.S:311
200006c0:       0580006f                j       20000718 <ottf_isr_exit>

200006c4 <handler_irq_internal>:
handler_irq_internal():
/proc/self/cwd/sw/device/lib/testing/test_framework/ottf_isrs.S:324
200006c4:       f8810113                addi    sp,sp,-120
/proc/self/cwd/sw/device/lib/testing/test_framework/ottf_isrs.S:325
200006c8:       c206                    sw      ra,4(sp)
/proc/self/cwd/sw/device/lib/testing/test_framework/ottf_isrs.S:326
200006ca:       c416                    sw      t0,8(sp)
/proc/self/cwd/sw/device/lib/testing/test_framework/ottf_isrs.S:327
200006cc:       c61a                    sw      t1,12(sp)
/proc/self/cwd/sw/device/lib/testing/test_framework/ottf_isrs.S:328
200006ce:       c81e                    sw      t2,16(sp)
/proc/self/cwd/sw/device/lib/testing/test_framework/ottf_isrs.S:329
200006d0:       ca22                    sw      s0,20(sp)
/proc/self/cwd/sw/device/lib/testing/test_framework/ottf_isrs.S:330
200006d2:       cc26                    sw      s1,24(sp)
/proc/self/cwd/sw/device/lib/testing/test_framework/ottf_isrs.S:331
200006d4:       ce2a                    sw      a0,28(sp)
/proc/self/cwd/sw/device/lib/testing/test_framework/ottf_isrs.S:332
200006d6:       d02e                    sw      a1,32(sp)
/proc/self/cwd/sw/device/lib/testing/test_framework/ottf_isrs.S:333
200006d8:       d232                    sw      a2,36(sp)
/proc/self/cwd/sw/device/lib/testing/test_framework/ottf_isrs.S:334
200006da:       d436                    sw      a3,40(sp)
/proc/self/cwd/sw/device/lib/testing/test_framework/ottf_isrs.S:335
200006dc:       d63a                    sw      a4,44(sp)
/proc/self/cwd/sw/device/lib/testing/test_framework/ottf_isrs.S:336
200006de:       d83e                    sw      a5,48(sp)
/proc/self/cwd/sw/device/lib/testing/test_framework/ottf_isrs.S:337
200006e0:       da42                    sw      a6,52(sp)
/proc/self/cwd/sw/device/lib/testing/test_framework/ottf_isrs.S:338
200006e2:       dc46                    sw      a7,56(sp)
/proc/self/cwd/sw/device/lib/testing/test_framework/ottf_isrs.S:339
200006e4:       de4a                    sw      s2,60(sp)
/proc/self/cwd/sw/device/lib/testing/test_framework/ottf_isrs.S:340
200006e6:       c0ce                    sw      s3,64(sp)
/proc/self/cwd/sw/device/lib/testing/test_framework/ottf_isrs.S:341
200006e8:       c2d2                    sw      s4,68(sp)
/proc/self/cwd/sw/device/lib/testing/test_framework/ottf_isrs.S:342
200006ea:       c4d6                    sw      s5,72(sp)
/proc/self/cwd/sw/device/lib/testing/test_framework/ottf_isrs.S:343
200006ec:       c6da                    sw      s6,76(sp)
/proc/self/cwd/sw/device/lib/testing/test_framework/ottf_isrs.S:344
200006ee:       c8de                    sw      s7,80(sp)
/proc/self/cwd/sw/device/lib/testing/test_framework/ottf_isrs.S:345
200006f0:       cae2                    sw      s8,84(sp)
/proc/self/cwd/sw/device/lib/testing/test_framework/ottf_isrs.S:346
200006f2:       cce6                    sw      s9,88(sp)
/proc/self/cwd/sw/device/lib/testing/test_framework/ottf_isrs.S:347
200006f4:       ceea                    sw      s10,92(sp)
/proc/self/cwd/sw/device/lib/testing/test_framework/ottf_isrs.S:348
200006f6:       d0ee                    sw      s11,96(sp)
/proc/self/cwd/sw/device/lib/testing/test_framework/ottf_isrs.S:349
200006f8:       d2f2                    sw      t3,100(sp)
/proc/self/cwd/sw/device/lib/testing/test_framework/ottf_isrs.S:350
200006fa:       d4f6                    sw      t4,104(sp)
/proc/self/cwd/sw/device/lib/testing/test_framework/ottf_isrs.S:351
200006fc:       d6fa                    sw      t5,108(sp)
/proc/self/cwd/sw/device/lib/testing/test_framework/ottf_isrs.S:352
200006fe:       d8fe                    sw      t6,112(sp)
/proc/self/cwd/sw/device/lib/testing/test_framework/ottf_isrs.S:355
20000700:       300022f3                csrr    t0,mstatus
/proc/self/cwd/sw/device/lib/testing/test_framework/ottf_isrs.S:356
20000704:       da96                    sw      t0,116(sp)
/proc/self/cwd/sw/device/lib/testing/test_framework/ottf_isrs.S:360
20000706:       341022f3                csrr    t0,mepc
/proc/self/cwd/sw/device/lib/testing/test_framework/ottf_isrs.S:361
2000070a:       c016                    sw      t0,0(sp)
/proc/self/cwd/sw/device/lib/testing/test_framework/ottf_isrs.S:365
2000070c:       35a1                    jal     20000554 <save_current_sp_to_tcb>
/proc/self/cwd/sw/device/lib/testing/test_framework/ottf_isrs.S:368
2000070e:       850a                    mv      a0,sp
/proc/self/cwd/sw/device/lib/testing/test_framework/ottf_isrs.S:369
20000710:       66a010ef                jal     ra,20001d7a <ottf_internal_isr>
/proc/self/cwd/sw/device/lib/testing/test_framework/ottf_isrs.S:372
20000714:       0040006f                j       20000718 <ottf_isr_exit>

20000718 <ottf_isr_exit>:
ottf_isr_exit():
/proc/self/cwd/sw/device/lib/testing/test_framework/ottf_isrs.S:389
20000718:           00004297            auipc   t0,0x4
2000071c:           84c28293            addi    t0,t0,-1972 # 20003f64 <kOttfTestConfig>
/proc/self/cwd/sw/device/lib/testing/test_framework/ottf_isrs.S:390
20000720:           00028303            lb      t1,0(t0)
/proc/self/cwd/sw/device/lib/testing/test_framework/ottf_isrs.S:391
20000724:       /-- 00030863            beqz    t1,20000734 <ottf_isr_exit+0x1c>
/proc/self/cwd/sw/device/lib/testing/test_framework/ottf_isrs.S:392
20000728:       |   f0002397            auipc   t2,0xf0002
2000072c:       |   8c43a383            lw      t2,-1852(t2) # 10001fec <pxCurrentTCB>
/proc/self/cwd/sw/device/lib/testing/test_framework/ottf_isrs.S:393
20000730:       |   0003a103            lw      sp,0(t2)
/proc/self/cwd/sw/device/lib/testing/test_framework/ottf_isrs.S:397
20000734:       \-> 4282                        lw      t0,0(sp)
/proc/self/cwd/sw/device/lib/testing/test_framework/ottf_isrs.S:398
20000736:           34129073            csrw    mepc,t0
/proc/self/cwd/sw/device/lib/testing/test_framework/ottf_isrs.S:401
2000073a:           52d6                        lw      t0,116(sp)
/proc/self/cwd/sw/device/lib/testing/test_framework/ottf_isrs.S:402
2000073c:           30029073            csrw    mstatus,t0
/proc/self/cwd/sw/device/lib/testing/test_framework/ottf_isrs.S:405
20000740:           4092                        lw      ra,4(sp)
/proc/self/cwd/sw/device/lib/testing/test_framework/ottf_isrs.S:406
20000742:           42a2                        lw      t0,8(sp)
/proc/self/cwd/sw/device/lib/testing/test_framework/ottf_isrs.S:407
20000744:           4332                        lw      t1,12(sp)
/proc/self/cwd/sw/device/lib/testing/test_framework/ottf_isrs.S:408
20000746:           43c2                        lw      t2,16(sp)
/proc/self/cwd/sw/device/lib/testing/test_framework/ottf_isrs.S:409
20000748:           4452                        lw      s0,20(sp)
/proc/self/cwd/sw/device/lib/testing/test_framework/ottf_isrs.S:410
2000074a:           44e2                        lw      s1,24(sp)
/proc/self/cwd/sw/device/lib/testing/test_framework/ottf_isrs.S:411
2000074c:           4572                        lw      a0,28(sp)
/proc/self/cwd/sw/device/lib/testing/test_framework/ottf_isrs.S:412
2000074e:           5582                        lw      a1,32(sp)
/proc/self/cwd/sw/device/lib/testing/test_framework/ottf_isrs.S:413
20000750:           5612                        lw      a2,36(sp)
/proc/self/cwd/sw/device/lib/testing/test_framework/ottf_isrs.S:414
20000752:           56a2                        lw      a3,40(sp)
/proc/self/cwd/sw/device/lib/testing/test_framework/ottf_isrs.S:415
20000754:           5732                        lw      a4,44(sp)
/proc/self/cwd/sw/device/lib/testing/test_framework/ottf_isrs.S:416
20000756:           57c2                        lw      a5,48(sp)
/proc/self/cwd/sw/device/lib/testing/test_framework/ottf_isrs.S:417
20000758:           5852                        lw      a6,52(sp)
/proc/self/cwd/sw/device/lib/testing/test_framework/ottf_isrs.S:418
2000075a:           58e2                        lw      a7,56(sp)
/proc/self/cwd/sw/device/lib/testing/test_framework/ottf_isrs.S:419
2000075c:           5972                        lw      s2,60(sp)
/proc/self/cwd/sw/device/lib/testing/test_framework/ottf_isrs.S:420
2000075e:           4986                        lw      s3,64(sp)
/proc/self/cwd/sw/device/lib/testing/test_framework/ottf_isrs.S:421
20000760:           4a16                        lw      s4,68(sp)
/proc/self/cwd/sw/device/lib/testing/test_framework/ottf_isrs.S:422
20000762:           4aa6                        lw      s5,72(sp)
/proc/self/cwd/sw/device/lib/testing/test_framework/ottf_isrs.S:423
20000764:           4b36                        lw      s6,76(sp)
/proc/self/cwd/sw/device/lib/testing/test_framework/ottf_isrs.S:424
20000766:           4bc6                        lw      s7,80(sp)
/proc/self/cwd/sw/device/lib/testing/test_framework/ottf_isrs.S:425
20000768:           4c56                        lw      s8,84(sp)
/proc/self/cwd/sw/device/lib/testing/test_framework/ottf_isrs.S:426
2000076a:           4ce6                        lw      s9,88(sp)
/proc/self/cwd/sw/device/lib/testing/test_framework/ottf_isrs.S:427
2000076c:           4d76                        lw      s10,92(sp)
/proc/self/cwd/sw/device/lib/testing/test_framework/ottf_isrs.S:428
2000076e:           5d86                        lw      s11,96(sp)
/proc/self/cwd/sw/device/lib/testing/test_framework/ottf_isrs.S:429
20000770:           5e16                        lw      t3,100(sp)
/proc/self/cwd/sw/device/lib/testing/test_framework/ottf_isrs.S:430
20000772:           5ea6                        lw      t4,104(sp)
/proc/self/cwd/sw/device/lib/testing/test_framework/ottf_isrs.S:431
20000774:           5f36                        lw      t5,108(sp)
/proc/self/cwd/sw/device/lib/testing/test_framework/ottf_isrs.S:432
20000776:           5fc6                        lw      t6,112(sp)
/proc/self/cwd/sw/device/lib/testing/test_framework/ottf_isrs.S:433
20000778:           07810113            addi    sp,sp,120
/proc/self/cwd/sw/device/lib/testing/test_framework/ottf_isrs.S:437
2000077c:           30200073            mret

20000780 <check_csrng_fuse_enabled>:
check_csrng_fuse_enabled():
/proc/self/cwd/sw/device/tests/sim_dv/csrng_fuse_en_sw_app_read.c:63
20000780:              1101                     addi    sp,sp,-32
20000782:              ce06                     sw      ra,28(sp)
20000784:              cc22                     sw      s0,24(sp)
20000786:              ca26                     sw      s1,20(sp)
20000788:              4585                     li      a1,1
dif_otp_ctrl_init():
/proc/self/cwd/bazel-out/k8-fastbuild-ST-1df456420242/bin/sw/device/lib/dif/autogen/dif_otp_ctrl_autogen.c:33
2000078a:              c62e                     sw      a1,12(sp)
2000078c:              401305b7                 lui     a1,0x40130
/proc/self/cwd/bazel-out/k8-fastbuild-ST-1df456420242/bin/sw/device/lib/dif/autogen/dif_otp_ctrl_autogen.c:34
20000790:              c42e                     sw      a1,8(sp)
mmio_region_read32():
/proc/self/cwd/./sw/device/lib/base/mmio.h:96
20000792:              59b0                     lw      a2,112(a1)
20000794:              842a                     mv      s0,a0
bitfield_bit32_read():
/proc/self/cwd/./sw/device/lib/base/bitfield.h:122
20000796:              8a05                     andi    a2,a2,1
20000798:              e0010517                 auipc   a0,0xe0010
2000079c:              86850493                 addi    s1,a0,-1944 # 10000 <_dv_log_offset>
dif_otp_ctrl_configure():
/proc/self/cwd/sw/device/lib/dif/dif_otp_ctrl.c:84
200007a0:       /----- e605                     bnez    a2,200007c8 <check_csrng_fuse_enabled+0x48>
check_csrng_fuse_enabled():
/proc/self/cwd/sw/device/tests/sim_dv/csrng_fuse_en_sw_app_read.c:73
200007a2:       |      e0000517                 auipc   a0,0xe0000
200007a6:       |      8b250513                 addi    a0,a0,-1870 # 54 <check_csrng_fuse_enabled.kLogFields.21>
200007aa:       |      9526                     add     a0,a0,s1
200007ac:       |      4585                     li      a1,1
200007ae:       |      4625                     li      a2,9
200007b0:       |      00002097                 auipc   ra,0x2
200007b4:       |      f3c080e7                 jalr    -196(ra) # 200026ec <base_log_internal_dv>
200007b8:       |      6531                     lui     a0,0xc
200007ba:       |      aad50513                 addi    a0,a0,-1363 # baad <_non_volatile_scratch_size+0x6aad>
200007be:       |      00002097                 auipc   ra,0x2
200007c2:       |      ea4080e7                 jalr    -348(ra) # 20002662 <test_status_set>
200007c6:       |  /-- a829                     j       200007e0 <check_csrng_fuse_enabled+0x60>
200007c8:       \--|-> 6561                     lui     a0,0x18
200007ca:          |   6a050513                 addi    a0,a0,1696 # 186a0 <_dv_log_offset+0x86a0>
mmio_region_write32():
/proc/self/cwd/./sw/device/lib/base/mmio.h:149
200007ce:          |   d9e8                     sw      a0,116(a1)
200007d0:          |   00040537                 lui     a0,0x40
200007d4:          |   157d                     addi    a0,a0,-1
200007d6:          |   dda8                     sw      a0,120(a1)
200007d8:          |   04000537                 lui     a0,0x4000
200007dc:          |   157d                     addi    a0,a0,-1
200007de:          |   dde8                     sw      a0,124(a1)
check_csrng_fuse_enabled():
/proc/self/cwd/sw/device/tests/sim_dv/csrng_fuse_en_sw_app_read.c:74
200007e0:          \-> 0028                     addi    a0,sp,8
200007e2:              00001097                 auipc   ra,0x1
200007e6:              a1a080e7                 jalr    -1510(ra) # 200011fc <otp_ctrl_testutils_wait_for_dai>
200007ea:          /-- 02055a63                 bgez    a0,2000081e <check_csrng_fuse_enabled+0x9e>
200007ee:          |   e0000517                 auipc   a0,0xe0000
200007f2:          |   87a50513                 addi    a0,a0,-1926 # 68 <check_csrng_fuse_enabled.kLogFields.24>
200007f6:          |   9526                     add     a0,a0,s1
200007f8:          |   00003597                 auipc   a1,0x3
200007fc:          |   cbc58813                 addi    a6,a1,-836 # 200034b4 <_text_end+0x5f0>
20000800:          |   00002297                 auipc   t0,0x2
20000804:          |   656282e7                 jalr    t0,1622(t0) # 20002e56 <OUTLINED_FUNCTION_0>
20000808:          |   00002097                 auipc   ra,0x2
2000080c:          |   ee4080e7                 jalr    -284(ra) # 200026ec <base_log_internal_dv>
20000810:          |   6531                     lui     a0,0xc
20000812:          |   aad50513                 addi    a0,a0,-1363 # baad <_non_volatile_scratch_size+0x6aad>
20000816:          |   00002097                 auipc   ra,0x2
2000081a:          |   e4c080e7                 jalr    -436(ra) # 20002662 <test_status_set>
dif_otp_ctrl_dai_read_start():
/proc/self/cwd/sw/device/lib/dif/dif_otp_ctrl.c:689
2000081e:          \-> 4522                     lw      a0,8(sp)
20000820:              6c000593                 li      a1,1728
mmio_region_write32():
/proc/self/cwd/./sw/device/lib/base/mmio.h:149
20000824:              c96c                     sw      a1,84(a0)
20000826:              4585                     li      a1,1
20000828:              c92c                     sw      a1,80(a0)
check_csrng_fuse_enabled():
/proc/self/cwd/sw/device/tests/sim_dv/csrng_fuse_en_sw_app_read.c:80
2000082a:              0028                     addi    a0,sp,8
2000082c:              00001097                 auipc   ra,0x1
20000830:              9d0080e7                 jalr    -1584(ra) # 200011fc <otp_ctrl_testutils_wait_for_dai>
20000834:          /-- 02055a63                 bgez    a0,20000868 <check_csrng_fuse_enabled+0xe8>
20000838:          |   e0000517                 auipc   a0,0xe0000
2000083c:          |   84450513                 addi    a0,a0,-1980 # 7c <check_csrng_fuse_enabled.kLogFields.36>
20000840:          |   9526                     add     a0,a0,s1
20000842:          |   00003597                 auipc   a1,0x3
20000846:          |   c7258813                 addi    a6,a1,-910 # 200034b4 <_text_end+0x5f0>
2000084a:          |   00002297                 auipc   t0,0x2
2000084e:          |   60c282e7                 jalr    t0,1548(t0) # 20002e56 <OUTLINED_FUNCTION_0>
20000852:          |   00002097                 auipc   ra,0x2
20000856:          |   e9a080e7                 jalr    -358(ra) # 200026ec <base_log_internal_dv>
2000085a:          |   6531                     lui     a0,0xc
2000085c:          |   aad50513                 addi    a0,a0,-1363 # baad <_non_volatile_scratch_size+0x6aad>
20000860:          |   00002097                 auipc   ra,0x2
20000864:          |   e02080e7                 jalr    -510(ra) # 20002662 <test_status_set>
dif_otp_ctrl_dai_read32_end():
/proc/self/cwd/sw/device/lib/dif/dif_otp_ctrl.c:706
20000868:          \-> 4522                     lw      a0,8(sp)
mmio_region_read32():
/proc/self/cwd/./sw/device/lib/base/mmio.h:96
2000086a:              5128                     lw      a0,96(a0)
bitfield_field32_read():
/proc/self/cwd/./sw/device/lib/base/bitfield.h:56
2000086c:              0542                     slli    a0,a0,0x10
2000086e:              01855613                 srli    a2,a0,0x18
check_csrng_fuse_enabled():
/proc/self/cwd/sw/device/tests/sim_dv/csrng_fuse_en_sw_app_read.c:85
20000872:              f6a60513                 addi    a0,a2,-150
20000876:              00a03533                 snez    a0,a0
2000087a:              8d21                     xor     a0,a0,s0
2000087c:              00a103a3                 sb      a0,7(sp)
20000880:              00714503                 lbu     a0,7(sp)
20000884:          /-- c119                     beqz    a0,2000088a <check_csrng_fuse_enabled+0x10a>
20000886:          |   4501                     li      a0,0
20000888:       /--|-- a03d                     j       200008b6 <check_csrng_fuse_enabled+0x136>
2000088a:       |  \-> e0000517                 auipc   a0,0xe0000
2000088e:       |      80650513                 addi    a0,a0,-2042 # 90 <check_csrng_fuse_enabled.kLogFields.45>
20000892:       |      9526                     add     a0,a0,s1
20000894:       |      4585                     li      a1,1
20000896:       |      00002097                 auipc   ra,0x2
2000089a:       |      e56080e7                 jalr    -426(ra) # 200026ec <base_log_internal_dv>
2000089e:       |      00003517                 auipc   a0,0x3
200008a2:       |      02050613                 addi    a2,a0,32 # 200038be <_text_end+0x9fa>
200008a6:       |      4535                     li      a0,13
200008a8:       |      05600693                 li      a3,86
200008ac:       |      4581                     li      a1,0
200008ae:       |      00002097                 auipc   ra,0x2
200008b2:       |      33c080e7                 jalr    828(ra) # 20002bea <status_create>
status_err():
/proc/self/cwd/./sw/device/lib/base/status.h:243
200008b6:       \----> 00052593                 slti    a1,a0,0
200008ba:              897d                     andi    a0,a0,31
check_csrng_fuse_enabled():
/proc/self/cwd/sw/device/tests/sim_dv/csrng_fuse_en_sw_app_read.c:85
200008bc:              00a03533                 snez    a0,a0
200008c0:              8d6d                     and     a0,a0,a1
200008c2:          /-- c901                     beqz    a0,200008d2 <check_csrng_fuse_enabled+0x152>
200008c4:          |   6531                     lui     a0,0xc
200008c6:          |   aad50513                 addi    a0,a0,-1363 # baad <_non_volatile_scratch_size+0x6aad>
200008ca:          |   00002097                 auipc   ra,0x2
200008ce:          |   d98080e7                 jalr    -616(ra) # 20002662 <test_status_set>
/proc/self/cwd/sw/device/tests/sim_dv/csrng_fuse_en_sw_app_read.c:87
200008d2:          \-> 40f2                     lw      ra,28(sp)
200008d4:              4462                     lw      s0,24(sp)
200008d6:              44d2                     lw      s1,20(sp)
200008d8:              6105                     addi    sp,sp,32
200008da:              8082                     ret

200008dc <csrng_testutils_cmd_ready_wait>:
csrng_testutils_cmd_ready_wait():
/proc/self/cwd/sw/device/lib/testing/csrng_testutils.c:73
200008dc:                    7179                       addi    sp,sp,-48
200008de:                    d606                       sw      ra,44(sp)
200008e0:                    d422                       sw      s0,40(sp)
200008e2:                    d226                       sw      s1,36(sp)
200008e4:                    d04a                       sw      s2,32(sp)
200008e6:                    ce4e                       sw      s3,28(sp)
200008e8:                    cc52                       sw      s4,24(sp)
200008ea:                    ca56                       sw      s5,20(sp)
200008ec:                    c85a                       sw      s6,16(sp)
200008ee:                    8aaa                       mv      s5,a0
200008f0:                    00003517           auipc   a0,0x3
200008f4:                    8f050913           addi    s2,a0,-1808 # 200031e0 <_text_end+0x31c>
200008f8:                    00727537           lui     a0,0x727
200008fc:                    e7450a13           addi    s4,a0,-396 # 726e74 <_owner_slot_b+0x696e74>
20000900:                    e000f517           auipc   a0,0xe000f
20000904:                    70050993           addi    s3,a0,1792 # 10000 <_dv_log_offset>
20000908:                    dffff517           auipc   a0,0xdffff
2000090c:                    7ec50513           addi    a0,a0,2028 # f4 <csrng_testutils_cmd_ready_wait.kLogFields>
20000910:                    99aa                       add     s3,s3,a0
20000912:                    04d00b13           li      s6,77
dif_csrng_get_cmd_interface_status():
/proc/self/cwd/sw/device/lib/dif/dif_csrng.c:147
20000916:       /-----/----X 000a8a63           beqz    s5,2000092a <csrng_testutils_cmd_ready_wait+0x4e>
/proc/self/cwd/sw/device/lib/dif/dif_csrng.c:153
2000091a:       |     |      000aa503           lw      a0,0(s5)
mmio_region_read32():
/proc/self/cwd/./sw/device/lib/base/mmio.h:96
2000091e:       |     |      5548                       lw      a0,44(a0)
dif_csrng_get_cmd_interface_status():
/proc/self/cwd/sw/device/lib/dif/dif_csrng.c:159
20000920:       |     |      03857593           andi    a1,a0,56
20000924:       |     |  /-- c589                       beqz    a1,2000092e <csrng_testutils_cmd_ready_wait+0x52>
20000926:       |     |  |   4409                       li      s0,2
20000928:       |  /--|--|-- a031                       j       20000934 <csrng_testutils_cmd_ready_wait+0x58>
2000092a:       |  |  \--|-> 450d                       li      a0,3
2000092c:       |  |  /--|-- a029                       j       20000936 <csrng_testutils_cmd_ready_wait+0x5a>
2000092e:       |  |  |  \-> 8909                       andi    a0,a0,2
20000930:       |  |  |      00153413           seqz    s0,a0
20000934:       |  \--|----> 4501                       li      a0,0
csrng_testutils_cmd_ready_wait():
/proc/self/cwd/sw/device/lib/testing/csrng_testutils.c:76
20000936:       |     \----> c62a                       sw      a0,12(sp)
20000938:       |            0028                       addi    a0,sp,8
2000093a:       |            006c                       addi    a1,sp,12
2000093c:       |            4611                       li      a2,4
2000093e:       |            00002097           auipc   ra,0x2
20000942:       |            398080e7           jalr    920(ra) # 20002cd6 <memcpy>
20000946:       |            4522                       lw      a0,8(sp)
20000948:       |            00153593           seqz    a1,a0
2000094c:       |            15fd                       addi    a1,a1,-1
2000094e:       |            04c5f693           andi    a3,a1,76
20000952:       |            85d2                       mv      a1,s4
20000954:       |            864a                       mv      a2,s2
20000956:       |            00002097           auipc   ra,0x2
2000095a:       |            294080e7           jalr    660(ra) # 20002bea <status_create>
2000095e:       |  /-------- 02054f63           bltz    a0,2000099c <csrng_testutils_cmd_ready_wait+0xc0>
/proc/self/cwd/sw/device/lib/testing/csrng_testutils.c:77
20000962:       |  |         ffe40513           addi    a0,s0,-2
20000966:       |  |         00a03533           snez    a0,a0
2000096a:       |  |         00a103a3           sb      a0,7(sp)
2000096e:       |  |         00714503           lbu     a0,7(sp)
20000972:       |  |     /-- e115                       bnez    a0,20000996 <csrng_testutils_cmd_ready_wait+0xba>
20000974:       |  |     |   854e                       mv      a0,s3
20000976:       |  |     |   4581                       li      a1,0
20000978:       |  |     |   00002097           auipc   ra,0x2
2000097c:       |  |     |   d74080e7           jalr    -652(ra) # 200026ec <base_log_internal_dv>
20000980:       |  |     |   4535                       li      a0,13
20000982:       |  |     |   04d00693           li      a3,77
20000986:       |  |     |   85d2                       mv      a1,s4
20000988:       |  |     |   864a                       mv      a2,s2
2000098a:       |  |     |   00002097           auipc   ra,0x2
2000098e:       |  |     |   260080e7           jalr    608(ra) # 20002bea <status_create>
20000992:       |  |  /--|-- 00054963           bltz    a0,200009a4 <csrng_testutils_cmd_ready_wait+0xc8>
/proc/self/cwd/sw/device/lib/testing/csrng_testutils.c:78
20000996:       \--|--|--\-X f041                       bnez    s0,20000916 <csrng_testutils_cmd_ready_wait+0x3a>
20000998:          |  |      4481                       li      s1,0
2000099a:       /--|--|----- a0b1                       j       200009e6 <csrng_testutils_cmd_ready_wait+0x10a>
2000099c:       |  \--|----> 84aa                       mv      s1,a0
2000099e:       |     |      04c00b13           li      s6,76
200009a2:       |     |  /-- a011                       j       200009a6 <csrng_testutils_cmd_ready_wait+0xca>
200009a4:       |     \--|-> 84aa                       mv      s1,a0
200009a6:       |        \-> 01f4f513           andi    a0,s1,31
200009aa:       |            00003597           auipc   a1,0x3
200009ae:       |            83658613           addi    a2,a1,-1994 # 200031e0 <_text_end+0x31c>
200009b2:       |            007275b7           lui     a1,0x727
200009b6:       |            e7458593           addi    a1,a1,-396 # 726e74 <_owner_slot_b+0x696e74>
200009ba:       |            86da                       mv      a3,s6
200009bc:       |            00002097           auipc   ra,0x2
200009c0:       |            22e080e7           jalr    558(ra) # 20002bea <status_create>
200009c4:       |            f0001597           auipc   a1,0xf0001
200009c8:       |            6245a603           lw      a2,1572(a1) # 10001fe8 <status_report_list_cnt>
200009cc:       |            46a9                       li      a3,10
200009ce:       |            02d676b3           remu    a3,a2,a3
200009d2:       |            f0001717           auipc   a4,0xf0001
200009d6:       |            63270713           addi    a4,a4,1586 # 10002004 <status_report_list>
200009da:       |            20e6c6b3           sh2add  a3,a3,a4
200009de:       |            c288                       sw      a0,0(a3)
200009e0:       |            0605                       addi    a2,a2,1
200009e2:       |            62c5a223           sw      a2,1572(a1)
/proc/self/cwd/sw/device/lib/testing/csrng_testutils.c:80
200009e6:       \----------> 8526                       mv      a0,s1
200009e8:                    50b2                       lw      ra,44(sp)
200009ea:                    5422                       lw      s0,40(sp)
200009ec:                    5492                       lw      s1,36(sp)
200009ee:                    5902                       lw      s2,32(sp)
200009f0:                    49f2                       lw      s3,28(sp)
200009f2:                    4a62                       lw      s4,24(sp)
200009f4:                    4ad2                       lw      s5,20(sp)
200009f6:                    4b42                       lw      s6,16(sp)
200009f8:                    6145                       addi    sp,sp,48
200009fa:                    8082                       ret

200009fc <csrng_testutils_check_internal_state>:
csrng_testutils_check_internal_state():
/proc/self/cwd/sw/device/lib/testing/csrng_testutils.c:98
200009fc:                                711d                   addi    sp,sp,-96
200009fe:                                ce86                   sw      ra,92(sp)
20000a00:                                cca2                   sw      s0,88(sp)
20000a02:                                caa6                   sw      s1,84(sp)
20000a04:                                c8ca                   sw      s2,80(sp)
20000a06:                                c6ce                   sw      s3,76(sp)
20000a08:                                c4d2                   sw      s4,72(sp)
20000a0a:                                c2d6                   sw      s5,68(sp)
20000a0c:                                c0da                   sw      s6,64(sp)
20000a0e:                                892e                   mv      s2,a1
20000a10:                                842a                   mv      s0,a0
/proc/self/cwd/sw/device/lib/testing/csrng_testutils.c:99
20000a12:                                00000097               auipc   ra,0x0
20000a16:                                eca080e7               jalr    -310(ra) # 200008dc <csrng_testutils_cmd_ready_wait>
20000a1a:                      /-------- 02054d63               bltz    a0,20000a54 <csrng_testutils_check_internal_state+0x58>
dif_csrng_get_internal_state():
/proc/self/cwd/sw/device/lib/dif/dif_csrng.c:281
20000a1e:             /--------|-------- cc2d                   beqz    s0,20000a98 <csrng_testutils_check_internal_state+0x9c>
/proc/self/cwd/sw/device/lib/dif/dif_csrng.c:289
20000a20:             |        |         4008                   lw      a0,0(s0)
20000a22:             |        |         4589                   li      a1,2
mmio_region_write32():
/proc/self/cwd/./sw/device/lib/base/mmio.h:149
20000a24:             |        |         c12c                   sw      a1,64(a0)
dif_csrng_get_internal_state():
/proc/self/cwd/sw/device/lib/dif/dif_csrng.c:291
20000a26:             |        |         4008                   lw      a0,0(s0)
mmio_region_read32():
/proc/self/cwd/./sw/device/lib/base/mmio.h:96
20000a28:             |        |         4130                   lw      a2,64(a0)
dif_csrng_get_internal_state():
/proc/self/cwd/sw/device/lib/dif/dif_csrng.c:292
20000a2a:             |  /-----|-------- 06b61963               bne     a2,a1,20000a9c <csrng_testutils_check_internal_state+0xa0>
mmio_region_read32():
/proc/self/cwd/./sw/device/lib/base/mmio.h:96
20000a2e:             |  |     |         04452a83               lw      s5,68(a0)
dif_csrng_get_internal_state():
/proc/self/cwd/sw/device/lib/dif/dif_csrng.c:297
20000a32:             |  |     |         c456                   sw      s5,8(sp)
20000a34:             |  |     |         4591                   li      a1,4
/proc/self/cwd/sw/device/lib/dif/dif_csrng.c:300
20000a36:             |  |     |         0070                   addi    a2,sp,12
20000a38:             |  |     |  /----- c591                   beqz    a1,20000a44 <csrng_testutils_check_internal_state+0x48>
mmio_region_read32():
/proc/self/cwd/./sw/device/lib/base/mmio.h:96
20000a3a:             |  |     |  |  /-> 4174                   lw      a3,68(a0)
dif_csrng_get_internal_state():
/proc/self/cwd/sw/device/lib/dif/dif_csrng.c:301
20000a3c:             |  |     |  |  |   c214                   sw      a3,0(a2)
/proc/self/cwd/sw/device/lib/dif/dif_csrng.c:300
20000a3e:             |  |     |  |  |   0611                   addi    a2,a2,4
20000a40:             |  |     |  |  |   15fd                   addi    a1,a1,-1
20000a42:             |  |     |  |  \-- fde5                   bnez    a1,20000a3a <csrng_testutils_check_internal_state+0x3e>
20000a44:             |  |     |  \----> 45a1                   li      a1,8
/proc/self/cwd/sw/device/lib/dif/dif_csrng.c:305
20000a46:             |  |     |         0870                   addi    a2,sp,28
20000a48:             |  |     |     /-> 4174                   lw      a3,68(a0)
20000a4a:             |  |  /--|-----|-- c9b9                   beqz    a1,20000aa0 <csrng_testutils_check_internal_state+0xa4>
/proc/self/cwd/sw/device/lib/dif/dif_csrng.c:306
20000a4c:             |  |  |  |     |   c214                   sw      a3,0(a2)
/proc/self/cwd/sw/device/lib/dif/dif_csrng.c:305
20000a4e:             |  |  |  |     |   0611                   addi    a2,a2,4
20000a50:             |  |  |  |     |   15fd                   addi    a1,a1,-1
20000a52:             |  |  |  |     \-- bfdd                   j       20000a48 <csrng_testutils_check_internal_state+0x4c>
20000a54:             |  |  |  \-------> 89aa                   mv      s3,a0
20000a56:             |  |  |            897d                   andi    a0,a0,31
csrng_testutils_check_internal_state():
/proc/self/cwd/sw/device/lib/testing/csrng_testutils.c:99
20000a58:             |  |  |            00002597               auipc   a1,0x2
20000a5c:             |  |  |            78858613               addi    a2,a1,1928 # 200031e0 <_text_end+0x31c>
20000a60:             |  |  |            007275b7               lui     a1,0x727
20000a64:             |  |  |            e7458593               addi    a1,a1,-396 # 726e74 <_owner_slot_b+0x696e74>
20000a68:             |  |  |            06300693               li      a3,99
20000a6c:             |  |  |            00002097               auipc   ra,0x2
20000a70:             |  |  |            17e080e7               jalr    382(ra) # 20002bea <status_create>
status_report():
/proc/self/cwd/sw/device/lib/testing/test_framework/ottf_main.c:103
20000a74:             |  |  |            f0001597               auipc   a1,0xf0001
20000a78:             |  |  |            5745a603               lw      a2,1396(a1) # 10001fe8 <status_report_list_cnt>
20000a7c:             |  |  |            46a9                   li      a3,10
20000a7e:             |  |  |            02d676b3               remu    a3,a2,a3
20000a82:             |  |  |            f0001717               auipc   a4,0xf0001
20000a86:             |  |  |            58270713               addi    a4,a4,1410 # 10002004 <status_report_list>
20000a8a:             |  |  |            20e6c6b3               sh2add  a3,a3,a4
20000a8e:             |  |  |            c288                   sw      a0,0(a3)
/proc/self/cwd/sw/device/lib/testing/test_framework/ottf_main.c:104
20000a90:             |  |  |            0605                   addi    a2,a2,1
20000a92:             |  |  |            56c5aa23               sw      a2,1396(a1)
20000a96:       /-----|--|--|----------- ac75                   j       20000d52 <csrng_testutils_check_internal_state+0x356>
20000a98:       |     \--|--|----------> 450d                   li      a0,3
20000a9a:       |        |  |        /-- a011                   j       20000a9e <csrng_testutils_check_internal_state+0xa2>
20000a9c:       |        \--|--------|-> 4535                   li      a0,13
20000a9e:       |           |     /--\-X a811                   j       20000ab2 <csrng_testutils_check_internal_state+0xb6>
20000aa0:       |           \-----|----> 4501                   li      a0,0
dif_csrng_get_internal_state():
/proc/self/cwd/sw/device/lib/dif/dif_csrng.c:315
20000aa2:       |                 |      0016fb13               andi    s6,a3,1
20000aa6:       |                 |      03610e23               sb      s6,60(sp)
/proc/self/cwd/sw/device/lib/dif/dif_csrng.c:316
20000aaa:       |                 |      4816da13               bexti   s4,a3,0x1
20000aae:       |                 |      03410ea3               sb      s4,61(sp)
csrng_testutils_check_internal_state():
/proc/self/cwd/sw/device/lib/testing/csrng_testutils.c:101
20000ab2:       |                 \----> c22a                   sw      a0,4(sp)
20000ab4:       |                        850a                   mv      a0,sp
20000ab6:       |                        004c                   addi    a1,sp,4
20000ab8:       |                        4611                   li      a2,4
20000aba:       |                        00002097               auipc   ra,0x2
20000abe:       |                        21c080e7               jalr    540(ra) # 20002cd6 <memcpy>
20000ac2:       |                        4502                   lw      a0,0(sp)
20000ac4:       |                        00153593               seqz    a1,a0
20000ac8:       |                        15fd                   addi    a1,a1,-1
20000aca:       |                        0655f693               andi    a3,a1,101
20000ace:       |                        00002597               auipc   a1,0x2
20000ad2:       |                        71258613               addi    a2,a1,1810 # 200031e0 <_text_end+0x31c>
20000ad6:       |                        007275b7               lui     a1,0x727
20000ada:       |                        e7458493               addi    s1,a1,-396 # 726e74 <_owner_slot_b+0x696e74>
20000ade:       |                        85a6                   mv      a1,s1
20000ae0:       |                        00002097               auipc   ra,0x2
20000ae4:       |                        10a080e7               jalr    266(ra) # 20002bea <status_create>
20000ae8:       |                    /-- 00054763               bltz    a0,20000af6 <csrng_testutils_check_internal_state+0xfa>
dif_csrng_get_reseed_counter():
/proc/self/cwd/sw/device/lib/dif/dif_csrng.c:324
20000aec:       |              /-----|-- c421                   beqz    s0,20000b34 <csrng_testutils_check_internal_state+0x138>
/proc/self/cwd/sw/device/lib/dif/dif_csrng.c:344
20000aee:       |              |     |   4008                   lw      a0,0(s0)
mmio_region_read32():
/proc/self/cwd/./sw/device/lib/base/mmio.h:96
20000af0:       |              |     |   5504                   lw      s1,40(a0)
20000af2:       |              |     |   4501                   li      a0,0
20000af4:       |              |  /--|-- a089                   j       20000b36 <csrng_testutils_check_internal_state+0x13a>
20000af6:       |              |  |  \-> 89aa                   mv      s3,a0
20000af8:       |              |  |      897d                   andi    a0,a0,31
csrng_testutils_check_internal_state():
/proc/self/cwd/sw/device/lib/testing/csrng_testutils.c:101
20000afa:       |              |  |      00002597               auipc   a1,0x2
20000afe:       |              |  |      6e658613               addi    a2,a1,1766 # 200031e0 <_text_end+0x31c>
20000b02:       |              |  |      06500693               li      a3,101
20000b06:       |              |  |      85a6                   mv      a1,s1
20000b08:       |              |  |      00002097               auipc   ra,0x2
20000b0c:       |              |  |      0e2080e7               jalr    226(ra) # 20002bea <status_create>
status_report():
/proc/self/cwd/sw/device/lib/testing/test_framework/ottf_main.c:103
20000b10:       |              |  |      f0001597               auipc   a1,0xf0001
20000b14:       |              |  |      4d85a603               lw      a2,1240(a1) # 10001fe8 <status_report_list_cnt>
20000b18:       |              |  |      46a9                   li      a3,10
20000b1a:       |              |  |      02d676b3               remu    a3,a2,a3
20000b1e:       |              |  |      f0001717               auipc   a4,0xf0001
20000b22:       |              |  |      4e670713               addi    a4,a4,1254 # 10002004 <status_report_list>
20000b26:       |              |  |      20e6c6b3               sh2add  a3,a3,a4
20000b2a:       |              |  |      c288                   sw      a0,0(a3)
/proc/self/cwd/sw/device/lib/testing/test_framework/ottf_main.c:104
20000b2c:       |              |  |      0605                   addi    a2,a2,1
20000b2e:       |              |  |      4cc5ac23               sw      a2,1240(a1)
20000b32:       +--------------|--|----- a405                   j       20000d52 <csrng_testutils_check_internal_state+0x356>
20000b34:       |              \--|----> 450d                   li      a0,3
csrng_testutils_check_internal_state():
/proc/self/cwd/sw/device/lib/testing/csrng_testutils.c:103
20000b36:       |                 \----> c22a                   sw      a0,4(sp)
20000b38:       |                        850a                   mv      a0,sp
20000b3a:       |                        004c                   addi    a1,sp,4
20000b3c:       |                        4611                   li      a2,4
20000b3e:       |                        00002097               auipc   ra,0x2
20000b42:       |                        198080e7               jalr    408(ra) # 20002cd6 <memcpy>
20000b46:       |                        4502                   lw      a0,0(sp)
20000b48:       |                        00153593               seqz    a1,a0
20000b4c:       |                        15fd                   addi    a1,a1,-1
20000b4e:       |                        0685f693               andi    a3,a1,104
20000b52:       |                        00002597               auipc   a1,0x2
20000b56:       |                        68e58613               addi    a2,a1,1678 # 200031e0 <_text_end+0x31c>
20000b5a:       |                        007275b7               lui     a1,0x727
20000b5e:       |                        e7458413               addi    s0,a1,-396 # 726e74 <_owner_slot_b+0x696e74>
20000b62:       |                        85a2                   mv      a1,s0
20000b64:       |                        00002097               auipc   ra,0x2
20000b68:       |                        086080e7               jalr    134(ra) # 20002bea <status_create>
20000b6c:       |                 /----- 1a054563               bltz    a0,20000d16 <csrng_testutils_check_internal_state+0x31a>
/proc/self/cwd/sw/device/lib/testing/csrng_testutils.c:106
20000b70:       |                 |      03494503               lbu     a0,52(s2)
20000b74:       |                 |      0ffb7593               andi    a1,s6,255
20000b78:       |                 |      8d2d                   xor     a0,a0,a1
20000b7a:       |                 |      00002297               auipc   t0,0x2
20000b7e:       |                 |      2fe282e7               jalr    t0,766(t0) # 20002e78 <OUTLINED_FUNCTION_2>
20000b82:       |                 |      e000f597               auipc   a1,0xe000f
20000b86:       |                 |      47e58b13               addi    s6,a1,1150 # 10000 <_dv_log_offset>
20000b8a:       |                 |  /-- ed0d                   bnez    a0,20000bc4 <csrng_testutils_check_internal_state+0x1c8>
20000b8c:       |                 |  |   dffff517               auipc   a0,0xdffff
20000b90:       |                 |  |   57c50513               addi    a0,a0,1404 # 108 <csrng_testutils_check_internal_state.kLogFields>
20000b94:       |                 |  |   955a                   add     a0,a0,s6
20000b96:       |                 |  |   4581                   li      a1,0
20000b98:       |                 |  |   00002097               auipc   ra,0x2
20000b9c:       |                 |  |   b54080e7               jalr    -1196(ra) # 200026ec <base_log_internal_dv>
20000ba0:       |                 |  |   00002517               auipc   a0,0x2
20000ba4:       |                 |  |   64050613               addi    a2,a0,1600 # 200031e0 <_text_end+0x31c>
20000ba8:       |                 |  |   00727537               lui     a0,0x727
20000bac:       |                 |  |   e7450413               addi    s0,a0,-396 # 726e74 <_owner_slot_b+0x696e74>
20000bb0:       |                 |  |   4535                   li      a0,13
20000bb2:       |                 |  |   06a00693               li      a3,106
20000bb6:       |                 |  |   85a2                   mv      a1,s0
20000bb8:       |                 |  |   00002097               auipc   ra,0x2
20000bbc:       |                 |  |   032080e7               jalr    50(ra) # 20002bea <status_create>
20000bc0:       |  /--------------|--|-- 22054163               bltz    a0,20000de2 <csrng_testutils_check_internal_state+0x3e6>
/proc/self/cwd/sw/device/lib/testing/csrng_testutils.c:107
20000bc4:       |  |              |  \-> 00092503               lw      a0,0(s2)
20000bc8:       |  |              |      00aac5b3               xor     a1,s5,a0
20000bcc:       |  |              |      0015b593               seqz    a1,a1
20000bd0:       |  |              |      00b10223               sb      a1,4(sp)
20000bd4:       |  |              |      00414583               lbu     a1,4(sp)
20000bd8:       |  |              |  /-- ed95                   bnez    a1,20000c14 <csrng_testutils_check_internal_state+0x218>
20000bda:       |  |              |  |   dffff517               auipc   a0,0xdffff
20000bde:       |  |              |  |   54250513               addi    a0,a0,1346 # 11c <csrng_testutils_check_internal_state.kLogFields.10>
20000be2:       |  |              |  |   955a                   add     a0,a0,s6
20000be4:       |  |              |  |   00002097               auipc   ra,0x2
20000be8:       |  |              |  |   b08080e7               jalr    -1272(ra) # 200026ec <base_log_internal_dv>
20000bec:       |  |              |  |   00002517               auipc   a0,0x2
20000bf0:       |  |              |  |   5f450613               addi    a2,a0,1524 # 200031e0 <_text_end+0x31c>
20000bf4:       |  |              |  |   00727537               lui     a0,0x727
20000bf8:       |  |              |  |   e7450413               addi    s0,a0,-396 # 726e74 <_owner_slot_b+0x696e74>
20000bfc:       |  |              |  |   4535                   li      a0,13
20000bfe:       |  |              |  |   06b00693               li      a3,107
20000c02:       |  |              |  |   85a2                   mv      a1,s0
20000c04:       |  |              |  |   00002097               auipc   ra,0x2
20000c08:       |  |              |  |   fe6080e7               jalr    -26(ra) # 20002bea <status_create>
20000c0c:       |  |  /-----------|--|-- 20054a63               bltz    a0,20000e20 <csrng_testutils_check_internal_state+0x424>
/proc/self/cwd/sw/device/lib/testing/csrng_testutils.c:108
20000c10:       |  |  |           |  |   00092503               lw      a0,0(s2)
20000c14:       |  |  |           |  \-> 8d25                   xor     a0,a0,s1
20000c16:       |  |  |           |      00002297               auipc   t0,0x2
20000c1a:       |  |  |           |      262282e7               jalr    t0,610(t0) # 20002e78 <OUTLINED_FUNCTION_2>
20000c1e:       |  |  |           |  /-- ed0d                   bnez    a0,20000c58 <csrng_testutils_check_internal_state+0x25c>
20000c20:       |  |  |           |  |   dffff517               auipc   a0,0xdffff
20000c24:       |  |  |           |  |   51050513               addi    a0,a0,1296 # 130 <csrng_testutils_check_internal_state.kLogFields.14>
20000c28:       |  |  |           |  |   955a                   add     a0,a0,s6
20000c2a:       |  |  |           |  |   4581                   li      a1,0
20000c2c:       |  |  |           |  |   00002097               auipc   ra,0x2
20000c30:       |  |  |           |  |   ac0080e7               jalr    -1344(ra) # 200026ec <base_log_internal_dv>
20000c34:       |  |  |           |  |   00002517               auipc   a0,0x2
20000c38:       |  |  |           |  |   5ac50613               addi    a2,a0,1452 # 200031e0 <_text_end+0x31c>
20000c3c:       |  |  |           |  |   00727537               lui     a0,0x727
20000c40:       |  |  |           |  |   e7450413               addi    s0,a0,-396 # 726e74 <_owner_slot_b+0x696e74>
20000c44:       |  |  |           |  |   4535                   li      a0,13
20000c46:       |  |  |           |  |   06c00693               li      a3,108
20000c4a:       |  |  |           |  |   85a2                   mv      a1,s0
20000c4c:       |  |  |           |  |   00002097               auipc   ra,0x2
20000c50:       |  |  |           |  |   f9e080e7               jalr    -98(ra) # 20002bea <status_create>
20000c54:       |  |  |  /--------|--|-- 20054563               bltz    a0,20000e5e <csrng_testutils_check_internal_state+0x462>
/proc/self/cwd/sw/device/lib/testing/csrng_testutils.c:109
20000c58:       |  |  |  |        |  \-> 03594503               lbu     a0,53(s2)
20000c5c:       |  |  |  |        |      0ffa7593               andi    a1,s4,255
20000c60:       |  |  |  |        |      8d2d                   xor     a0,a0,a1
20000c62:       |  |  |  |        |      00002297               auipc   t0,0x2
20000c66:       |  |  |  |        |      216282e7               jalr    t0,534(t0) # 20002e78 <OUTLINED_FUNCTION_2>
20000c6a:       |  |  |  |        |  /-- ed0d                   bnez    a0,20000ca4 <csrng_testutils_check_internal_state+0x2a8>
20000c6c:       |  |  |  |        |  |   dffff517               auipc   a0,0xdffff
20000c70:       |  |  |  |        |  |   4d850513               addi    a0,a0,1240 # 144 <csrng_testutils_check_internal_state.kLogFields.18>
20000c74:       |  |  |  |        |  |   955a                   add     a0,a0,s6
20000c76:       |  |  |  |        |  |   4581                   li      a1,0
20000c78:       |  |  |  |        |  |   00002097               auipc   ra,0x2
20000c7c:       |  |  |  |        |  |   a74080e7               jalr    -1420(ra) # 200026ec <base_log_internal_dv>
20000c80:       |  |  |  |        |  |   00002517               auipc   a0,0x2
20000c84:       |  |  |  |        |  |   56050613               addi    a2,a0,1376 # 200031e0 <_text_end+0x31c>
20000c88:       |  |  |  |        |  |   00727537               lui     a0,0x727
20000c8c:       |  |  |  |        |  |   e7450413               addi    s0,a0,-396 # 726e74 <_owner_slot_b+0x696e74>
20000c90:       |  |  |  |        |  |   4535                   li      a0,13
20000c92:       |  |  |  |        |  |   06d00693               li      a3,109
20000c96:       |  |  |  |        |  |   85a2                   mv      a1,s0
20000c98:       |  |  |  |        |  |   00002097               auipc   ra,0x2
20000c9c:       |  |  |  |        |  |   f52080e7               jalr    -174(ra) # 20002bea <status_create>
20000ca0:       |  |  |  |  /-----|--|-- 1e054e63               bltz    a0,20000e9c <csrng_testutils_check_internal_state+0x4a0>
/proc/self/cwd/sw/device/lib/testing/csrng_testutils.c:111
20000ca4:       |  |  |  |  |     |  \-> 0068                   addi    a0,sp,12
20000ca6:       |  |  |  |  |     |      00490593               addi    a1,s2,4
20000caa:       |  |  |  |  |     |      4641                   li      a2,16
20000cac:       |  |  |  |  |     |      00002097               auipc   ra,0x2
20000cb0:       |  |  |  |  |     |      104080e7               jalr    260(ra) # 20002db0 <memcmp>
20000cb4:       |  |  |  |  |     |      00002297               auipc   t0,0x2
20000cb8:       |  |  |  |  |     |      1c4282e7               jalr    t0,452(t0) # 20002e78 <OUTLINED_FUNCTION_2>
20000cbc:       |  |  |  |  |     |  /-- ed0d                   bnez    a0,20000cf6 <csrng_testutils_check_internal_state+0x2fa>
20000cbe:       |  |  |  |  |     |  |   dffff517               auipc   a0,0xdffff
20000cc2:       |  |  |  |  |     |  |   49a50513               addi    a0,a0,1178 # 158 <csrng_testutils_check_internal_state.kLogFields.22>
20000cc6:       |  |  |  |  |     |  |   955a                   add     a0,a0,s6
20000cc8:       |  |  |  |  |     |  |   4581                   li      a1,0
20000cca:       |  |  |  |  |     |  |   00002097               auipc   ra,0x2
20000cce:       |  |  |  |  |     |  |   a22080e7               jalr    -1502(ra) # 200026ec <base_log_internal_dv>
20000cd2:       |  |  |  |  |     |  |   00002517               auipc   a0,0x2
20000cd6:       |  |  |  |  |     |  |   50e50613               addi    a2,a0,1294 # 200031e0 <_text_end+0x31c>
20000cda:       |  |  |  |  |     |  |   00727537               lui     a0,0x727
20000cde:       |  |  |  |  |     |  |   e7450413               addi    s0,a0,-396 # 726e74 <_owner_slot_b+0x696e74>
20000ce2:       |  |  |  |  |     |  |   4535                   li      a0,13
20000ce4:       |  |  |  |  |     |  |   06f00693               li      a3,111
20000ce8:       |  |  |  |  |     |  |   85a2                   mv      a1,s0
20000cea:       |  |  |  |  |     |  |   00002097               auipc   ra,0x2
20000cee:       |  |  |  |  |     |  |   f00080e7               jalr    -256(ra) # 20002bea <status_create>
20000cf2:       |  |  |  |  |  /--|--|-- 1e054463               bltz    a0,20000eda <csrng_testutils_check_internal_state+0x4de>
/proc/self/cwd/sw/device/lib/testing/csrng_testutils.c:113
20000cf6:       |  |  |  |  |  |  |  \-> 0868                   addi    a0,sp,28
20000cf8:       |  |  |  |  |  |  |      01490593               addi    a1,s2,20
20000cfc:       |  |  |  |  |  |  |      02000613               li      a2,32
20000d00:       |  |  |  |  |  |  |      00002097               auipc   ra,0x2
20000d04:       |  |  |  |  |  |  |      0b0080e7               jalr    176(ra) # 20002db0 <memcmp>
20000d08:       |  |  |  |  |  |  |      00002297               auipc   t0,0x2
20000d0c:       |  |  |  |  |  |  |      170282e7               jalr    t0,368(t0) # 20002e78 <OUTLINED_FUNCTION_2>
20000d10:       |  |  |  |  |  |  |  /-- cd21                   beqz    a0,20000d68 <csrng_testutils_check_internal_state+0x36c>
20000d12:       |  |  |  |  |  |  |  |   4981                   li      s3,0
20000d14:       +--|--|--|--|--|--|--|-- a83d                   j       20000d52 <csrng_testutils_check_internal_state+0x356>
20000d16:       |  |  |  |  |  |  \--|-> 89aa                   mv      s3,a0
20000d18:       |  |  |  |  |  |     |   897d                   andi    a0,a0,31
/proc/self/cwd/sw/device/lib/testing/csrng_testutils.c:103
20000d1a:       |  |  |  |  |  |     |   00002597               auipc   a1,0x2
20000d1e:       |  |  |  |  |  |     |   4c658613               addi    a2,a1,1222 # 200031e0 <_text_end+0x31c>
20000d22:       |  |  |  |  |  |     |   06800693               li      a3,104
20000d26:       |  |  |  |  |  |     |   85a2                   mv      a1,s0
20000d28:       |  |  |  |  |  |     |   00002097               auipc   ra,0x2
20000d2c:       |  |  |  |  |  |     |   ec2080e7               jalr    -318(ra) # 20002bea <status_create>
status_report():
/proc/self/cwd/sw/device/lib/testing/test_framework/ottf_main.c:103
20000d30:       |  |  |  |  |  |     |   f0001597               auipc   a1,0xf0001
20000d34:       |  |  |  |  |  |     |   2b85a603               lw      a2,696(a1) # 10001fe8 <status_report_list_cnt>
20000d38:       |  |  |  |  |  |     |   46a9                   li      a3,10
20000d3a:       |  |  |  |  |  |     |   02d676b3               remu    a3,a2,a3
20000d3e:       |  |  |  |  |  |     |   f0001717               auipc   a4,0xf0001
20000d42:       |  |  |  |  |  |     |   2c670713               addi    a4,a4,710 # 10002004 <status_report_list>
20000d46:       |  |  |  |  |  |     |   20e6c6b3               sh2add  a3,a3,a4
20000d4a:       |  |  |  |  |  |     |   c288                   sw      a0,0(a3)
/proc/self/cwd/sw/device/lib/testing/test_framework/ottf_main.c:104
20000d4c:       |  |  |  |  |  |     |   0605                   addi    a2,a2,1
20000d4e:       |  |  |  |  |  |     |   2ac5ac23               sw      a2,696(a1)
csrng_testutils_check_internal_state():
/proc/self/cwd/sw/device/lib/testing/csrng_testutils.c:115
20000d52:       >--|--|--|--|--|-----|-> 854e                   mv      a0,s3
20000d54:       |  |  |  |  |  |     |   40f6                   lw      ra,92(sp)
20000d56:       |  |  |  |  |  |     |   4466                   lw      s0,88(sp)
20000d58:       |  |  |  |  |  |     |   44d6                   lw      s1,84(sp)
20000d5a:       |  |  |  |  |  |     |   4946                   lw      s2,80(sp)
20000d5c:       |  |  |  |  |  |     |   49b6                   lw      s3,76(sp)
20000d5e:       |  |  |  |  |  |     |   4a26                   lw      s4,72(sp)
20000d60:       |  |  |  |  |  |     |   4a96                   lw      s5,68(sp)
20000d62:       |  |  |  |  |  |     |   4b06                   lw      s6,64(sp)
20000d64:       |  |  |  |  |  |     |   6125                   addi    sp,sp,96
20000d66:       |  |  |  |  |  |     |   8082                   ret
/proc/self/cwd/sw/device/lib/testing/csrng_testutils.c:113
20000d68:       |  |  |  |  |  |     \-> dffff517               auipc   a0,0xdffff
20000d6c:       |  |  |  |  |  |         40450513               addi    a0,a0,1028 # 16c <csrng_testutils_check_internal_state.kLogFields.26>
20000d70:       |  |  |  |  |  |         955a                   add     a0,a0,s6
20000d72:       |  |  |  |  |  |         4581                   li      a1,0
20000d74:       |  |  |  |  |  |         00002097               auipc   ra,0x2
20000d78:       |  |  |  |  |  |         978080e7               jalr    -1672(ra) # 200026ec <base_log_internal_dv>
20000d7c:       |  |  |  |  |  |         00002517               auipc   a0,0x2
20000d80:       |  |  |  |  |  |         46450613               addi    a2,a0,1124 # 200031e0 <_text_end+0x31c>
20000d84:       |  |  |  |  |  |         00727537               lui     a0,0x727
20000d88:       |  |  |  |  |  |         e7450913               addi    s2,a0,-396 # 726e74 <_owner_slot_b+0x696e74>
20000d8c:       |  |  |  |  |  |         4535                   li      a0,13
20000d8e:       |  |  |  |  |  |         07100693               li      a3,113
20000d92:       |  |  |  |  |  |         85ca                   mv      a1,s2
20000d94:       |  |  |  |  |  |         00002097               auipc   ra,0x2
20000d98:       |  |  |  |  |  |         e56080e7               jalr    -426(ra) # 20002bea <status_create>
20000d9c:       |  |  |  |  |  |         4981                   li      s3,0
20000d9e:       +--|--|--|--|--|-------- fa055ae3               bgez    a0,20000d52 <csrng_testutils_check_internal_state+0x356>
20000da2:       |  |  |  |  |  |         842a                   mv      s0,a0
20000da4:       |  |  |  |  |  |         897d                   andi    a0,a0,31
20000da6:       |  |  |  |  |  |         00002597               auipc   a1,0x2
20000daa:       |  |  |  |  |  |         43a58613               addi    a2,a1,1082 # 200031e0 <_text_end+0x31c>
20000dae:       |  |  |  |  |  |         07100693               li      a3,113
20000db2:       |  |  |  |  |  |         85ca                   mv      a1,s2
20000db4:       |  |  |  |  |  |         00002097               auipc   ra,0x2
20000db8:       |  |  |  |  |  |         e36080e7               jalr    -458(ra) # 20002bea <status_create>
status_report():
/proc/self/cwd/sw/device/lib/testing/test_framework/ottf_main.c:103
20000dbc:       |  |  |  |  |  |         f0001597               auipc   a1,0xf0001
20000dc0:       |  |  |  |  |  |         22c5a603               lw      a2,556(a1) # 10001fe8 <status_report_list_cnt>
20000dc4:       |  |  |  |  |  |         46a9                   li      a3,10
20000dc6:       |  |  |  |  |  |         02d676b3               remu    a3,a2,a3
20000dca:       |  |  |  |  |  |         f0001717               auipc   a4,0xf0001
20000dce:       |  |  |  |  |  |         23a70713               addi    a4,a4,570 # 10002004 <status_report_list>
20000dd2:       |  |  |  |  |  |         20e6c6b3               sh2add  a3,a3,a4
20000dd6:       |  |  |  |  |  |         c288                   sw      a0,0(a3)
/proc/self/cwd/sw/device/lib/testing/test_framework/ottf_main.c:104
20000dd8:       |  |  |  |  |  |         0605                   addi    a2,a2,1
20000dda:       |  |  |  |  |  |         22c5a623               sw      a2,556(a1)
20000dde:       |  |  |  |  |  |         89a2                   mv      s3,s0
20000de0:       +--|--|--|--|--|-------- bf8d                   j       20000d52 <csrng_testutils_check_internal_state+0x356>
20000de2:       |  \--|--|--|--|-------> 89aa                   mv      s3,a0
20000de4:       |     |  |  |  |         897d                   andi    a0,a0,31
csrng_testutils_check_internal_state():
/proc/self/cwd/sw/device/lib/testing/csrng_testutils.c:106
20000de6:       |     |  |  |  |         00002597               auipc   a1,0x2
20000dea:       |     |  |  |  |         3fa58613               addi    a2,a1,1018 # 200031e0 <_text_end+0x31c>
20000dee:       |     |  |  |  |         06a00693               li      a3,106
20000df2:       |     |  |  |  |         85a2                   mv      a1,s0
20000df4:       |     |  |  |  |         00002097               auipc   ra,0x2
20000df8:       |     |  |  |  |         df6080e7               jalr    -522(ra) # 20002bea <status_create>
status_report():
/proc/self/cwd/sw/device/lib/testing/test_framework/ottf_main.c:103
20000dfc:       |     |  |  |  |         f0001597               auipc   a1,0xf0001
20000e00:       |     |  |  |  |         1ec5a603               lw      a2,492(a1) # 10001fe8 <status_report_list_cnt>
20000e04:       |     |  |  |  |         46a9                   li      a3,10
20000e06:       |     |  |  |  |         02d676b3               remu    a3,a2,a3
20000e0a:       |     |  |  |  |         f0001717               auipc   a4,0xf0001
20000e0e:       |     |  |  |  |         1fa70713               addi    a4,a4,506 # 10002004 <status_report_list>
20000e12:       |     |  |  |  |         20e6c6b3               sh2add  a3,a3,a4
20000e16:       |     |  |  |  |         c288                   sw      a0,0(a3)
/proc/self/cwd/sw/device/lib/testing/test_framework/ottf_main.c:104
20000e18:       |     |  |  |  |         0605                   addi    a2,a2,1
20000e1a:       |     |  |  |  |         1ec5a623               sw      a2,492(a1)
20000e1e:       +-----|--|--|--|-------- bf15                   j       20000d52 <csrng_testutils_check_internal_state+0x356>
20000e20:       |     \--|--|--|-------> 89aa                   mv      s3,a0
20000e22:       |        |  |  |         897d                   andi    a0,a0,31
csrng_testutils_check_internal_state():
/proc/self/cwd/sw/device/lib/testing/csrng_testutils.c:107
20000e24:       |        |  |  |         00002597               auipc   a1,0x2
20000e28:       |        |  |  |         3bc58613               addi    a2,a1,956 # 200031e0 <_text_end+0x31c>
20000e2c:       |        |  |  |         06b00693               li      a3,107
20000e30:       |        |  |  |         85a2                   mv      a1,s0
20000e32:       |        |  |  |         00002097               auipc   ra,0x2
20000e36:       |        |  |  |         db8080e7               jalr    -584(ra) # 20002bea <status_create>
status_report():
/proc/self/cwd/sw/device/lib/testing/test_framework/ottf_main.c:103
20000e3a:       |        |  |  |         f0001597               auipc   a1,0xf0001
20000e3e:       |        |  |  |         1ae5a603               lw      a2,430(a1) # 10001fe8 <status_report_list_cnt>
20000e42:       |        |  |  |         46a9                   li      a3,10
20000e44:       |        |  |  |         02d676b3               remu    a3,a2,a3
20000e48:       |        |  |  |         f0001717               auipc   a4,0xf0001
20000e4c:       |        |  |  |         1bc70713               addi    a4,a4,444 # 10002004 <status_report_list>
20000e50:       |        |  |  |         20e6c6b3               sh2add  a3,a3,a4
20000e54:       |        |  |  |         c288                   sw      a0,0(a3)
/proc/self/cwd/sw/device/lib/testing/test_framework/ottf_main.c:104
20000e56:       |        |  |  |         0605                   addi    a2,a2,1
20000e58:       |        |  |  |         1ac5a723               sw      a2,430(a1)
20000e5c:       +--------|--|--|-------- bddd                   j       20000d52 <csrng_testutils_check_internal_state+0x356>
20000e5e:       |        \--|--|-------> 89aa                   mv      s3,a0
20000e60:       |           |  |         897d                   andi    a0,a0,31
csrng_testutils_check_internal_state():
/proc/self/cwd/sw/device/lib/testing/csrng_testutils.c:108
20000e62:       |           |  |         00002597               auipc   a1,0x2
20000e66:       |           |  |         37e58613               addi    a2,a1,894 # 200031e0 <_text_end+0x31c>
20000e6a:       |           |  |         06c00693               li      a3,108
20000e6e:       |           |  |         85a2                   mv      a1,s0
20000e70:       |           |  |         00002097               auipc   ra,0x2
20000e74:       |           |  |         d7a080e7               jalr    -646(ra) # 20002bea <status_create>
status_report():
/proc/self/cwd/sw/device/lib/testing/test_framework/ottf_main.c:103
20000e78:       |           |  |         f0001597               auipc   a1,0xf0001
20000e7c:       |           |  |         1705a603               lw      a2,368(a1) # 10001fe8 <status_report_list_cnt>
20000e80:       |           |  |         46a9                   li      a3,10
20000e82:       |           |  |         02d676b3               remu    a3,a2,a3
20000e86:       |           |  |         f0001717               auipc   a4,0xf0001
20000e8a:       |           |  |         17e70713               addi    a4,a4,382 # 10002004 <status_report_list>
20000e8e:       |           |  |         20e6c6b3               sh2add  a3,a3,a4
20000e92:       |           |  |         c288                   sw      a0,0(a3)
/proc/self/cwd/sw/device/lib/testing/test_framework/ottf_main.c:104
20000e94:       |           |  |         0605                   addi    a2,a2,1
20000e96:       |           |  |         16c5a823               sw      a2,368(a1)
20000e9a:       +-----------|--|-------- bd65                   j       20000d52 <csrng_testutils_check_internal_state+0x356>
20000e9c:       |           \--|-------> 89aa                   mv      s3,a0
20000e9e:       |              |         897d                   andi    a0,a0,31
csrng_testutils_check_internal_state():
/proc/self/cwd/sw/device/lib/testing/csrng_testutils.c:109
20000ea0:       |              |         00002597               auipc   a1,0x2
20000ea4:       |              |         34058613               addi    a2,a1,832 # 200031e0 <_text_end+0x31c>
20000ea8:       |              |         06d00693               li      a3,109
20000eac:       |              |         85a2                   mv      a1,s0
20000eae:       |              |         00002097               auipc   ra,0x2
20000eb2:       |              |         d3c080e7               jalr    -708(ra) # 20002bea <status_create>
status_report():
/proc/self/cwd/sw/device/lib/testing/test_framework/ottf_main.c:103
20000eb6:       |              |         f0001597               auipc   a1,0xf0001
20000eba:       |              |         1325a603               lw      a2,306(a1) # 10001fe8 <status_report_list_cnt>
20000ebe:       |              |         46a9                   li      a3,10
20000ec0:       |              |         02d676b3               remu    a3,a2,a3
20000ec4:       |              |         f0001717               auipc   a4,0xf0001
20000ec8:       |              |         14070713               addi    a4,a4,320 # 10002004 <status_report_list>
20000ecc:       |              |         20e6c6b3               sh2add  a3,a3,a4
20000ed0:       |              |         c288                   sw      a0,0(a3)
/proc/self/cwd/sw/device/lib/testing/test_framework/ottf_main.c:104
20000ed2:       |              |         0605                   addi    a2,a2,1
20000ed4:       |              |         12c5a923               sw      a2,306(a1)
20000ed8:       +--------------|-------- bdad                   j       20000d52 <csrng_testutils_check_internal_state+0x356>
20000eda:       |              \-------> 89aa                   mv      s3,a0
20000edc:       |                        897d                   andi    a0,a0,31
csrng_testutils_check_internal_state():
/proc/self/cwd/sw/device/lib/testing/csrng_testutils.c:111
20000ede:       |                        00002597               auipc   a1,0x2
20000ee2:       |                        30258613               addi    a2,a1,770 # 200031e0 <_text_end+0x31c>
20000ee6:       |                        06f00693               li      a3,111
20000eea:       |                        85a2                   mv      a1,s0
20000eec:       |                        00002097               auipc   ra,0x2
20000ef0:       |                        cfe080e7               jalr    -770(ra) # 20002bea <status_create>
status_report():
/proc/self/cwd/sw/device/lib/testing/test_framework/ottf_main.c:103
20000ef4:       |                        f0001597               auipc   a1,0xf0001
20000ef8:       |                        0f45a603               lw      a2,244(a1) # 10001fe8 <status_report_list_cnt>
20000efc:       |                        46a9                   li      a3,10
20000efe:       |                        02d676b3               remu    a3,a2,a3
20000f02:       |                        f0001717               auipc   a4,0xf0001
20000f06:       |                        10270713               addi    a4,a4,258 # 10002004 <status_report_list>
20000f0a:       |                        20e6c6b3               sh2add  a3,a3,a4
20000f0e:       |                        c288                   sw      a0,0(a3)
/proc/self/cwd/sw/device/lib/testing/test_framework/ottf_main.c:104
20000f10:       |                        0605                   addi    a2,a2,1
20000f12:       |                        0ec5aa23               sw      a2,244(a1)
20000f16:       \----------------------- bd35                   j       20000d52 <csrng_testutils_check_internal_state+0x356>

20000f18 <csrng_testutils_fips_instantiate_kat>:
csrng_testutils_fips_instantiate_kat():
/proc/self/cwd/sw/device/lib/testing/csrng_testutils.c:179
20000f18:                       7155                    addi    sp,sp,-208
20000f1a:                       c786                    sw      ra,204(sp)
20000f1c:                       c5a2                    sw      s0,200(sp)
20000f1e:                       c3a6                    sw      s1,196(sp)
20000f20:                       c1ca                    sw      s2,192(sp)
20000f22:                       df4e                    sw      s3,188(sp)
20000f24:                       dd52                    sw      s4,184(sp)
20000f26:                       892e                    mv      s2,a1
20000f28:                       8a2a                    mv      s4,a0
/proc/self/cwd/sw/device/lib/testing/csrng_testutils.c:217
20000f2a:                       00003517                auipc   a0,0x3
20000f2e:                       e5e50593                addi    a1,a0,-418 # 20003d88 <_text_end+0xec4>
20000f32:                       0088                    addi    a0,sp,64
20000f34:                       03400613                li      a2,52
20000f38:                       00002097                auipc   ra,0x2
20000f3c:                       d9e080e7                jalr    -610(ra) # 20002cd6 <memcpy>
/proc/self/cwd/sw/device/lib/testing/csrng_testutils.c:223
20000f40:                       00003517                auipc   a0,0x3
20000f44:                       e7c50593                addi    a1,a0,-388 # 20003dbc <_text_end+0xef8>
20000f48:                       0028                    addi    a0,sp,8
20000f4a:                       03800613                li      a2,56
20000f4e:                       00002097                auipc   ra,0x2
20000f52:                       d88080e7                jalr    -632(ra) # 20002cd6 <memcpy>
csrng_testutils_kat_instantiate():
/proc/self/cwd/sw/device/lib/testing/csrng_testutils.c:121
20000f56:                       e000f517                auipc   a0,0xe000f
20000f5a:                       0aa50513                addi    a0,a0,170 # 10000 <_dv_log_offset>
20000f5e:                       dffff597                auipc   a1,0xdffff
20000f62:                       22258593                addi    a1,a1,546 # 180 <csrng_testutils_check_internal_state.kOtStatusRecord>
20000f66:                       952e                    add     a0,a0,a1
20000f68:                       4581                    li      a1,0
20000f6a:                       00001097                auipc   ra,0x1
20000f6e:                       782080e7                jalr    1922(ra) # 200026ec <base_log_internal_dv>
/proc/self/cwd/sw/device/lib/testing/csrng_testutils.c:122
20000f72:                       8552                    mv      a0,s4
20000f74:                       00000097                auipc   ra,0x0
20000f78:                       968080e7                jalr    -1688(ra) # 200008dc <csrng_testutils_cmd_ready_wait>
20000f7c:                   /-- 02054163                bltz    a0,20000f9e <csrng_testutils_fips_instantiate_kat+0x86>
dif_csrng_uninstantiate():
/proc/self/cwd/sw/device/lib/dif/dif_csrng.c:136
20000f80:             /-----|-- 060a0163                beqz    s4,20000fe2 <csrng_testutils_fips_instantiate_kat+0xca>
/proc/self/cwd/sw/device/lib/dif/dif_csrng.c:139
20000f84:             |     |   000a2503                lw      a0,0(s4)
20000f88:             |     |   4595                    li      a1,5
20000f8a:             |     |   dcae                    sw      a1,120(sp)
20000f8c:             |     |   de82                    sw      zero,124(sp)
20000f8e:             |     |   c102                    sw      zero,128(sp)
20000f90:             |     |   c302                    sw      zero,132(sp)
20000f92:             |     |   18ac                    addi    a1,sp,120
20000f94:             |     |   00000097                auipc   ra,0x0
20000f98:             |     |   1ec080e7                jalr    492(ra) # 20001180 <csrng_send_app_cmd>
20000f9c:             |  /--|-- a0a1                    j       20000fe4 <csrng_testutils_fips_instantiate_kat+0xcc>
20000f9e:             |  |  \-> 84aa                    mv      s1,a0
20000fa0:             |  |      897d                    andi    a0,a0,31
csrng_testutils_kat_instantiate():
/proc/self/cwd/sw/device/lib/testing/csrng_testutils.c:122
20000fa2:             |  |      00002597                auipc   a1,0x2
20000fa6:             |  |      23e58613                addi    a2,a1,574 # 200031e0 <_text_end+0x31c>
20000faa:             |  |      007275b7                lui     a1,0x727
20000fae:             |  |      e7458593                addi    a1,a1,-396 # 726e74 <_owner_slot_b+0x696e74>
20000fb2:             |  |      07a00693                li      a3,122
20000fb6:             |  |      00002097                auipc   ra,0x2
20000fba:             |  |      c34080e7                jalr    -972(ra) # 20002bea <status_create>
status_report():
/proc/self/cwd/sw/device/lib/testing/test_framework/ottf_main.c:103
20000fbe:             |  |      f0001597                auipc   a1,0xf0001
20000fc2:             |  |      02a5a603                lw      a2,42(a1) # 10001fe8 <status_report_list_cnt>
20000fc6:             |  |      46a9                    li      a3,10
20000fc8:             |  |      02d676b3                remu    a3,a2,a3
20000fcc:             |  |      f0001717                auipc   a4,0xf0001
20000fd0:             |  |      03870713                addi    a4,a4,56 # 10002004 <status_report_list>
20000fd4:             |  |      20e6c6b3                sh2add  a3,a3,a4
20000fd8:             |  |      c288                    sw      a0,0(a3)
/proc/self/cwd/sw/device/lib/testing/test_framework/ottf_main.c:104
20000fda:             |  |      0605                    addi    a2,a2,1
20000fdc:             |  |      02c5a523                sw      a2,42(a1)
20000fe0:       /-----|--|----- a279                    j       2000116e <csrng_testutils_fips_instantiate_kat+0x256>
20000fe2:       |     \--|----> 450d                    li      a0,3
csrng_testutils_kat_instantiate():
/proc/self/cwd/sw/device/lib/testing/csrng_testutils.c:123
20000fe4:       |        \----> dcaa                    sw      a0,120(sp)
20000fe6:       |               1948                    addi    a0,sp,180
20000fe8:       |               18ac                    addi    a1,sp,120
20000fea:       |               4611                    li      a2,4
20000fec:       |               00002097                auipc   ra,0x2
20000ff0:       |               cea080e7                jalr    -790(ra) # 20002cd6 <memcpy>
20000ff4:       |               555a                    lw      a0,180(sp)
20000ff6:       |               00153593                seqz    a1,a0
20000ffa:       |               15fd                    addi    a1,a1,-1
20000ffc:       |               07b5f693                andi    a3,a1,123
20001000:       |               00002597                auipc   a1,0x2
20001004:       |               1e058613                addi    a2,a1,480 # 200031e0 <_text_end+0x31c>
20001008:       |               007275b7                lui     a1,0x727
2000100c:       |               e7458413                addi    s0,a1,-396 # 726e74 <_owner_slot_b+0x696e74>
20001010:       |               85a2                    mv      a1,s0
20001012:       |               00002097                auipc   ra,0x2
20001016:       |               bd8080e7                jalr    -1064(ra) # 20002bea <status_create>
2000101a:       |           /-- 02054963                bltz    a0,2000104c <csrng_testutils_fips_instantiate_kat+0x134>
/proc/self/cwd/sw/device/lib/testing/csrng_testutils.c:126
2000101e:       |           |   8552                    mv      a0,s4
20001020:       |           |   00000097                auipc   ra,0x0
20001024:       |           |   8bc080e7                jalr    -1860(ra) # 200008dc <csrng_testutils_cmd_ready_wait>
20001028:       |        /--|-- 06054163                bltz    a0,2000108a <csrng_testutils_fips_instantiate_kat+0x172>
dif_csrng_instantiate():
/proc/self/cwd/sw/device/lib/dif/dif_csrng.c:66
2000102c:       |  /-----|--|-- 0a0a0163                beqz    s4,200010ce <csrng_testutils_fips_instantiate_kat+0x1b6>
/proc/self/cwd/sw/device/lib/dif/dif_csrng.c:69
20001030:       |  |     |  |   000a2503                lw      a0,0(s4)
20001034:       |  |     |  |   4585                    li      a1,1
20001036:       |  |     |  |   dcae                    sw      a1,120(sp)
20001038:       |  |     |  |   deae                    sw      a1,124(sp)
2000103a:       |  |     |  |   008c                    addi    a1,sp,64
2000103c:       |  |     |  |   c12e                    sw      a1,128(sp)
2000103e:       |  |     |  |   c302                    sw      zero,132(sp)
20001040:       |  |     |  |   18ac                    addi    a1,sp,120
20001042:       |  |     |  |   00000097                auipc   ra,0x0
20001046:       |  |     |  |   13e080e7                jalr    318(ra) # 20001180 <csrng_send_app_cmd>
2000104a:       |  |  /--|--|-- a059                    j       200010d0 <csrng_testutils_fips_instantiate_kat+0x1b8>
2000104c:       |  |  |  |  \-> 84aa                    mv      s1,a0
2000104e:       |  |  |  |      897d                    andi    a0,a0,31
csrng_testutils_kat_instantiate():
/proc/self/cwd/sw/device/lib/testing/csrng_testutils.c:123
20001050:       |  |  |  |      00002597                auipc   a1,0x2
20001054:       |  |  |  |      19058613                addi    a2,a1,400 # 200031e0 <_text_end+0x31c>
20001058:       |  |  |  |      07b00693                li      a3,123
2000105c:       |  |  |  |      85a2                    mv      a1,s0
2000105e:       |  |  |  |      00002097                auipc   ra,0x2
20001062:       |  |  |  |      b8c080e7                jalr    -1140(ra) # 20002bea <status_create>
status_report():
/proc/self/cwd/sw/device/lib/testing/test_framework/ottf_main.c:103
20001066:       |  |  |  |      f0001597                auipc   a1,0xf0001
2000106a:       |  |  |  |      f825a603                lw      a2,-126(a1) # 10001fe8 <status_report_list_cnt>
2000106e:       |  |  |  |      46a9                    li      a3,10
20001070:       |  |  |  |      02d676b3                remu    a3,a2,a3
20001074:       |  |  |  |      f0001717                auipc   a4,0xf0001
20001078:       |  |  |  |      f9070713                addi    a4,a4,-112 # 10002004 <status_report_list>
2000107c:       |  |  |  |      20e6c6b3                sh2add  a3,a3,a4
20001080:       |  |  |  |      c288                    sw      a0,0(a3)
/proc/self/cwd/sw/device/lib/testing/test_framework/ottf_main.c:104
20001082:       |  |  |  |      0605                    addi    a2,a2,1
20001084:       |  |  |  |      f8c5a123                sw      a2,-126(a1)
20001088:       +--|--|--|----- a0dd                    j       2000116e <csrng_testutils_fips_instantiate_kat+0x256>
2000108a:       |  |  |  \----> 84aa                    mv      s1,a0
2000108c:       |  |  |         897d                    andi    a0,a0,31
csrng_testutils_kat_instantiate():
/proc/self/cwd/sw/device/lib/testing/csrng_testutils.c:126
2000108e:       |  |  |         00002597                auipc   a1,0x2
20001092:       |  |  |         15258613                addi    a2,a1,338 # 200031e0 <_text_end+0x31c>
20001096:       |  |  |         007275b7                lui     a1,0x727
2000109a:       |  |  |         e7458593                addi    a1,a1,-396 # 726e74 <_owner_slot_b+0x696e74>
2000109e:       |  |  |         07e00693                li      a3,126
200010a2:       |  |  |         00002097                auipc   ra,0x2
200010a6:       |  |  |         b48080e7                jalr    -1208(ra) # 20002bea <status_create>
status_report():
/proc/self/cwd/sw/device/lib/testing/test_framework/ottf_main.c:103
200010aa:       |  |  |         f0001597                auipc   a1,0xf0001
200010ae:       |  |  |         f3e5a603                lw      a2,-194(a1) # 10001fe8 <status_report_list_cnt>
200010b2:       |  |  |         46a9                    li      a3,10
200010b4:       |  |  |         02d676b3                remu    a3,a2,a3
200010b8:       |  |  |         f0001717                auipc   a4,0xf0001
200010bc:       |  |  |         f4c70713                addi    a4,a4,-180 # 10002004 <status_report_list>
200010c0:       |  |  |         20e6c6b3                sh2add  a3,a3,a4
200010c4:       |  |  |         c288                    sw      a0,0(a3)
/proc/self/cwd/sw/device/lib/testing/test_framework/ottf_main.c:104
200010c6:       |  |  |         0605                    addi    a2,a2,1
200010c8:       |  |  |         f2c5af23                sw      a2,-194(a1)
200010cc:       +--|--|-------- a04d                    j       2000116e <csrng_testutils_fips_instantiate_kat+0x256>
200010ce:       |  \--|-------> 450d                    li      a0,3
csrng_testutils_kat_instantiate():
/proc/self/cwd/sw/device/lib/testing/csrng_testutils.c:127
200010d0:       |     \-------> dcaa                    sw      a0,120(sp)
200010d2:       |               1948                    addi    a0,sp,180
200010d4:       |               18ac                    addi    a1,sp,120
200010d6:       |               4611                    li      a2,4
200010d8:       |               07810993                addi    s3,sp,120
200010dc:       |               00002097                auipc   ra,0x2
200010e0:       |               bfa080e7                jalr    -1030(ra) # 20002cd6 <memcpy>
200010e4:       |               555a                    lw      a0,180(sp)
200010e6:       |               00a036b3                snez    a3,a0
200010ea:       |               069e                    slli    a3,a3,0x7
200010ec:       |               00002597                auipc   a1,0x2
200010f0:       |               0f458613                addi    a2,a1,244 # 200031e0 <_text_end+0x31c>
200010f4:       |               007275b7                lui     a1,0x727
200010f8:       |               e7458413                addi    s0,a1,-396 # 726e74 <_owner_slot_b+0x696e74>
200010fc:       |               85a2                    mv      a1,s0
200010fe:       |               00002097                auipc   ra,0x2
20001102:       |               aec080e7                jalr    -1300(ra) # 20002bea <status_create>
20001106:       |        /----- 02054663                bltz    a0,20001132 <csrng_testutils_fips_instantiate_kat+0x21a>
/proc/self/cwd/sw/device/lib/testing/csrng_testutils.c:132
2000110a:       |        |      18a8                    addi    a0,sp,120
2000110c:       |        |      03800613                li      a2,56
20001110:       |        |      4581                    li      a1,0
20001112:       |        |      00002097                auipc   ra,0x2
20001116:       |        |      c40080e7                jalr    -960(ra) # 20002d52 <memset>
/proc/self/cwd/sw/device/lib/testing/csrng_testutils.c:134
2000111a:       |        |  /-- 00091463                bnez    s2,20001122 <csrng_testutils_fips_instantiate_kat+0x20a>
2000111e:       |        |  |   00810993                addi    s3,sp,8
/proc/self/cwd/sw/device/lib/testing/csrng_testutils.c:133
20001122:       |        |  \-> 8552                    mv      a0,s4
20001124:       |        |      85ce                    mv      a1,s3
20001126:       |        |      00000097                auipc   ra,0x0
2000112a:       |        |      8d6080e7                jalr    -1834(ra) # 200009fc <csrng_testutils_check_internal_state>
2000112e:       |        |      84aa                    mv      s1,a0
20001130:       +--------|----- a83d                    j       2000116e <csrng_testutils_fips_instantiate_kat+0x256>
20001132:       |        \----> 84aa                    mv      s1,a0
20001134:       |               897d                    andi    a0,a0,31
/proc/self/cwd/sw/device/lib/testing/csrng_testutils.c:127
20001136:       |               00002597                auipc   a1,0x2
2000113a:       |               0aa58613                addi    a2,a1,170 # 200031e0 <_text_end+0x31c>
2000113e:       |               08000693                li      a3,128
20001142:       |               85a2                    mv      a1,s0
20001144:       |               00002097                auipc   ra,0x2
20001148:       |               aa6080e7                jalr    -1370(ra) # 20002bea <status_create>
status_report():
/proc/self/cwd/sw/device/lib/testing/test_framework/ottf_main.c:103
2000114c:       |               f0001597                auipc   a1,0xf0001
20001150:       |               e9c5a603                lw      a2,-356(a1) # 10001fe8 <status_report_list_cnt>
20001154:       |               46a9                    li      a3,10
20001156:       |               02d676b3                remu    a3,a2,a3
2000115a:       |               f0001717                auipc   a4,0xf0001
2000115e:       |               eaa70713                addi    a4,a4,-342 # 10002004 <status_report_list>
20001162:       |               20e6c6b3                sh2add  a3,a3,a4
20001166:       |               c288                    sw      a0,0(a3)
/proc/self/cwd/sw/device/lib/testing/test_framework/ottf_main.c:104
20001168:       |               0605                    addi    a2,a2,1
2000116a:       |               e8c5ae23                sw      a2,-356(a1)
csrng_testutils_fips_instantiate_kat():
/proc/self/cwd/sw/device/lib/testing/csrng_testutils.c:233
2000116e:       \-------------> 8526                    mv      a0,s1
20001170:                       40be                    lw      ra,204(sp)
20001172:                       442e                    lw      s0,200(sp)
20001174:                       449e                    lw      s1,196(sp)
20001176:                       490e                    lw      s2,192(sp)
20001178:                       59fa                    lw      s3,188(sp)
2000117a:                       5a6a                    lw      s4,184(sp)
2000117c:                       6169                    addi    sp,sp,208
2000117e:                       8082                    ret

20001180 <csrng_send_app_cmd>:
csrng_send_app_cmd():
/proc/self/cwd/sw/device/lib/dif/dif_csrng_shared.c:70
20001180:                 4594                  lw      a3,8(a1)
20001182:          /----- ce81                  beqz    a3,2000119a <csrng_send_app_cmd+0x1a>
/proc/self/cwd/sw/device/lib/dif/dif_csrng_shared.c:71
20001184:          |      00468613              addi    a2,a3,4
misalignment32_of():
/proc/self/cwd/./sw/device/lib/base/memory.h:58
20001188:          |      00367713              andi    a4,a2,3
2000118c:          |      460d                  li      a2,3
csrng_send_app_cmd():
/proc/self/cwd/sw/device/lib/dif/dif_csrng_shared.c:70
2000118e:       /--|----- e72d                  bnez    a4,200011f8 <csrng_send_app_cmd+0x78>
/proc/self/cwd/sw/device/lib/dif/dif_csrng_shared.c:76
20001190:       |  |      4298                  lw      a4,0(a3)
20001192:       |  |      47bd                  li      a5,15
/proc/self/cwd/sw/device/lib/dif/dif_csrng_shared.c:77
20001194:       |  |  /-- 00e7f463              bgeu    a5,a4,2000119c <csrng_send_app_cmd+0x1c>
20001198:       +--|--|-- a085                  j       200011f8 <csrng_send_app_cmd+0x78>
2000119a:       |  \--|-> 4701                  li      a4,0
/proc/self/cwd/sw/device/lib/dif/dif_csrng_shared.c:87
2000119c:       |     \-> 00c5a283              lw      t0,12(a1)
200011a0:       |         28b01793              bseti   a5,zero,0xb
200011a4:       |         462d                  li      a2,11
200011a6:       +-------- 0457e963              bltu    a5,t0,200011f8 <csrng_send_app_cmd+0x78>
mmio_region_read32():
/proc/self/cwd/./sw/device/lib/base/mmio.h:96
200011aa:       |     /-> 5550                  lw      a2,44(a0)
bitfield_bit32_read():
/proc/self/cwd/./sw/device/lib/base/bitfield.h:122
200011ac:       |     |   8a09                  andi    a2,a2,2
csrng_send_app_cmd():
/proc/self/cwd/sw/device/lib/dif/dif_csrng_shared.c:97
200011ae:       |     \-- de75                  beqz    a2,200011aa <csrng_send_app_cmd+0x2a>
/proc/self/cwd/sw/device/lib/dif/dif_csrng_shared.c:101
200011b0:       |         4190                  lw      a2,0(a1)
200011b2:       |         41cc                  lw      a1,4(a1)
bitfield_field32_write():
/proc/self/cwd/./sw/device/lib/base/bitfield.h:76
200011b4:       |         00f67813              andi    a6,a2,15
200011b8:       |         00471893              slli    a7,a4,0x4
200011bc:       |         4785                  li      a5,1
200011be:       |         60000613              li      a2,1536
csrng_cmd_header_build():
/proc/self/cwd/sw/device/lib/dif/dif_csrng_shared.c:28
200011c2:       |     /-- 00f58463              beq     a1,a5,200011ca <csrng_send_app_cmd+0x4a>
200011c6:       |     |   4625                  li      a2,9
200011c8:       |     |   0622                  slli    a2,a2,0x8
200011ca:       |     \-> 4581                  li      a1,0
bitfield_field32_write():
/proc/self/cwd/./sw/device/lib/base/bitfield.h:76
200011cc:       |         02b6                  slli    t0,t0,0xd
200011ce:       |         0012d793              srli    a5,t0,0x1
200011d2:       |         01166633              or      a2,a2,a7
200011d6:       |         8e5d                  or      a2,a2,a5
200011d8:       |         00c86633              or      a2,a6,a2
mmio_region_write32():
/proc/self/cwd/./sw/device/lib/base/mmio.h:149
200011dc:       |         cd10                  sw      a2,24(a0)
csrng_send_app_cmd():
/proc/self/cwd/sw/device/lib/dif/dif_csrng_shared.c:103
200011de:       |  /----- 00e58c63              beq     a1,a4,200011f6 <csrng_send_app_cmd+0x76>
mmio_region_read32():
/proc/self/cwd/./sw/device/lib/base/mmio.h:96
200011e2:       |  |  /-> 5550                  lw      a2,44(a0)
bitfield_bit32_read():
/proc/self/cwd/./sw/device/lib/base/bitfield.h:122
200011e4:       |  |  |   8a09                  andi    a2,a2,2
csrng_send_app_cmd():
/proc/self/cwd/sw/device/lib/dif/dif_csrng_shared.c:112
200011e6:       |  |  +-- de75                  beqz    a2,200011e2 <csrng_send_app_cmd+0x62>
/proc/self/cwd/sw/device/lib/dif/dif_csrng_shared.c:115
200011e8:       |  |  |   20d5c633              sh2add  a2,a1,a3
200011ec:       |  |  |   4250                  lw      a2,4(a2)
mmio_region_write32():
/proc/self/cwd/./sw/device/lib/base/mmio.h:149
200011ee:       |  |  |   cd10                  sw      a2,24(a0)
csrng_send_app_cmd():
/proc/self/cwd/sw/device/lib/dif/dif_csrng_shared.c:103
200011f0:       |  |  |   0585                  addi    a1,a1,1
200011f2:       |  |  \-- fee598e3              bne     a1,a4,200011e2 <csrng_send_app_cmd+0x62>
200011f6:       |  \----> 4601                  li      a2,0
/proc/self/cwd/sw/device/lib/dif/dif_csrng_shared.c:118
200011f8:       \-------> 8532                  mv      a0,a2
200011fa:                 8082                  ret

200011fc <otp_ctrl_testutils_wait_for_dai>:
otp_ctrl_testutils_wait_for_dai():
/proc/self/cwd/sw/device/lib/testing/otp_ctrl_testutils.c:56
200011fc:                          715d                 addi    sp,sp,-80
200011fe:                          c6a2                 sw      s0,76(sp)
20001200:                          c4a6                 sw      s1,72(sp)
20001202:                          c2ca                 sw      s2,68(sp)
ibex_mcycle_read():
/proc/self/cwd/./sw/device/lib/runtime/ibex.h:82
20001204:                      /-> b8002373             csrr    t1,mcycleh
20001208:                      |   b0002e73             csrr    t3,mcycle
2000120c:                      |   b80025f3             csrr    a1,mcycleh
20001210:                      \-- feb31ae3             bne     t1,a1,20001204 <otp_ctrl_testutils_wait_for_dai+0x8>
otp_ctrl_testutils_wait_for_dai():
/proc/self/cwd/sw/device/lib/testing/otp_ctrl_testutils.c:58
20001214:                          00c10813             addi    a6,sp,12
20001218:                          03810893             addi    a7,sp,56
2000121c:                          4f8d                 li      t6,3
2000121e:                          4935                 li      s2,13
20001220:                          00a032b3             snez    t0,a0
20001224:                          4f31                 li      t5,12
20001226:                          000f45b7             lui     a1,0xf4
2000122a:                          24158393             addi    t2,a1,577 # f4241 <_owner_slot_b+0x64241>
dif_otp_ctrl_get_status():
/proc/self/cwd/sw/device/lib/dif/dif_otp_ctrl.c:335
2000122e:       /--/-------------X c54d                 beqz    a0,200012d8 <otp_ctrl_testutils_wait_for_dai+0xdc>
/proc/self/cwd/sw/device/lib/dif/dif_otp_ctrl.c:339
20001230:       |  |               c402                 sw      zero,8(sp)
/proc/self/cwd/sw/device/lib/dif/dif_otp_ctrl.c:343
20001232:       |  |               00052e83             lw      t4,0(a0)
mmio_region_read32():
/proc/self/cwd/./sw/device/lib/base/mmio.h:96
20001236:       |  |               010ea483             lw      s1,16(t4)
bitfield_bit32_read():
/proc/self/cwd/./sw/device/lib/base/bitfield.h:122
2000123a:       |  |               0014f613             andi    a2,s1,1
dif_otp_ctrl_get_status():
/proc/self/cwd/sw/device/lib/dif/dif_otp_ctrl.c:346
2000123e:       |  |        /----- ea11                 bnez    a2,20001252 <otp_ctrl_testutils_wait_for_dai+0x56>
20001240:       |  |        |      462d                 li      a2,11
20001242:       |  |        |      8742                 mv      a4,a6
/proc/self/cwd/sw/device/lib/dif/dif_otp_ctrl.c:385
20001244:       |  |  /-----|----- ce0d                 beqz    a2,2000127e <otp_ctrl_testutils_wait_for_dai+0x82>
/proc/self/cwd/sw/device/lib/dif/dif_otp_ctrl.c:386
20001246:       |  |  |     |  /-> 00072023             sw      zero,0(a4)
/proc/self/cwd/sw/device/lib/dif/dif_otp_ctrl.c:385
2000124a:       |  |  |     |  |   0711                 addi    a4,a4,4
2000124c:       |  |  |     |  |   167d                 addi    a2,a2,-1
2000124e:       |  |  |     |  \-- fe65                 bnez    a2,20001246 <otp_ctrl_testutils_wait_for_dai+0x4a>
20001250:       |  |  +-----|----- a03d                 j       2000127e <otp_ctrl_testutils_wait_for_dai+0x82>
mmio_region_read32():
/proc/self/cwd/./sw/device/lib/base/mmio.h:96
20001252:       |  |  |     \----> 014ea603             lw      a2,20(t4)
20001256:       |  |  |            4581                 li      a1,0
20001258:       |  |  |            4701                 li      a4,0
dif_otp_ctrl_get_status():
/proc/self/cwd/sw/device/lib/dif/dif_otp_ctrl.c:356
2000125a:       |  |  |            018e8793             addi    a5,t4,24
2000125e:       |  |  |            8442                 mv      s0,a6
20001260:       |  |  |  /-------- 01e70e63             beq     a4,t5,2000127c <otp_ctrl_testutils_wait_for_dai+0x80>
bitfield_bit32_read():
/proc/self/cwd/./sw/device/lib/base/bitfield.h:122
20001264:       |  |  |  |  /----> 48e656b3             bext    a3,a2,a4
dif_otp_ctrl_get_status():
/proc/self/cwd/sw/device/lib/dif/dif_otp_ctrl.c:364
20001268:       |  |  |  |  |  /-- c681                 beqz    a3,20001270 <otp_ctrl_testutils_wait_for_dai+0x74>
mmio_region_read32():
/proc/self/cwd/./sw/device/lib/base/mmio.h:96
2000126a:       |  |  |  |  |  |   4394                 lw      a3,0(a5)
bitfield_field32_read():
/proc/self/cwd/./sw/device/lib/base/bitfield.h:56
2000126c:       |  |  |  |  |  |   8a9d                 andi    a3,a3,7
2000126e:       |  |  |  |  |  |   4585                 li      a1,1
20001270:       |  |  |  |  |  \-> c014                 sw      a3,0(s0)
dif_otp_ctrl_get_status():
/proc/self/cwd/sw/device/lib/dif/dif_otp_ctrl.c:356
20001272:       |  |  |  |  |      0705                 addi    a4,a4,1
20001274:       |  |  |  |  |      0411                 addi    s0,s0,4
20001276:       |  |  |  |  |      0791                 addi    a5,a5,4
20001278:       |  |  |  |  \----- ffe716e3             bne     a4,t5,20001264 <otp_ctrl_testutils_wait_for_dai+0x68>
2000127c:       |  |  |  \-------> c42e                 sw      a1,8(sp)
/proc/self/cwd/sw/device/lib/dif/dif_otp_ctrl.c:391
2000127e:       |  |  \----------> 044e8613             addi    a2,t4,68
20001282:       |  |               4705                 li      a4,1
20001284:       |  |               87c6                 mv      a5,a7
20001286:       |  |  /----------- 03f70463             beq     a4,t6,200012ae <otp_ctrl_testutils_wait_for_dai+0xb2>
bitfield_bit32_read():
/proc/self/cwd/./sw/device/lib/base/bitfield.h:122
2000128a:       |  |  |  /-------> 28e016b3             bset    a3,zero,a4
2000128e:       |  |  |  |         0096f5b3             and     a1,a3,s1
dif_otp_ctrl_get_status():
/proc/self/cwd/sw/device/lib/dif/dif_otp_ctrl.c:396
20001292:       |  |  |  |  /----- c599                 beqz    a1,200012a0 <otp_ctrl_testutils_wait_for_dai+0xa4>
/proc/self/cwd/sw/device/lib/dif/dif_otp_ctrl.c:399
20001294:       |  |  |  |  |      45a2                 lw      a1,8(sp)
bitfield_field32_write():
/proc/self/cwd/./sw/device/lib/base/bitfield.h:76
20001296:       |  |  |  |  |      8dd5                 or      a1,a1,a3
dif_otp_ctrl_get_status():
/proc/self/cwd/sw/device/lib/dif/dif_otp_ctrl.c:398
20001298:       |  |  |  |  |      c42e                 sw      a1,8(sp)
mmio_region_read32():
/proc/self/cwd/./sw/device/lib/base/mmio.h:96
2000129a:       |  |  |  |  |      4214                 lw      a3,0(a2)
bitfield_field32_read():
/proc/self/cwd/./sw/device/lib/base/bitfield.h:56
2000129c:       |  |  |  |  |      8a9d                 andi    a3,a3,7
2000129e:       |  |  |  |  |  /-- a011                 j       200012a2 <otp_ctrl_testutils_wait_for_dai+0xa6>
200012a0:       |  |  |  |  \--|-> 4681                 li      a3,0
dif_otp_ctrl_get_status():
/proc/self/cwd/sw/device/lib/dif/dif_otp_ctrl.c:407
200012a2:       |  |  |  |     \-> c394                 sw      a3,0(a5)
/proc/self/cwd/sw/device/lib/dif/dif_otp_ctrl.c:392
200012a4:       |  |  |  |         0705                 addi    a4,a4,1
/proc/self/cwd/sw/device/lib/dif/dif_otp_ctrl.c:391
200012a6:       |  |  |  |         0611                 addi    a2,a2,4
200012a8:       |  |  |  |         0791                 addi    a5,a5,4
200012aa:       |  |  |  \-------- fff710e3             bne     a4,t6,2000128a <otp_ctrl_testutils_wait_for_dai+0x8e>
200012ae:       |  |  \----------> 4622                 lw      a2,8(sp)
200012b0:       |  |               470d                 li      a4,3
200012b2:       |  |        /----- 01270e63             beq     a4,s2,200012ce <otp_ctrl_testutils_wait_for_dai+0xd2>
bitfield_bit32_read():
/proc/self/cwd/./sw/device/lib/base/bitfield.h:122
200012b6:       |  |        |  /-> 28e015b3             bset    a1,zero,a4
200012ba:       |  |        |  |   0095f6b3             and     a3,a1,s1
200012be:       |  |        |  |   0016b693             seqz    a3,a3
dif_otp_ctrl_get_status():
/proc/self/cwd/sw/device/lib/dif/dif_otp_ctrl.c:413
200012c2:       |  |        |  |   16fd                 addi    a3,a3,-1
200012c4:       |  |        |  |   8df5                 and     a1,a1,a3
200012c6:       |  |        |  |   8e4d                 or      a2,a2,a1
/proc/self/cwd/sw/device/lib/dif/dif_otp_ctrl.c:412
200012c8:       |  |        |  |   0705                 addi    a4,a4,1
200012ca:       |  |        |  \-- ff2716e3             bne     a4,s2,200012b6 <otp_ctrl_testutils_wait_for_dai+0xba>
dai_finished():
/proc/self/cwd/sw/device/lib/testing/otp_ctrl_testutils.c:28
200012ce:       |  |        \----> 48865593             bexti   a1,a2,0x8
200012d2:       |  |               00b2f5b3             and     a1,t0,a1
otp_ctrl_testutils_wait_for_dai():
/proc/self/cwd/sw/device/lib/testing/otp_ctrl_testutils.c:58
200012d6:       |  |           /-- e9a9                 bnez    a1,20001328 <otp_ctrl_testutils_wait_for_dai+0x12c>
ibex_mcycle_read():
/proc/self/cwd/./sw/device/lib/runtime/ibex.h:82
200012d8:       |  >-----------|-> b80025f3             csrr    a1,mcycleh
200012dc:       |  |           |   b0002673             csrr    a2,mcycle
200012e0:       |  |           |   b80026f3             csrr    a3,mcycleh
200012e4:       |  \-----------|-- fed59ae3             bne     a1,a3,200012d8 <otp_ctrl_testutils_wait_for_dai+0xdc>
/proc/self/cwd/./sw/device/lib/runtime/ibex.h:91
200012e8:       |              |   41c606b3             sub     a3,a2,t3
200012ec:       |              |   01c63633             sltu    a2,a2,t3
200012f0:       |              |   406585b3             sub     a1,a1,t1
ibex_timeout_check():
/proc/self/cwd/./sw/device/lib/runtime/ibex.h:191
200012f4:       |              |   8d91                 sub     a1,a1,a2
200012f6:       |              |   0076b633             sltu    a2,a3,t2
200012fa:       |              |   0015b593             seqz    a1,a1
200012fe:       |              |   8df1                 and     a1,a1,a2
otp_ctrl_testutils_wait_for_dai():
/proc/self/cwd/sw/device/lib/testing/otp_ctrl_testutils.c:58
20001300:       \--------------|-- f59d                 bnez    a1,2000122e <otp_ctrl_testutils_wait_for_dai+0x32>
20001302:                      |   00002517             auipc   a0,0x2
20001306:                      |   d1650613             addi    a2,a0,-746 # 20003018 <_text_end+0x154>
2000130a:                      |   006f6537             lui     a0,0x6f6
2000130e:                      |   37450593             addi    a1,a0,884 # 6f6374 <_owner_slot_b+0x666374>
20001312:                      |   4511                 li      a0,4
20001314:                      |   03a00693             li      a3,58
20001318:                      |   4436                 lw      s0,76(sp)
2000131a:                      |   44a6                 lw      s1,72(sp)
2000131c:                      |   4916                 lw      s2,68(sp)
2000131e:                      |   6161                 addi    sp,sp,80
20001320:                      |   00002317             auipc   t1,0x2
20001324:                      |   8ca30067             jr      -1846(t1) # 20002bea <status_create>
/proc/self/cwd/sw/device/lib/testing/otp_ctrl_testutils.c:61
20001328:                      \-> 4501                 li      a0,0
2000132a:                          4436                 lw      s0,76(sp)
2000132c:                          44a6                 lw      s1,72(sp)
2000132e:                          4916                 lw      s2,68(sp)
20001330:                          6161                 addi    sp,sp,80
20001332:                          8082                 ret

20001334 <_ottf_main>:
_ottf_main():
/proc/self/cwd/sw/device/lib/testing/test_framework/ottf_main.c:157
20001334:                                               712d                    addi    sp,sp,-288
20001336:                                               0208                    addi    a0,sp,256
20001338:                                               00152e23                sw      ra,28(a0)
2000133c:                                               cd00                    sw      s0,24(a0)
2000133e:                                               c944                    sw      s1,20(a0)
20001340:                                               01252823                sw      s2,16(a0)
20001344:                                               01352623                sw      s3,12(a0)
20001348:                                               01452423                sw      s4,8(a0)
2000134c:                                               01552223                sw      s5,4(a0)
20001350:                                               01652023                sw      s6,0(a0)
20001354:                                               dfde                    sw      s7,252(sp)
20001356:                                               dde2                    sw      s8,248(sp)
20001358:                                               dbe6                    sw      s9,244(sp)
2000135a:                                               d9ea                    sw      s10,240(sp)
2000135c:                                               d7ee                    sw      s11,236(sp)
2000135e:                                               6511                    lui     a0,0x4
20001360:                                               35450513                addi    a0,a0,852 # 4354 <_stack_size+0x3d4>
/proc/self/cwd/sw/device/lib/testing/test_framework/ottf_main.c:158
20001364:                                               00001097                auipc   ra,0x1
20001368:                                               2fe080e7                jalr    766(ra) # 20002662 <test_status_set>
/proc/self/cwd/sw/device/lib/testing/test_framework/ottf_main.c:182
2000136c:                                               e000f517                auipc   a0,0xe000f
20001370:                                               c9450913                addi    s2,a0,-876 # 10000 <_dv_log_offset>
20001374:                                               dffff517                auipc   a0,0xdffff
20001378:                                               e5c50513                addi    a0,a0,-420 # 1d0 <_ottf_main.kLogFields.12>
2000137c:                                               954a                    add     a0,a0,s2
2000137e:                                               4581                    li      a1,0
20001380:                                               00001097                auipc   ra,0x1
20001384:                                               36c080e7                jalr    876(ra) # 200026ec <base_log_internal_dv>
/proc/self/cwd/sw/device/lib/testing/test_framework/ottf_main.c:184
20001388:                                               00001097                auipc   ra,0x1
2000138c:                                               a2a080e7                jalr    -1494(ra) # 20001db2 <ottf_alerts_enable_all>
20001390:                                           /-- 02055a63                bgez    a0,200013c4 <_ottf_main+0x90>
20001394:                                           |   dffff517                auipc   a0,0xdffff
20001398:                                           |   e5050513                addi    a0,a0,-432 # 1e4 <_ottf_main.kLogFields.15>
2000139c:                                           |   954a                    add     a0,a0,s2
2000139e:                                           |   00002597                auipc   a1,0x2
200013a2:                                           |   11658813                addi    a6,a1,278 # 200034b4 <_text_end+0x5f0>
200013a6:                                           |   00002297                auipc   t0,0x2
200013aa:                                           |   ab0282e7                jalr    t0,-1360(t0) # 20002e56 <OUTLINED_FUNCTION_0>
200013ae:                                           |   00001097                auipc   ra,0x1
200013b2:                                           |   33e080e7                jalr    830(ra) # 200026ec <base_log_internal_dv>
200013b6:                                           |   6531                    lui     a0,0xc
200013b8:                                           |   aad50513                addi    a0,a0,-1363 # baad <_non_volatile_scratch_size+0x6aad>
200013bc:                                           |   00001097                auipc   ra,0x1
200013c0:                                           |   2a6080e7                jalr    678(ra) # 20002662 <test_status_set>
dif_rv_core_ibex_init_from_dt():
/proc/self/cwd/bazel-out/k8-fastbuild-ST-1df456420242/bin/sw/device/lib/dif/autogen/dif_rv_core_ibex_autogen.c:47
200013c4:                                           \-> c602                    sw      zero,12(sp)
200013c6:                                               411f0537                lui     a0,0x411f0
/proc/self/cwd/bazel-out/k8-fastbuild-ST-1df456420242/bin/sw/device/lib/dif/autogen/dif_rv_core_ibex_autogen.c:48
200013ca:                                               c42a                    sw      a0,8(sp)
200013cc:                                               4505                    li      a0,1
rand_testutils_init():
/proc/self/cwd/sw/device/lib/testing/rand_testutils.c:30
200013ce:                                               08a10a23                sb      a0,148(sp)
200013d2:                                               09414583                lbu     a1,148(sp)
200013d6:                                               4501                    li      a0,0
200013d8:                                           /-- e58d                    bnez    a1,20001402 <_ottf_main+0xce>
200013da:                                           |   dffff517                auipc   a0,0xdffff
200013de:                                           |   f4a50513                addi    a0,a0,-182 # 324 <rand_testutils_init.kLogFields>
200013e2:                                           |   954a                    add     a0,a0,s2
200013e4:                                           |   00001097                auipc   ra,0x1
200013e8:                                           |   308080e7                jalr    776(ra) # 200026ec <base_log_internal_dv>
200013ec:                                           |   00002517                auipc   a0,0x2
200013f0:                                           |   12350613                addi    a2,a0,291 # 2000350f <_text_end+0x64b>
200013f4:                                           |   4535                    li      a0,13
200013f6:                                           |   46f9                    li      a3,30
200013f8:                                           |   4581                    li      a1,0
200013fa:                                           |   00001097                auipc   ra,0x1
200013fe:                                           |   7f0080e7                jalr    2032(ra) # 20002bea <status_create>
status_err():
/proc/self/cwd/./sw/device/lib/base/status.h:243
20001402:                                           \-> 00052593                slti    a1,a0,0
20001406:                                               897d                    andi    a0,a0,31
rand_testutils_init():
/proc/self/cwd/sw/device/lib/testing/rand_testutils.c:30
20001408:                                               00a03533                snez    a0,a0
2000140c:                                               8d6d                    and     a0,a0,a1
2000140e:                                           /-- c901                    beqz    a0,2000141e <_ottf_main+0xea>
20001410:                                           |   6531                    lui     a0,0xc
20001412:                                           |   aad50513                addi    a0,a0,-1363 # baad <_non_volatile_scratch_size+0x6aad>
20001416:                                           |   00001097                auipc   ra,0x1
2000141a:                                           |   24c080e7                jalr    588(ra) # 20002662 <test_status_set>
_ottf_main():
/proc/self/cwd/sw/device/lib/testing/test_framework/ottf_main.c:192
2000141e:                                           \-> f0001517                auipc   a0,0xf0001
20001422:                                               c8e50513                addi    a0,a0,-882 # 100020ac <rand_testutils_rng_ctx>
20001426:                                               002c                    addi    a1,sp,8
20001428:                                               c10c                    sw      a1,0(a0)
2000142a:                                               65e1                    lui     a1,0x18
2000142c:                                               6a058593                addi    a1,a1,1696 # 186a0 <_dv_log_offset+0x86a0>
20001430:                                               c14c                    sw      a1,4(a0)
20001432:                                               deadc5b7                lui     a1,0xdeadc
20001436:                                               eef58593                addi    a1,a1,-273 # deadbeef <_non_volatile_scratch_end+0xbea5beef>
2000143a:                                               c50c                    sw      a1,8(a0)
2000143c:                                               800005b7                lui     a1,0x80000
20001440:                                               05758593                addi    a1,a1,87 # 80000057 <_non_volatile_scratch_end+0x5ff80057>
20001444:                                               c54c                    sw      a1,12(a0)
20001446:                                               10000593                li      a1,256
2000144a:                                               c90c                    sw      a1,16(a0)
2000144c:                                               55fd                    li      a1,-1
2000144e:                                               c94c                    sw      a1,20(a0)
20001450:                                               4505                    li      a0,1
dif_csrng_init():
/proc/self/cwd/bazel-out/k8-fastbuild-ST-1df456420242/bin/sw/device/lib/dif/autogen/dif_csrng_autogen.c:32
20001452:                                               ca2a                    sw      a0,20(sp)
20001454:                                               41150537                lui     a0,0x41150
/proc/self/cwd/bazel-out/k8-fastbuild-ST-1df456420242/bin/sw/device/lib/dif/autogen/dif_csrng_autogen.c:33
20001458:                                               c82a                    sw      a0,16(sp)
mmio_region_read32():
/proc/self/cwd/./sw/device/lib/base/mmio.h:96
2000145a:                                               490c                    lw      a1,16(a0)
2000145c:                                           /-- c591                    beqz    a1,20001468 <_ottf_main+0x134>
2000145e:                                           |   65a5                    lui     a1,0x9
20001460:                                           |   66658593                addi    a1,a1,1638 # 9666 <_non_volatile_scratch_size+0x4666>
mmio_region_write32():
/proc/self/cwd/./sw/device/lib/base/mmio.h:149
20001464:                                           |   c94c                    sw      a1,20(a0)
20001466:                                        /--|-- a01d                    j       2000148c <_ottf_main+0x158>
test_main():
/proc/self/cwd/sw/device/tests/sim_dv/csrng_fuse_en_sw_app_read.c:104
20001468:                                        |  \-> dffff517                auipc   a0,0xdffff
2000146c:                                        |      b9c50513                addi    a0,a0,-1124 # 4 <test_main.kLogFields.2>
20001470:                                        |      954a                    add     a0,a0,s2
20001472:                                        |      4585                    li      a1,1
20001474:                                        |      4625                    li      a2,9
20001476:                                        |      00001097                auipc   ra,0x1
2000147a:                                        |      276080e7                jalr    630(ra) # 200026ec <base_log_internal_dv>
2000147e:                                        |      6531                    lui     a0,0xc
20001480:                                        |      aad50513                addi    a0,a0,-1363 # baad <_non_volatile_scratch_size+0x6aad>
20001484:                                        |      00001097                auipc   ra,0x1
20001488:                                        |      1de080e7                jalr    478(ra) # 20002662 <test_status_set>
2000148c:                                        \----> 40600537                lui     a0,0x40600
rstmgr_testutils_reason_get():
/proc/self/cwd/sw/device/lib/testing/rstmgr_testutils.c:102
20001490:                                               4148                    lw      a0,4(a0)
20001492:                                               4591                    li      a1,4
test_main():
/proc/self/cwd/sw/device/tests/sim_dv/csrng_fuse_en_sw_app_read.c:112
20001494:                      /----------------------- 20b50b63                beq     a0,a1,200016aa <_ottf_main+0x376>
20001498:                      |                        4585                    li      a1,1
2000149a:                      |                        f0001997                auipc   s3,0xf0001
2000149e:                      |                        f0001617                auipc   a2,0xf0001
200014a2:                      |                        b6660a13                addi    s4,a2,-1178 # 10002004 <status_report_list>
200014a6:             /--------|----------------------- 34b51263                bne     a0,a1,200017ea <_ottf_main+0x4b6>
/proc/self/cwd/sw/device/tests/sim_dv/csrng_fuse_en_sw_app_read.c:113
200014aa:             |        |                        dffff517                auipc   a0,0xdffff
200014ae:             |        |                        b6e50513                addi    a0,a0,-1170 # 18 <test_main.kLogFields.8>
200014b2:             |        |                        954a                    add     a0,a0,s2
200014b4:             |        |                        4581                    li      a1,0
200014b6:             |        |                        00001097                auipc   ra,0x1
200014ba:             |        |                        236080e7                jalr    566(ra) # 200026ec <base_log_internal_dv>
/proc/self/cwd/sw/device/tests/sim_dv/csrng_fuse_en_sw_app_read.c:114
200014be:             |        |                        4505                    li      a0,1
200014c0:             |        |                        fffff097                auipc   ra,0xfffff
200014c4:             |        |                        2c0080e7                jalr    704(ra) # 20000780 <check_csrng_fuse_enabled>
test_fuse_enable():
/proc/self/cwd/sw/device/tests/sim_dv/csrng_fuse_en_sw_app_read.c:42
200014c8:             |        |                        0808                    addi    a0,sp,16
200014ca:             |        |                        4581                    li      a1,0
200014cc:             |        |                        00000097                auipc   ra,0x0
200014d0:             |        |                        a4c080e7                jalr    -1460(ra) # 20000f18 <csrng_testutils_fips_instantiate_kat>
200014d4:             |        |                    /-- 02055a63                bgez    a0,20001508 <_ottf_main+0x1d4>
200014d8:             |        |                    |   dffff517                auipc   a0,0xdffff
200014dc:             |        |                    |   bcc50513                addi    a0,a0,-1076 # a4 <test_fuse_enable.kLogFields>
200014e0:             |        |                    |   954a                    add     a0,a0,s2
200014e2:             |        |                    |   00002597                auipc   a1,0x2
200014e6:             |        |                    |   fd258813                addi    a6,a1,-46 # 200034b4 <_text_end+0x5f0>
200014ea:             |        |                    |   00002297                auipc   t0,0x2
200014ee:             |        |                    |   96c282e7                jalr    t0,-1684(t0) # 20002e56 <OUTLINED_FUNCTION_0>
200014f2:             |        |                    |   00001097                auipc   ra,0x1
200014f6:             |        |                    |   1fa080e7                jalr    506(ra) # 200026ec <base_log_internal_dv>
200014fa:             |        |                    |   6531                    lui     a0,0xc
200014fc:             |        |                    |   aad50513                addi    a0,a0,-1363 # baad <_non_volatile_scratch_size+0x6aad>
20001500:             |        |                    |   00001097                auipc   ra,0x1
20001504:             |        |                    |   162080e7                jalr    354(ra) # 20002662 <test_status_set>
csrng_testutils_fips_generate_kat():
/proc/self/cwd/sw/device/lib/testing/csrng_testutils.c:242
20001508:             |        |                    \-> 00003517                auipc   a0,0x3
2000150c:             |        |                        8ec50593                addi    a1,a0,-1812 # 20003df4 <_text_end+0xf30>
20001510:             |        |                        08c8                    addi    a0,sp,84
20001512:             |        |                        04000613                li      a2,64
20001516:             |        |                        00001097                auipc   ra,0x1
2000151a:             |        |                        7c0080e7                jalr    1984(ra) # 20002cd6 <memcpy>
/proc/self/cwd/sw/device/lib/testing/csrng_testutils.c:247
2000151e:             |        |                        00003517                auipc   a0,0x3
20001522:             |        |                        91650593                addi    a1,a0,-1770 # 20003e34 <_text_end+0xf70>
20001526:             |        |                        0828                    addi    a0,sp,24
20001528:             |        |                        03800613                li      a2,56
2000152c:             |        |                        00001097                auipc   ra,0x1
20001530:             |        |                        7aa080e7                jalr    1962(ra) # 20002cd6 <memcpy>
csrng_testutils_kat_generate():
/proc/self/cwd/sw/device/lib/testing/csrng_testutils.c:142
20001534:             |        |                        dffff517                auipc   a0,0xdffff
20001538:             |        |                        c6050513                addi    a0,a0,-928 # 194 <csrng_testutils_kat_generate.kLogFields>
2000153c:             |        |                        954a                    add     a0,a0,s2
2000153e:             |        |                        4581                    li      a1,0
20001540:             |        |                        00001097                auipc   ra,0x1
20001544:             |        |                        1ac080e7                jalr    428(ra) # 200026ec <base_log_internal_dv>
20001548:             |        |                        4a81                    li      s5,0
2000154a:             |        |                        4b09                    li      s6,2
2000154c:             |        |                        440d                    li      s0,3
2000154e:             |        |                        4c11                    li      s8,4
20001550:             |        |                        00002517                auipc   a0,0x2
20001554:             |        |                        c9050d93                addi    s11,a0,-880 # 200031e0 <_text_end+0x31c>
20001558:             |        |                        00727537                lui     a0,0x727
2000155c:             |        |                        e7450493                addi    s1,a0,-396 # 726e74 <_owner_slot_b+0x696e74>
20001560:             |        |                        4cc1                    li      s9,16
20001562:             |        |                        09410d13                addi    s10,sp,148
/proc/self/cwd/sw/device/lib/testing/csrng_testutils.c:146
20001566:             |        |     /----------------- 0d6a8f63                beq     s5,s6,20001644 <_ottf_main+0x310>
csrng_testutils_cmd_generate_run():
/proc/self/cwd/sw/device/lib/testing/csrng_testutils.c:85
2000156a:             |        |     |  /-------------> 0808                    addi    a0,sp,16
2000156c:             |        |     |  |               fffff097                auipc   ra,0xfffff
20001570:             |        |     |  |               370080e7                jalr    880(ra) # 200008dc <csrng_testutils_cmd_ready_wait>
20001574:       /-----|--------|-----|--|-------------- 38054263                bltz    a0,200018f8 <_ottf_main+0x5c4>
dif_csrng_generate_start():
/proc/self/cwd/sw/device/lib/dif/dif_csrng.c:111
20001578:       |     |        |     |  |               4542                    lw      a0,16(sp)
2000157a:       |     |        |     |  |               cda2                    sw      s0,216(sp)
2000157c:       |     |        |     |  |               cf82                    sw      zero,220(sp)
2000157e:       |     |        |     |  |               d182                    sw      zero,224(sp)
20001580:       |     |        |     |  |               d3e2                    sw      s8,228(sp)
20001582:       |     |        |     |  |               09ac                    addi    a1,sp,216
20001584:       |     |        |     |  |               00000097                auipc   ra,0x0
20001588:       |     |        |     |  |               bfc080e7                jalr    -1028(ra) # 20001180 <csrng_send_app_cmd>
csrng_testutils_cmd_generate_run():
/proc/self/cwd/sw/device/lib/testing/csrng_testutils.c:86
2000158c:       |     |        |     |  |               cdaa                    sw      a0,216(sp)
2000158e:       |     |        |     |  |               09c8                    addi    a0,sp,212
20001590:       |     |        |     |  |               09ac                    addi    a1,sp,216
20001592:       |     |        |     |  |               4611                    li      a2,4
20001594:       |     |        |     |  |               00001097                auipc   ra,0x1
20001598:       |     |        |     |  |               742080e7                jalr    1858(ra) # 20002cd6 <memcpy>
2000159c:       |     |        |     |  |               455e                    lw      a0,212(sp)
2000159e:       |     |        |     |  |               00153593                seqz    a1,a0
200015a2:       |     |        |     |  |               15fd                    addi    a1,a1,-1
200015a4:       |     |        |     |  |               0565f693                andi    a3,a1,86
200015a8:       |     |        |     |  |               85a6                    mv      a1,s1
200015aa:       |     |        |     |  |               866e                    mv      a2,s11
200015ac:       |     |        |     |  |               00001097                auipc   ra,0x1
200015b0:       |     |        |     |  |               63e080e7                jalr    1598(ra) # 20002bea <status_create>
200015b4:       |  /--|--------|-----|--|-------------- 34054f63                bltz    a0,20001912 <_ottf_main+0x5de>
200015b8:       |  |  |        |     |  |               4442                    lw      s0,16(sp)
mmio_region_read32():
/proc/self/cwd/./sw/device/lib/base/mmio.h:96
200015ba:       |  |  |        |     |  |           /-> 03042b83                lw      s7,48(s0) # 9030 <_non_volatile_scratch_size+0x4030>
csrng_testutils_cmd_generate_run():
/proc/self/cwd/sw/device/lib/testing/csrng_testutils.c:90
200015be:       |  |  |        |     |  |           |   cd82                    sw      zero,216(sp)
200015c0:       |  |  |        |     |  |           |   09c8                    addi    a0,sp,212
200015c2:       |  |  |        |     |  |           |   09ac                    addi    a1,sp,216
200015c4:       |  |  |        |     |  |           |   4611                    li      a2,4
200015c6:       |  |  |        |     |  |           |   00001097                auipc   ra,0x1
200015ca:       |  |  |        |     |  |           |   710080e7                jalr    1808(ra) # 20002cd6 <memcpy>
200015ce:       |  |  |        |     |  |           |   455e                    lw      a0,212(sp)
200015d0:       |  |  |        |     |  |           |   00153593                seqz    a1,a0
200015d4:       |  |  |        |     |  |           |   15fd                    addi    a1,a1,-1
200015d6:       |  |  |        |     |  |           |   05a5f693                andi    a3,a1,90
200015da:       |  |  |        |     |  |           |   85a6                    mv      a1,s1
200015dc:       |  |  |        |     |  |           |   866e                    mv      a2,s11
200015de:       |  |  |        |     |  |           |   00001097                auipc   ra,0x1
200015e2:       |  |  |        |     |  |           |   60c080e7                jalr    1548(ra) # 20002bea <status_create>
200015e6:       |  |  |        |  /--|--|-----------|-- 14054263                bltz    a0,2000172a <_ottf_main+0x3f6>
/proc/self/cwd/sw/device/lib/testing/csrng_testutils.c:91
200015ea:       |  |  |        |  |  |  |           |   001bf513                andi    a0,s7,1
200015ee:       |  |  |        |  |  |  |           \-- d571                    beqz    a0,200015ba <_ottf_main+0x286>
200015f0:       |  |  |        |  |  |  |               4501                    li      a0,0
dif_csrng_generate_read():
/proc/self/cwd/sw/device/lib/dif/dif_csrng.c:125
200015f2:       |  |  |        |  |  |  |  /----------- 01950f63                beq     a0,s9,20001610 <_ottf_main+0x2dc>
/proc/self/cwd/sw/device/lib/dif/dif_csrng.c:127
200015f6:       |  |  |        |  |  |  |  |  /-------> 00357593                andi    a1,a0,3
200015fa:       |  |  |        |  |  |  |  |  |  /----- e581                    bnez    a1,20001602 <_ottf_main+0x2ce>
mmio_region_read32():
/proc/self/cwd/./sw/device/lib/base/mmio.h:96
200015fc:       |  |  |        |  |  |  |  |  |  |  /-> 580c                    lw      a1,48(s0)
spin_until_ready():
/proc/self/cwd/sw/device/lib/dif/dif_csrng.c:35
200015fe:       |  |  |        |  |  |  |  |  |  |  |   8985                    andi    a1,a1,1
20001600:       |  |  |        |  |  |  |  |  |  |  \-- ddf5                    beqz    a1,200015fc <_ottf_main+0x2c8>
mmio_region_read32():
/proc/self/cwd/./sw/device/lib/base/mmio.h:96
20001602:       |  |  |        |  |  |  |  |  |  \----> 584c                    lw      a1,52(s0)
dif_csrng_generate_read():
/proc/self/cwd/sw/device/lib/dif/dif_csrng.c:130
20001604:       |  |  |        |  |  |  |  |  |         21a54633                sh2add  a2,a0,s10
20001608:       |  |  |        |  |  |  |  |  |         c20c                    sw      a1,0(a2)
/proc/self/cwd/sw/device/lib/dif/dif_csrng.c:125
2000160a:       |  |  |        |  |  |  |  |  |         0505                    addi    a0,a0,1
2000160c:       |  |  |        |  |  |  |  |  \-------- ff9515e3                bne     a0,s9,200015f6 <_ottf_main+0x2c2>
csrng_testutils_cmd_generate_run():
/proc/self/cwd/sw/device/lib/testing/csrng_testutils.c:93
20001610:       |  |  |        |  |  |  |  \----------> cd82                    sw      zero,216(sp)
20001612:       |  |  |        |  |  |  |               09c8                    addi    a0,sp,212
20001614:       |  |  |        |  |  |  |               09ac                    addi    a1,sp,216
20001616:       |  |  |        |  |  |  |               4611                    li      a2,4
20001618:       |  |  |        |  |  |  |               00001097                auipc   ra,0x1
2000161c:       |  |  |        |  |  |  |               6be080e7                jalr    1726(ra) # 20002cd6 <memcpy>
20001620:       |  |  |        |  |  |  |               455e                    lw      a0,212(sp)
20001622:       |  |  |        |  |  |  |               00153593                seqz    a1,a0
20001626:       |  |  |        |  |  |  |               15fd                    addi    a1,a1,-1
20001628:       |  |  |        |  |  |  |               05d5f693                andi    a3,a1,93
2000162c:       |  |  |        |  |  |  |               85a6                    mv      a1,s1
2000162e:       |  |  |        |  |  |  |               866e                    mv      a2,s11
20001630:       |  |  |        |  |  |  |               00001097                auipc   ra,0x1
20001634:       |  |  |        |  |  |  |               5ba080e7                jalr    1466(ra) # 20002bea <status_create>
20001638:       |  |  |  /-----|--|--|--|-------------- 2e054a63                bltz    a0,2000192c <_ottf_main+0x5f8>
csrng_testutils_kat_generate():
/proc/self/cwd/sw/device/lib/testing/csrng_testutils.c:146
2000163c:       |  |  |  |     |  |  |  |               0a85                    addi    s5,s5,1
2000163e:       |  |  |  |     |  |  |  |               440d                    li      s0,3
20001640:       |  |  |  |     |  |  |  \-------------- f36a95e3                bne     s5,s6,2000156a <_ottf_main+0x236>
/proc/self/cwd/sw/device/lib/testing/csrng_testutils.c:152
20001644:       |  |  |  |     |  |  \----------------> 0948                    addi    a0,sp,148
20001646:       |  |  |  |     |  |                     08cc                    addi    a1,sp,84
20001648:       |  |  |  |     |  |                     4641                    li      a2,16
2000164a:       |  |  |  |     |  |                     00001097                auipc   ra,0x1
2000164e:       |  |  |  |     |  |                     766080e7                jalr    1894(ra) # 20002db0 <memcmp>
20001652:       |  |  |  |     |  |                     00153513                seqz    a0,a0
20001656:       |  |  |  |     |  |                     0ca10c23                sb      a0,216(sp)
2000165a:       |  |  |  |     |  |                     0d814503                lbu     a0,216(sp)
2000165e:       |  |  |  |     |  |                 /-- ed0d                    bnez    a0,20001698 <_ottf_main+0x364>
20001660:       |  |  |  |     |  |                 |   dffff517                auipc   a0,0xdffff
20001664:       |  |  |  |     |  |                 |   b4850513                addi    a0,a0,-1208 # 1a8 <csrng_testutils_kat_generate.kLogFields.32>
20001668:       |  |  |  |     |  |                 |   954a                    add     a0,a0,s2
2000166a:       |  |  |  |     |  |                 |   4581                    li      a1,0
2000166c:       |  |  |  |     |  |                 |   00001097                auipc   ra,0x1
20001670:       |  |  |  |     |  |                 |   080080e7                jalr    128(ra) # 200026ec <base_log_internal_dv>
20001674:       |  |  |  |     |  |                 |   00002517                auipc   a0,0x2
20001678:       |  |  |  |     |  |                 |   b6c50613                addi    a2,a0,-1172 # 200031e0 <_text_end+0x31c>
2000167c:       |  |  |  |     |  |                 |   00727537                lui     a0,0x727
20001680:       |  |  |  |     |  |                 |   e7450413                addi    s0,a0,-396 # 726e74 <_owner_slot_b+0x696e74>
20001684:       |  |  |  |     |  |                 |   4535                    li      a0,13
20001686:       |  |  |  |     |  |                 |   09800693                li      a3,152
2000168a:       |  |  |  |     |  |                 |   85a2                    mv      a1,s0
2000168c:       |  |  |  |     |  |                 |   00001097                auipc   ra,0x1
20001690:       |  |  |  |     |  |                 |   55e080e7                jalr    1374(ra) # 20002bea <status_create>
20001694:       |  |  |  |  /--|--|-----------------|-- 2a054963                bltz    a0,20001946 <_ottf_main+0x612>
/proc/self/cwd/sw/device/lib/testing/csrng_testutils.c:156
20001698:       |  |  |  |  |  |  |                 \-> 0808                    addi    a0,sp,16
2000169a:       |  |  |  |  |  |  |                     082c                    addi    a1,sp,24
2000169c:       |  |  |  |  |  |  |                     fffff097                auipc   ra,0xfffff
200016a0:       |  |  |  |  |  |  |                     360080e7                jalr    864(ra) # 200009fc <csrng_testutils_check_internal_state>
200016a4:       |  |  |  |  |  |  |           /-------- 10055f63                bgez    a0,200017c2 <_ottf_main+0x48e>
200016a8:       |  |  |  |  |  |  |           |  /----- a0ed                    j       20001792 <_ottf_main+0x45e>
test_main():
/proc/self/cwd/sw/device/tests/sim_dv/csrng_fuse_en_sw_app_read.c:126
200016aa:       |  |  |  |  |  \--|-----------|--|----> dffff517                auipc   a0,0xdffff
200016ae:       |  |  |  |  |     |           |  |      99650513                addi    a0,a0,-1642 # 40 <test_main.kLogFields.17>
200016b2:       |  |  |  |  |     |           |  |      954a                    add     a0,a0,s2
200016b4:       |  |  |  |  |     |           |  |      4581                    li      a1,0
200016b6:       |  |  |  |  |     |           |  |      00001097                auipc   ra,0x1
200016ba:       |  |  |  |  |     |           |  |      036080e7                jalr    54(ra) # 200026ec <base_log_internal_dv>
/proc/self/cwd/sw/device/tests/sim_dv/csrng_fuse_en_sw_app_read.c:128
200016be:       |  |  |  |  |     |           |  |      4501                    li      a0,0
200016c0:       |  |  |  |  |     |           |  |      fffff097                auipc   ra,0xfffff
200016c4:       |  |  |  |  |     |           |  |      0c0080e7                jalr    192(ra) # 20000780 <check_csrng_fuse_enabled>
test_fuse_disable():
/proc/self/cwd/sw/device/tests/sim_dv/csrng_fuse_en_sw_app_read.c:51
200016c8:       |  |  |  |  |     |           |  |      dffff517                auipc   a0,0xdffff
200016cc:       |  |  |  |  |     |           |  |      a0450513                addi    a0,a0,-1532 # cc <test_fuse_disable.kLogFields>
200016d0:       |  |  |  |  |     |           |  |      954a                    add     a0,a0,s2
200016d2:       |  |  |  |  |     |           |  |      00002597                auipc   a1,0x2
200016d6:       |  |  |  |  |     |           |  |      a8a58613                addi    a2,a1,-1398 # 2000315c <_text_end+0x298>
200016da:       |  |  |  |  |     |           |  |      4585                    li      a1,1
200016dc:       |  |  |  |  |     |           |  |      00001097                auipc   ra,0x1
200016e0:       |  |  |  |  |     |           |  |      010080e7                jalr    16(ra) # 200026ec <base_log_internal_dv>
/proc/self/cwd/sw/device/tests/sim_dv/csrng_fuse_en_sw_app_read.c:52
200016e4:       |  |  |  |  |     |           |  |      0808                    addi    a0,sp,16
200016e6:       |  |  |  |  |     |           |  |      4585                    li      a1,1
200016e8:       |  |  |  |  |     |           |  |      00000097                auipc   ra,0x0
200016ec:       |  |  |  |  |     |           |  |      830080e7                jalr    -2000(ra) # 20000f18 <csrng_testutils_fips_instantiate_kat>
200016f0:       |  |  |  |  |     |           |  |  /-- 02055a63                bgez    a0,20001724 <_ottf_main+0x3f0>
200016f4:       |  |  |  |  |     |           |  |  |   dffff517                auipc   a0,0xdffff
200016f8:       |  |  |  |  |     |           |  |  |   9ec50513                addi    a0,a0,-1556 # e0 <test_fuse_disable.kLogFields.59>
200016fc:       |  |  |  |  |     |           |  |  |   954a                    add     a0,a0,s2
200016fe:       |  |  |  |  |     |           |  |  |   00002597                auipc   a1,0x2
20001702:       |  |  |  |  |     |           |  |  |   db658813                addi    a6,a1,-586 # 200034b4 <_text_end+0x5f0>
20001706:       |  |  |  |  |     |           |  |  |   00001297                auipc   t0,0x1
2000170a:       |  |  |  |  |     |           |  |  |   750282e7                jalr    t0,1872(t0) # 20002e56 <OUTLINED_FUNCTION_0>
2000170e:       |  |  |  |  |     |           |  |  |   00001097                auipc   ra,0x1
20001712:       |  |  |  |  |     |           |  |  |   fde080e7                jalr    -34(ra) # 200026ec <base_log_internal_dv>
20001716:       |  |  |  |  |     |           |  |  |   6531                    lui     a0,0xc
20001718:       |  |  |  |  |     |           |  |  |   aad50513                addi    a0,a0,-1363 # baad <_non_volatile_scratch_size+0x6aad>
2000171c:       |  |  |  |  |     |           |  |  |   00001097                auipc   ra,0x1
20001720:       |  |  |  |  |     |           |  |  |   f46080e7                jalr    -186(ra) # 20002662 <test_status_set>
20001724:       |  |  |  |  |     |           |  |  \-> 6425                    lui     s0,0x9
20001726:       |  |  |  |  |     |           |  |      0435                    addi    s0,s0,13
20001728:       |  |  |  |  |     |        /--|--|----- a289                    j       2000186a <_ottf_main+0x536>
2000172a:       |  |  |  |  |     \--------|--|--|----> 01f57413                andi    s0,a0,31
csrng_testutils_cmd_generate_run():
/proc/self/cwd/sw/device/lib/testing/csrng_testutils.c:90
2000172e:       |  |  |  |  |              |  |  |      00002517                auipc   a0,0x2
20001732:       |  |  |  |  |              |  |  |      ab250613                addi    a2,a0,-1358 # 200031e0 <_text_end+0x31c>
20001736:       |  |  |  |  |              |  |  |      00727537                lui     a0,0x727
2000173a:       |  |  |  |  |              |  |  |      e7450593                addi    a1,a0,-396 # 726e74 <_owner_slot_b+0x696e74>
2000173e:       |  |  |  |  |              |  |  |      05a00693                li      a3,90
20001742:       |  |  |  |  |        /-----|--|--|----> 8522                    mv      a0,s0
20001744:       |  |  |  |  |        |     |  |  |      00001097                auipc   ra,0x1
20001748:       |  |  |  |  |        |     |  |  |      4a6080e7                jalr    1190(ra) # 20002bea <status_create>
2000174c:       |  |  |  |  |        |     |  |  |      b4e9a483                lw      s1,-1202(s3) # 10001fe8 <status_report_list_cnt>
20001750:       |  |  |  |  |        |     |  |  |      45a9                    li      a1,10
20001752:       |  |  |  |  |        |     |  |  |      02b4f5b3                remu    a1,s1,a1
20001756:       |  |  |  |  |        |     |  |  |      2145c5b3                sh2add  a1,a1,s4
2000175a:       |  |  |  |  |        |     |  |  |      c188                    sw      a0,0(a1)
2000175c:       |  |  |  |  |        |     |  |  |      0485                    addi    s1,s1,1
2000175e:       |  |  |  |  |        |     |  |  |      b499a723                sw      s1,-1202(s3)
csrng_testutils_kat_generate():
/proc/self/cwd/sw/device/lib/testing/csrng_testutils.c:147
20001762:       |  |  |  |  |        |     |  |  |      00002517                auipc   a0,0x2
20001766:       |  |  |  |  |        |     |  |  |      a7e50613                addi    a2,a0,-1410 # 200031e0 <_text_end+0x31c>
2000176a:       |  |  |  |  |        |     |  |  |      00727537                lui     a0,0x727
2000176e:       |  |  |  |  |        |     |  |  |      e7450593                addi    a1,a0,-396 # 726e74 <_owner_slot_b+0x696e74>
20001772:       |  |  |  |  |        |     |  |  |      09400693                li      a3,148
20001776:       |  |  |  |  |        |     |  |  |      8522                    mv      a0,s0
20001778:       |  |  |  |  |        |     |  |  |      00001097                auipc   ra,0x1
2000177c:       |  |  |  |  |        |     |  |  |      472080e7                jalr    1138(ra) # 20002bea <status_create>
20001780:       |  |  |  |  |        |  /--|--|--|----> 45a9                    li      a1,10
20001782:       |  |  |  |  |        |  |  |  |  |      02b4f5b3                remu    a1,s1,a1
20001786:       |  |  |  |  |        |  |  |  |  |      2145c5b3                sh2add  a1,a1,s4
2000178a:       |  |  |  |  |        |  |  |  |  |      c188                    sw      a0,0(a1)
2000178c:       |  |  |  |  |        |  |  |  |  |      0485                    addi    s1,s1,1
2000178e:       |  |  |  |  |        |  |  |  |  |      b499a723                sw      s1,-1202(s3)
test_fuse_enable():
/proc/self/cwd/sw/device/tests/sim_dv/csrng_fuse_en_sw_app_read.c:44
20001792:       |  |  |  |  |        |  |  |  |  \----> dffff517                auipc   a0,0xdffff
20001796:       |  |  |  |  |        |  |  |  |         92650513                addi    a0,a0,-1754 # b8 <test_fuse_enable.kLogFields.52>
2000179a:       |  |  |  |  |        |  |  |  |         954a                    add     a0,a0,s2
2000179c:       |  |  |  |  |        |  |  |  |         00002597                auipc   a1,0x2
200017a0:       |  |  |  |  |        |  |  |  |         d1858813                addi    a6,a1,-744 # 200034b4 <_text_end+0x5f0>
200017a4:       |  |  |  |  |        |  |  |  |         00001297                auipc   t0,0x1
200017a8:       |  |  |  |  |        |  |  |  |         6b2282e7                jalr    t0,1714(t0) # 20002e56 <OUTLINED_FUNCTION_0>
200017ac:       |  |  |  |  |        |  |  |  |         00001097                auipc   ra,0x1
200017b0:       |  |  |  |  |        |  |  |  |         f40080e7                jalr    -192(ra) # 200026ec <base_log_internal_dv>
200017b4:       |  |  |  |  |        |  |  |  |         6531                    lui     a0,0xc
200017b6:       |  |  |  |  |        |  |  |  |         aad50513                addi    a0,a0,-1363 # baad <_non_volatile_scratch_size+0x6aad>
200017ba:       |  |  |  |  |        |  |  |  |         00001097                auipc   ra,0x1
200017be:       |  |  |  |  |        |  |  |  |         ea8080e7                jalr    -344(ra) # 20002662 <test_status_set>
200017c2:       |  |  |  |  |        |  |  |  \-------> 40600537                lui     a0,0x40600
rstmgr_testutils_reason_clear():
/proc/self/cwd/sw/device/lib/testing/rstmgr_testutils.c:106
200017c6:       |  |  |  |  |        |  |  |            00052223                sw      zero,4(a0) # 40600004 <_non_volatile_scratch_end+0x20580004>
200017ca:       |  |  |  |  |        |  |  |            40410537                lui     a0,0x40410
200017ce:       |  |  |  |  |        |  |  |            4599                    li      a1,6
mmio_region_write32():
/proc/self/cwd/./sw/device/lib/base/mmio.h:149
200017d0:       |  |  |  |  |        |  |  |            c14c                    sw      a1,4(a0)
test_main():
/proc/self/cwd/sw/device/tests/sim_dv/csrng_fuse_en_sw_app_read.c:122
200017d2:       |  |  |  |  |        |  |  |            dffff517                auipc   a0,0xdffff
200017d6:       |  |  |  |  |        |  |  |            85a50513                addi    a0,a0,-1958 # 2c <test_main.kLogFields.14>
200017da:       |  |  |  |  |        |  |  |            954a                    add     a0,a0,s2
200017dc:       |  |  |  |  |        |  |  |            4581                    li      a1,0
200017de:       |  |  |  |  |        |  |  |            00001097                auipc   ra,0x1
200017e2:       |  |  |  |  |        |  |  |            f0e080e7                jalr    -242(ra) # 200026ec <base_log_internal_dv>
wait_for_interrupt():
/proc/self/cwd/./sw/device/lib/runtime/hart.h:29
200017e6:       |  |  |  |  |        |  |  |            10500073                wfi
report_test_status():
/proc/self/cwd/sw/device/lib/testing/test_framework/ottf_main.c:122
200017ea:       |  |  \--|--|--------|--|--|----------> dffff517                auipc   a0,0xdffff
200017ee:       |  |     |  |        |  |  |            a2250513                addi    a0,a0,-1502 # 20c <report_test_status.kLogFields.33>
200017f2:       |  |     |  |        |  |  |            954a                    add     a0,a0,s2
200017f4:       |  |     |  |        |  |  |            4581                    li      a1,0
200017f6:       |  |     |  |        |  |  |            00001097                auipc   ra,0x1
200017fa:       |  |     |  |        |  |  |            ef6080e7                jalr    -266(ra) # 200026ec <base_log_internal_dv>
/proc/self/cwd/sw/device/lib/testing/test_framework/ottf_main.c:124
200017fe:       |  |     |  |        |  |  |            b4e9a503                lw      a0,-1202(s3)
20001802:       |  |     |  |        |  |  |            4aa9                    li      s5,10
/proc/self/cwd/sw/device/lib/testing/test_framework/ottf_main.c:125
20001804:       |  |     |  |        |  |  |            0b555bb3                minu    s7,a0,s5
20001808:       |  |     |  |        |  |  |            5b7d                    li      s6,-1
2000180a:       |  |     |  |        |  |  |            dffff597                auipc   a1,0xdffff
2000180e:       |  |     |  |        |  |  |            a1658413                addi    s0,a1,-1514 # 220 <report_test_status.kLogFields.36>
20001812:       |  |     |  |        |  |  |            944a                    add     s0,s0,s2
20001814:       |  |     |  |        |  |  |            54fd                    li      s1,-1
/proc/self/cwd/sw/device/lib/testing/test_framework/ottf_main.c:129
20001816:       |  |     |  |        |  |  |     /----> 009b85b3                add     a1,s7,s1
2000181a:       |  |     |  |        |  |  |     |  /-- 03658863                beq     a1,s6,2000184a <_ottf_main+0x516>
/proc/self/cwd/sw/device/lib/testing/test_framework/ottf_main.c:131
2000181e:       |  |     |  |        |  |  |     |  |   009505b3                add     a1,a0,s1
20001822:       |  |     |  |        |  |  |     |  |   0355d5b3                divu    a1,a1,s5
20001826:       |  |     |  |        |  |  |     |  |   20b5c5b3                sh2add  a1,a1,a1
2000182a:       |  |     |  |        |  |  |     |  |   0586                    slli    a1,a1,0x1
2000182c:       |  |     |  |        |  |  |     |  |   9526                    add     a0,a0,s1
2000182e:       |  |     |  |        |  |  |     |  |   8d0d                    sub     a0,a0,a1
20001830:       |  |     |  |        |  |  |     |  |   21454533                sh2add  a0,a0,s4
20001834:       |  |     |  |        |  |  |     |  |   4110                    lw      a2,0(a0)
20001836:       |  |     |  |        |  |  |     |  |   4585                    li      a1,1
20001838:       |  |     |  |        |  |  |     |  |   8522                    mv      a0,s0
2000183a:       |  |     |  |        |  |  |     |  |   00001097                auipc   ra,0x1
2000183e:       |  |     |  |        |  |  |     |  |   eb2080e7                jalr    -334(ra) # 200026ec <base_log_internal_dv>
20001842:       |  |     |  |        |  |  |     |  |   b4e9a503                lw      a0,-1202(s3)
/proc/self/cwd/sw/device/lib/testing/test_framework/ottf_main.c:129
20001846:       |  |     |  |        |  |  |     |  |   14fd                    addi    s1,s1,-1
20001848:       |  |     |  |        |  |  |     \--|-- b7f9                    j       20001816 <_ottf_main+0x4e2>
2000184a:       |  |     |  |        |  |  |        \-> 65b1                    lui     a1,0xc
2000184c:       |  |     |  |        |  |  |            4629                    li      a2,10
2000184e:       |  |     |  |        |  |  |            aad58413                addi    s0,a1,-1363 # baad <_non_volatile_scratch_size+0x6aad>
/proc/self/cwd/sw/device/lib/testing/test_framework/ottf_main.c:134
20001852:       |  |     |  |        |  |  +----------- 00a67c63                bgeu    a2,a0,2000186a <_ottf_main+0x536>
/proc/self/cwd/sw/device/lib/testing/test_framework/ottf_main.c:135
20001856:       |  |     |  |        |  |  |            dffff517                auipc   a0,0xdffff
2000185a:       |  |     |  |        |  |  |            9de50513                addi    a0,a0,-1570 # 234 <report_test_status.kLogFields.39>
2000185e:       |  |     |  |        |  |  |            954a                    add     a0,a0,s2
20001860:       |  |     |  |        |  |  |            4581                    li      a1,0
20001862:       |  |     |  |        |  |  |            00001097                auipc   ra,0x1
20001866:       |  |     |  |        |  |  |            e8a080e7                jalr    -374(ra) # 200026ec <base_log_internal_dv>
/proc/self/cwd/sw/device/lib/testing/test_framework/ottf_main.c:143
2000186a:       |  |     |  |        |  |  \----------> 8522                    mv      a0,s0
2000186c:       |  |     |  |        |  |               00001097                auipc   ra,0x1
20001870:       |  |     |  |        |  |               df6080e7                jalr    -522(ra) # 20002662 <test_status_set>
_ottf_main():
/proc/self/cwd/sw/device/lib/testing/test_framework/ottf_main.c:207
20001874:       |  |     |  |        |  |               08010a23                sb      zero,148(sp)
20001878:       |  |     |  |        |  |               09414583                lbu     a1,148(sp)
2000187c:       |  |     |  |        |  |               4501                    li      a0,0
2000187e:       |  |     |  |        |  |           /-- e98d                    bnez    a1,200018b0 <_ottf_main+0x57c>
20001880:       |  |     |  |        |  |           |   dffff517                auipc   a0,0xdffff
20001884:       |  |     |  |        |  |           |   97850513                addi    a0,a0,-1672 # 1f8 <_ottf_main.kLogFields.28>
20001888:       |  |     |  |        |  |           |   954a                    add     a0,a0,s2
2000188a:       |  |     |  |        |  |           |   00001097                auipc   ra,0x1
2000188e:       |  |     |  |        |  |           |   e62080e7                jalr    -414(ra) # 200026ec <base_log_internal_dv>
20001892:       |  |     |  |        |  |           |   00002517                auipc   a0,0x2
20001896:       |  |     |  |        |  |           |   42d50613                addi    a2,a0,1069 # 20003cbf <_text_end+0xdfb>
2000189a:       |  |     |  |        |  |           |   006f7537                lui     a0,0x6f7
2000189e:       |  |     |  |        |  |           |   46d50593                addi    a1,a0,1133 # 6f746d <_owner_slot_b+0x66746d>
200018a2:       |  |     |  |        |  |           |   4535                    li      a0,13
200018a4:       |  |     |  |        |  |           |   0cf00693                li      a3,207
200018a8:       |  |     |  |        |  |           |   00001097                auipc   ra,0x1
200018ac:       |  |     |  |        |  |           |   342080e7                jalr    834(ra) # 20002bea <status_create>
status_err():
/proc/self/cwd/./sw/device/lib/base/status.h:243
200018b0:       |  |     |  |        |  |           \-> 00052593                slti    a1,a0,0
200018b4:       |  |     |  |        |  |               897d                    andi    a0,a0,31
_ottf_main():
/proc/self/cwd/sw/device/lib/testing/test_framework/ottf_main.c:207
200018b6:       |  |     |  |        |  |               00a03533                snez    a0,a0
200018ba:       |  |     |  |        |  |               8d6d                    and     a0,a0,a1
200018bc:       |  |     |  |        |  |           /-- c901                    beqz    a0,200018cc <_ottf_main+0x598>
200018be:       |  |     |  |        |  |           |   6531                    lui     a0,0xc
200018c0:       |  |     |  |        |  |           |   aad50513                addi    a0,a0,-1363 # baad <_non_volatile_scratch_size+0x6aad>
200018c4:       |  |     |  |        |  |           |   00001097                auipc   ra,0x1
200018c8:       |  |     |  |        |  |           |   d9e080e7                jalr    -610(ra) # 20002662 <test_status_set>
/proc/self/cwd/sw/device/lib/testing/test_framework/ottf_main.c:208
200018cc:       |  |     |  |        |  |           \-> 0208                    addi    a0,sp,256
200018ce:       |  |     |  |        |  |               01c52083                lw      ra,28(a0)
200018d2:       |  |     |  |        |  |               4d00                    lw      s0,24(a0)
200018d4:       |  |     |  |        |  |               4944                    lw      s1,20(a0)
200018d6:       |  |     |  |        |  |               01052903                lw      s2,16(a0)
200018da:       |  |     |  |        |  |               00c52983                lw      s3,12(a0)
200018de:       |  |     |  |        |  |               00852a03                lw      s4,8(a0)
200018e2:       |  |     |  |        |  |               00452a83                lw      s5,4(a0)
200018e6:       |  |     |  |        |  |               00052b03                lw      s6,0(a0)
200018ea:       |  |     |  |        |  |               5bfe                    lw      s7,252(sp)
200018ec:       |  |     |  |        |  |               5c6e                    lw      s8,248(sp)
200018ee:       |  |     |  |        |  |               5cde                    lw      s9,244(sp)
200018f0:       |  |     |  |        |  |               5d4e                    lw      s10,240(sp)
200018f2:       |  |     |  |        |  |               5dbe                    lw      s11,236(sp)
200018f4:       |  |     |  |        |  |               6115                    addi    sp,sp,288
200018f6:       |  |     |  |        |  |               8082                    ret
200018f8:       \--|-----|--|--------|--|-------------> 01f57413                andi    s0,a0,31
csrng_testutils_cmd_generate_run():
/proc/self/cwd/sw/device/lib/testing/csrng_testutils.c:85
200018fc:          |     |  |        |  |               00002517                auipc   a0,0x2
20001900:          |     |  |        |  |               8e450613                addi    a2,a0,-1820 # 200031e0 <_text_end+0x31c>
20001904:          |     |  |        |  |               00727537                lui     a0,0x727
20001908:          |     |  |        |  |               e7450593                addi    a1,a0,-396 # 726e74 <_owner_slot_b+0x696e74>
2000190c:          |     |  |        |  |               05500693                li      a3,85
20001910:          |     |  |        +--|-------------- bd0d                    j       20001742 <_ottf_main+0x40e>
20001912:          \-----|--|--------|--|-------------> 01f57413                andi    s0,a0,31
/proc/self/cwd/sw/device/lib/testing/csrng_testutils.c:86
20001916:                |  |        |  |               00002517                auipc   a0,0x2
2000191a:                |  |        |  |               8ca50613                addi    a2,a0,-1846 # 200031e0 <_text_end+0x31c>
2000191e:                |  |        |  |               00727537                lui     a0,0x727
20001922:                |  |        |  |               e7450593                addi    a1,a0,-396 # 726e74 <_owner_slot_b+0x696e74>
20001926:                |  |        |  |               05600693                li      a3,86
2000192a:                |  |        +--|-------------- bd21                    j       20001742 <_ottf_main+0x40e>
2000192c:                \--|--------|--|-------------> 01f57413                andi    s0,a0,31
/proc/self/cwd/sw/device/lib/testing/csrng_testutils.c:93
20001930:                   |        |  |               00002517                auipc   a0,0x2
20001934:                   |        |  |               8b050613                addi    a2,a0,-1872 # 200031e0 <_text_end+0x31c>
20001938:                   |        |  |               00727537                lui     a0,0x727
2000193c:                   |        |  |               e7450593                addi    a1,a0,-396 # 726e74 <_owner_slot_b+0x696e74>
20001940:                   |        |  |               05d00693                li      a3,93
20001944:                   |        \--|-------------- bbfd                    j       20001742 <_ottf_main+0x40e>
20001946:                   \-----------|-------------> 897d                    andi    a0,a0,31
csrng_testutils_kat_generate():
/proc/self/cwd/sw/device/lib/testing/csrng_testutils.c:152
20001948:                               |               00002597                auipc   a1,0x2
2000194c:                               |               89858613                addi    a2,a1,-1896 # 200031e0 <_text_end+0x31c>
20001950:                               |               09800693                li      a3,152
20001954:                               |               85a2                    mv      a1,s0
20001956:                               |               00001097                auipc   ra,0x1
2000195a:                               |               294080e7                jalr    660(ra) # 20002bea <status_create>
status_report():
/proc/self/cwd/sw/device/lib/testing/test_framework/ottf_main.c:103
2000195e:                               |               b4e9a483                lw      s1,-1202(s3)
20001962:                               \-------------- bd39                    j       20001780 <_ottf_main+0x44c>

20001964 <vApplicationStackOverflowHook>:
vApplicationStackOverflowHook():
/proc/self/cwd/sw/device/lib/testing/test_framework/freertos_hooks.c:29
20001964:       1141                    addi    sp,sp,-16
20001966:       c606                    sw      ra,12(sp)
20001968:       862a                    mv      a2,a0
/proc/self/cwd/sw/device/lib/testing/test_framework/freertos_hooks.c:30
2000196a:       e000e517                auipc   a0,0xe000e
2000196e:       69650513                addi    a0,a0,1686 # 10000 <_dv_log_offset>
20001972:       dffff597                auipc   a1,0xdffff
20001976:       8d658593                addi    a1,a1,-1834 # 248 <vApplicationStackOverflowHook.kLogFields>
2000197a:       952e                    add     a0,a0,a1
2000197c:       4585                    li      a1,1
2000197e:       00001097                auipc   ra,0x1
20001982:       d6e080e7                jalr    -658(ra) # 200026ec <base_log_internal_dv>
20001986:       4521                    li      a0,8
irq_global_ctrl():
/proc/self/cwd/sw/device/lib/runtime/irq.c:21
20001988:       30053073                csrc    mstatus,a0
vApplicationStackOverflowHook():
/proc/self/cwd/sw/device/lib/testing/test_framework/freertos_hooks.c:33
2000198c:       00001097                auipc   ra,0x1
20001990:       4c4080e7                jalr    1220(ra) # 20002e50 <abort>

20001994 <ottf_generic_fault_print>:
ottf_generic_fault_print():
/proc/self/cwd/sw/device/lib/testing/test_framework/ottf_isrs.c:69
20001994:                    00001297           auipc   t0,0x1
20001998:                    4f2282e7           jalr    t0,1266(t0) # 20002e86 <OUTLINED_FUNCTION_3>
ibex_mepc_read():
/proc/self/cwd/sw/device/lib/runtime/ibex.c:23
2000199c:                    c06a                       sw      s10,0(sp)
2000199e:                    34102973           csrr    s2,mepc
ibex_mtval_read():
/proc/self/cwd/sw/device/lib/runtime/ibex.c:17
200019a2:                    343029f3           csrr    s3,mtval
200019a6:                    8a32                       mv      s4,a2
200019a8:                    8aae                       mv      s5,a1
ottf_generic_fault_print():
/proc/self/cwd/sw/device/lib/testing/test_framework/ottf_isrs.c:73
200019aa:       /----------- c971                       beqz    a0,20001a7e <ottf_generic_fault_print+0xea>
200019ac:       |            8b2a                       mv      s6,a0
/proc/self/cwd/sw/device/lib/testing/test_framework/ottf_isrs.c:74
200019ae:       |            00001517           auipc   a0,0x1
200019b2:       |            7dd50513           addi    a0,a0,2013 # 2000318b <_text_end+0x2c7>
200019b6:       |            85da                       mv      a1,s6
200019b8:       |            00001097           auipc   ra,0x1
200019bc:       |            d6a080e7           jalr    -662(ra) # 20002722 <base_printf>
200019c0:       |            4481                       li      s1,0
200019c2:       |            00002517           auipc   a0,0x2
200019c6:       |            4aa50d13           addi    s10,a0,1194 # 20003e6c <exc_frame>
200019ca:       |            4cf9                       li      s9,30
200019cc:       |            00002517           auipc   a0,0x2
200019d0:       |            1bf50b93           addi    s7,a0,447 # 20003b8b <_text_end+0xcc7>
200019d4:       |            00001517           auipc   a0,0x1
200019d8:       |            7da50c13           addi    s8,a0,2010 # 200031ae <_text_end+0x2ea>
200019dc:       |            845a                       mv      s0,s6
/proc/self/cwd/sw/device/lib/testing/test_framework/ottf_isrs.c:75
200019de:       |  /-------- 03948763           beq     s1,s9,20001a0c <ottf_generic_fault_print+0x78>
/proc/self/cwd/sw/device/lib/testing/test_framework/ottf_isrs.c:76
200019e2:       |  |  /----> 0034f513           andi    a0,s1,3
200019e6:       |  |  |  /-- e511                       bnez    a0,200019f2 <ottf_generic_fault_print+0x5e>
/proc/self/cwd/sw/device/lib/testing/test_framework/ottf_isrs.c:77
200019e8:       |  |  |  |   855e                       mv      a0,s7
200019ea:       |  |  |  |   00001097           auipc   ra,0x1
200019ee:       |  |  |  |   d38080e7           jalr    -712(ra) # 20002722 <base_printf>
/proc/self/cwd/sw/device/lib/testing/test_framework/ottf_isrs.c:79
200019f2:       |  |  |  \-> 000d2583           lw      a1,0(s10)
/proc/self/cwd/sw/device/lib/testing/test_framework/ottf_isrs.c:82
200019f6:       |  |  |      4010                       lw      a2,0(s0)
200019f8:       |  |  |      8562                       mv      a0,s8
200019fa:       |  |  |      00001097           auipc   ra,0x1
200019fe:       |  |  |      d28080e7           jalr    -728(ra) # 20002722 <base_printf>
/proc/self/cwd/sw/device/lib/testing/test_framework/ottf_isrs.c:75
20001a02:       |  |  |      0485                       addi    s1,s1,1
20001a04:       |  |  |      0d11                       addi    s10,s10,4
20001a06:       |  |  |      0411                       addi    s0,s0,4
20001a08:       |  |  \----- fd949de3           bne     s1,s9,200019e2 <ottf_generic_fault_print+0x4e>
/proc/self/cwd/sw/device/lib/testing/test_framework/ottf_isrs.c:84
20001a0c:       |  \-------> 078b0493           addi    s1,s6,120
/proc/self/cwd/sw/device/lib/testing/test_framework/ottf_isrs.c:85
20001a10:       |            00002517           auipc   a0,0x2
20001a14:       |            17b50513           addi    a0,a0,379 # 20003b8b <_text_end+0xcc7>
20001a18:       |            00001097           auipc   ra,0x1
20001a1c:       |            d0a080e7           jalr    -758(ra) # 20002722 <base_printf>
/proc/self/cwd/sw/device/lib/testing/test_framework/ottf_isrs.c:96
20001a20:       |            00002517           auipc   a0,0x2
20001a24:       |            cfd50513           addi    a0,a0,-771 # 2000371d <_text_end+0x859>
20001a28:       |            00001097           auipc   ra,0x1
20001a2c:       |            cfa080e7           jalr    -774(ra) # 20002722 <base_printf>
20001a30:       |            01c4d513           srli    a0,s1,0x1c
20001a34:       |            00a03c33           snez    s8,a0
20001a38:       |            10020bb7           lui     s7,0x10020
20001a3c:       |            fffff517           auipc   a0,0xfffff
20001a40:       |            9c450c93           addi    s9,a0,-1596 # 20000400 <_ottf_interrupt_vector>
20001a44:       |            00001517           auipc   a0,0x1
20001a48:       |            48050413           addi    s0,a0,1152 # 20002ec4 <_text_end>
20001a4c:       |            00002517           auipc   a0,0x2
20001a50:       |            06f50b13           addi    s6,a0,111 # 20003abb <_text_end+0xbf7>
/proc/self/cwd/sw/device/lib/testing/test_framework/ottf_isrs.c:97
20001a54:       |     /----> 0174b533           sltu    a0,s1,s7
20001a58:       |     |      00ac7533           and     a0,s8,a0
20001a5c:       +-----|----- c10d                       beqz    a0,20001a7e <ottf_generic_fault_print+0xea>
/proc/self/cwd/sw/device/lib/testing/test_framework/ottf_isrs.c:98
20001a5e:       |     |      408c                       lw      a1,0(s1)
/proc/self/cwd/sw/device/lib/testing/test_framework/ottf_isrs.c:99
20001a60:       |     |      0195b533           sltu    a0,a1,s9
20001a64:       |     |      0085b633           sltu    a2,a1,s0
20001a68:       |     |      00164613           xori    a2,a2,1
20001a6c:       |     |      8d51                       or      a0,a0,a2
20001a6e:       |     |  /-- e511                       bnez    a0,20001a7a <ottf_generic_fault_print+0xe6>
/proc/self/cwd/sw/device/lib/testing/test_framework/ottf_isrs.c:100
20001a70:       |     |  |   855a                       mv      a0,s6
20001a72:       |     |  |   00001097           auipc   ra,0x1
20001a76:       |     |  |   cb0080e7           jalr    -848(ra) # 20002722 <base_printf>
/proc/self/cwd/sw/device/lib/testing/test_framework/ottf_isrs.c:97
20001a7a:       |     |  \-> 0491                       addi    s1,s1,4
20001a7c:       |     \----- bfe1                       j       20001a54 <ottf_generic_fault_print+0xc0>
/proc/self/cwd/sw/device/lib/testing/test_framework/ottf_isrs.c:104
20001a7e:       \----------> e000e517           auipc   a0,0xe000e
20001a82:                    58250513           addi    a0,a0,1410 # 10000 <_dv_log_offset>
20001a86:                    dfffe597           auipc   a1,0xdfffe
20001a8a:                    7d658593           addi    a1,a1,2006 # 25c <ottf_generic_fault_print.kLogFields>
20001a8e:                    952e                       add     a0,a0,a1
20001a90:                    4591                       li      a1,4
20001a92:                    8656                       mv      a2,s5
20001a94:                    86d2                       mv      a3,s4
20001a96:                    874a                       mv      a4,s2
20001a98:                    87ce                       mv      a5,s3
20001a9a:                    00001297           auipc   t0,0x1
20001a9e:                    412282e7           jalr    t0,1042(t0) # 20002eac <OUTLINED_FUNCTION_5>
20001aa2:                    4d02                       lw      s10,0(sp)
20001aa4:                    6145                       addi    sp,sp,48
20001aa6:                    00001317           auipc   t1,0x1
20001aaa:                    c4630067           jr      -954(t1) # 200026ec <base_log_internal_dv>

20001aae <ottf_exception_handler>:
ibex_mcause_read():
/proc/self/cwd/sw/device/lib/runtime/ibex.c:11
20001aae:                 342025f3              csrr    a1,mcause
ottf_exception_handler():
/proc/self/cwd/sw/device/lib/testing/test_framework/ottf_isrs.c:128
20001ab2:                 89fd                  andi    a1,a1,31
20001ab4:                 462d                  li      a2,11
20001ab6:       /-------- 0ab66263              bltu    a2,a1,20001b5a <ottf_exception_handler+0xac>
20001aba:       |         00001617              auipc   a2,0x1
20001abe:       |         40a60613              addi    a2,a2,1034 # 20002ec4 <_text_end>
20001ac2:       |         20c5c5b3              sh2add  a1,a1,a2
20001ac6:       |         418c                  lw      a1,0(a1)
20001ac8:       |         8582                  jr      a1
ottf_machine_ecall_handler():
/proc/self/cwd/sw/device/lib/testing/test_framework/ottf_main.c:55
20001aca:       |         f0000517              auipc   a0,0xf0000
20001ace:       |         52252583              lw      a1,1314(a0) # 10001fec <pxCurrentTCB>
20001ad2:       |     /-- cd81                  beqz    a1,20001aea <ottf_exception_handler+0x3c>
vTaskSwitchContext():
/proc/self/cwd/external/+freertos+freertos/tasks.c:3016
20001ad4:       |     |   f0000597              auipc   a1,0xf0000
20001ad8:       |     |   5205a583              lw      a1,1312(a1) # 10001ff4 <uxSchedulerSuspended>
20001adc:       |  /--|-- c58d                  beqz    a1,20001b06 <ottf_exception_handler+0x58>
/proc/self/cwd/external/+freertos+freertos/tasks.c:3020
20001ade:       |  |  |   f0000517              auipc   a0,0xf0000
20001ae2:       |  |  |   4585                  li      a1,1
20001ae4:       |  |  |   50b52d23              sw      a1,1306(a0) # 10001ff8 <xYieldPending>
ottf_exception_handler():
/proc/self/cwd/sw/device/lib/testing/test_framework/ottf_isrs.c:156
20001ae8:       |  |  |   8082                  ret
ottf_machine_ecall_handler():
/proc/self/cwd/sw/device/lib/testing/test_framework/ottf_main.c:62
20001aea:       |  |  \-> e000e517              auipc   a0,0xe000e
20001aee:       |  |      51650513              addi    a0,a0,1302 # 10000 <_dv_log_offset>
20001af2:       |  |      dfffe597              auipc   a1,0xdfffe
20001af6:       |  |      6ca58593              addi    a1,a1,1738 # 1bc <ottf_machine_ecall_handler.kLogFields>
20001afa:       |  |      952e                  add     a0,a0,a1
20001afc:       |  |      4581                  li      a1,0
20001afe:       |  |      00001317              auipc   t1,0x1
20001b02:       |  |      bee30067              jr      -1042(t1) # 200026ec <base_log_internal_dv>
vTaskSwitchContext():
/proc/self/cwd/external/+freertos+freertos/tasks.c:3024
20001b06:       |  \----> f0000597              auipc   a1,0xf0000
20001b0a:       |         4e05a923              sw      zero,1266(a1) # 10001ff8 <xYieldPending>
/proc/self/cwd/external/+freertos+freertos/tasks.c:3056
20001b0e:       |         52252583              lw      a1,1314(a0)
20001b12:       |         418c                  lw      a1,0(a1)
20001b14:       |         52252603              lw      a2,1314(a0)
20001b18:       |         5a10                  lw      a2,48(a2)
20001b1a:       |  /----- 04b67463              bgeu    a2,a1,20001b62 <ottf_exception_handler+0xb4>
/proc/self/cwd/external/+freertos+freertos/tasks.c:3067
20001b1e:       |  |      f0000597              auipc   a1,0xf0000
20001b22:       |  |      4d25a583              lw      a1,1234(a1) # 10001ff0 <uxTopReadyPriority>
20001b26:       |  |      60059593              clz     a1,a1
20001b2a:       |  |      01f5c593              xori    a1,a1,31
20001b2e:       |  |      20b5c5b3              sh2add  a1,a1,a1
20001b32:       |  |      f0000617              auipc   a2,0xf0000
20001b36:       |  |      4fa60613              addi    a2,a2,1274 # 1000202c <pxReadyTasksLists>
20001b3a:       |  |      20c5c633              sh2add  a2,a1,a2
20001b3e:       |  |      424c                  lw      a1,4(a2)
20001b40:       |  |      41cc                  lw      a1,4(a1)
20001b42:       |  |      00860693              addi    a3,a2,8
20001b46:       |  |      c24c                  sw      a1,4(a2)
20001b48:       |  |  /-- 00d59563              bne     a1,a3,20001b52 <ottf_exception_handler+0xa4>
20001b4c:       |  |  |   41cc                  lw      a1,4(a1)
20001b4e:       |  |  |   0611                  addi    a2,a2,4
20001b50:       |  |  |   c20c                  sw      a1,0(a2)
20001b52:       |  |  \-> 45cc                  lw      a1,12(a1)
20001b54:       |  |      52b52123              sw      a1,1314(a0)
ottf_exception_handler():
/proc/self/cwd/sw/device/lib/testing/test_framework/ottf_isrs.c:156
20001b58:       |  |      8082                  ret
20001b5a:       \--|----> 00000097              auipc   ra,0x0
20001b5e:          |      01c080e7              jalr    28(ra) # 20001b76 <generic_fault_handler>
vTaskSwitchContext():
/proc/self/cwd/external/+freertos+freertos/tasks.c:3056
20001b62:          \----> 52252583              lw      a1,1314(a0)
20001b66:                 52252503              lw      a0,1314(a0)
20001b6a:                 03450513              addi    a0,a0,52
20001b6e:                 00000097              auipc   ra,0x0
20001b72:                 df6080e7              jalr    -522(ra) # 20001964 <vApplicationStackOverflowHook>

20001b76 <generic_fault_handler>:
generic_fault_handler():
/proc/self/cwd/sw/device/lib/testing/test_framework/ottf_isrs.c:108
20001b76:       1141                    addi    sp,sp,-16
ibex_mcause_read():
/proc/self/cwd/sw/device/lib/runtime/ibex.c:11
20001b78:       c606                    sw      ra,12(sp)
20001b7a:       34202673                csrr    a2,mcause
generic_fault_handler():
/proc/self/cwd/sw/device/lib/testing/test_framework/ottf_isrs.c:110
20001b7e:       01f67593                andi    a1,a2,31
20001b82:       00002697                auipc   a3,0x2
20001b86:       36268693                addi    a3,a3,866 # 20003ee4 <exception_reason>
20001b8a:       20d5c5b3                sh2add  a1,a1,a3
20001b8e:       418c                    lw      a1,0(a1)
20001b90:       00000097                auipc   ra,0x0
20001b94:       e04080e7                jalr    -508(ra) # 20001994 <ottf_generic_fault_print>
/proc/self/cwd/sw/device/lib/testing/test_framework/ottf_isrs.c:112
20001b98:       00001097                auipc   ra,0x1
20001b9c:       2b8080e7                jalr    696(ra) # 20002e50 <abort>

20001ba0 <ottf_software_isr>:
ottf_software_isr():
/proc/self/cwd/sw/device/lib/testing/test_framework/ottf_isrs.c:187
20001ba0:       1141                    addi    sp,sp,-16
ibex_mcause_read():
/proc/self/cwd/sw/device/lib/runtime/ibex.c:11
20001ba2:       c606                    sw      ra,12(sp)
20001ba4:       34202673                csrr    a2,mcause
ottf_software_isr():
/proc/self/cwd/sw/device/lib/testing/test_framework/ottf_isrs.c:188
20001ba8:       00002597                auipc   a1,0x2
20001bac:       b8d58593                addi    a1,a1,-1139 # 20003735 <_text_end+0x871>
20001bb0:       00000097                auipc   ra,0x0
20001bb4:       de4080e7                jalr    -540(ra) # 20001994 <ottf_generic_fault_print>
/proc/self/cwd/sw/device/lib/testing/test_framework/ottf_isrs.c:189
20001bb8:       00001097                auipc   ra,0x1
20001bbc:       298080e7                jalr    664(ra) # 20002e50 <abort>

20001bc0 <ottf_timer_isr>:
ottf_timer_isr():
/proc/self/cwd/sw/device/lib/testing/test_framework/ottf_isrs.c:193
20001bc0:       1141                    addi    sp,sp,-16
ibex_mcause_read():
/proc/self/cwd/sw/device/lib/runtime/ibex.c:11
20001bc2:       c606                    sw      ra,12(sp)
20001bc4:       34202673                csrr    a2,mcause
ottf_timer_isr():
/proc/self/cwd/sw/device/lib/testing/test_framework/ottf_isrs.c:194
20001bc8:       00002597                auipc   a1,0x2
20001bcc:       12858593                addi    a1,a1,296 # 20003cf0 <_text_end+0xe2c>
20001bd0:       00000097                auipc   ra,0x0
20001bd4:       dc4080e7                jalr    -572(ra) # 20001994 <ottf_generic_fault_print>
/proc/self/cwd/sw/device/lib/testing/test_framework/ottf_isrs.c:195
20001bd8:       00001097                auipc   ra,0x1
20001bdc:       278080e7                jalr    632(ra) # 20002e50 <abort>

20001be0 <ottf_external_isr>:
ottf_external_isr():
/proc/self/cwd/sw/device/lib/testing/test_framework/ottf_isrs.c:202
20001be0:                             00001297                  auipc   t0,0x1
20001be4:                             2a6282e7                  jalr    t0,678(t0) # 20002e86 <OUTLINED_FUNCTION_3>
20001be8:                             482005b7                  lui     a1,0x48200
mmio_region_read32():
/proc/self/cwd/./sw/device/lib/base/mmio.h:96
20001bec:                             41d0                      lw      a2,4(a1)
20001bee:                             0b900593                  li      a1,185
20001bf2:                             842a                      mv      s0,a0
dt_plic_id_to_instance_id():
/proc/self/cwd/bazel-out/k8-fastbuild-ST-1df456420242/bin/hw/top/dt/api.c:212
20001bf4:          /----------------- 0cc5ec63                  bltu    a1,a2,20001ccc <ottf_external_isr+0xec>
ottf_alerts_should_handle_irq():
/proc/self/cwd/sw/device/lib/testing/test_framework/ottf_alerts.c:115
20001bf8:          |                  f8160513                  addi    a0,a2,-127
20001bfc:          |                  468d                      li      a3,3
20001bfe:          |  /-------------- 0ca6e963                  bltu    a3,a0,20001cd0 <ottf_external_isr+0xf0>
ottf_external_isr():
/proc/self/cwd/sw/device/lib/testing/test_framework/ottf_isrs.c:219
20001c02:          |  |               f7e60513                  addi    a0,a2,-130
20001c06:       /--|--|-------------- ed61                      bnez    a0,20001cde <ottf_external_isr+0xfe>
20001c08:       |  |  |               4401                      li      s0,0
20001c0a:       |  |  |               4c01                      li      s8,0
20001c0c:       |  |  |               f0000497                  auipc   s1,0xf0000
20001c10:       |  |  |               f0000517                  auipc   a0,0xf0000
20001c14:       |  |  |               48050b13                  addi    s6,a0,1152 # 10002090 <alert_expected>
20001c18:       |  |  |               04100b93                  li      s7,65
20001c1c:       |  |  |               f0000a17                  auipc   s4,0xf0000
20001c20:       |  |  |               f0000517                  auipc   a0,0xf0000
20001c24:       |  |  |               48050c93                  addi    s9,a0,1152 # 100020a0 <alert_caught>
20001c28:       |  |  |               e000e517                  auipc   a0,0xe000e
20001c2c:       |  |  |               3d850a93                  addi    s5,a0,984 # 10000 <_dv_log_offset>
20001c30:       |  |  |               dfffe517                  auipc   a0,0xdfffe
20001c34:       |  |  |               65450913                  addi    s2,a0,1620 # 284 <ottf_alert_isr.kLogFields>
20001c38:       |  |  |               9956                      add     s2,s2,s5
20001c3a:       |  |  |               6531                      lui     a0,0xc
20001c3c:       |  |  |               aad50993                  addi    s3,a0,-1363 # baad <_non_volatile_scratch_size+0x6aad>
ottf_alert_isr():
/proc/self/cwd/sw/device/lib/testing/test_framework/ottf_alerts.c:136
20001c40:       |  |  |  /----------> 3f44a503                  lw      a0,1012(s1) # 10002000 <alert_expected_cnt>
20001c44:       |  |  |  |  /-------- 04a47d63                  bgeu    s0,a0,20001c9e <ottf_external_isr+0xbe>
/proc/self/cwd/sw/device/lib/testing/test_framework/ottf_alerts.c:138
20001c48:       |  |  |  |  |         008b0533                  add     a0,s6,s0
20001c4c:       |  |  |  |  |         00054503                  lbu     a0,0(a0)
dif_alert_handler_alert_is_cause():
/proc/self/cwd/sw/device/lib/dif/dif_alert_handler.c:692
20001c50:       |  |  |  |  |     /-- 03757963                  bgeu    a0,s7,20001c82 <ottf_external_isr+0xa2>
/proc/self/cwd/sw/device/lib/dif/dif_alert_handler.c:699
20001c54:       |  |  |  |  |     |   3e0a2583                  lw      a1,992(s4) # 10001ffc <ottf_alert_handler.0>
mmio_region_read32():
/proc/self/cwd/./sw/device/lib/base/mmio.h:96
20001c58:       |  |  |  |  |     |   20b545b3                  sh2add  a1,a0,a1
20001c5c:       |  |  |  |  |     |   3245a583                  lw      a1,804(a1) # 48200324 <_non_volatile_scratch_end+0x28180324>
ottf_alert_isr():
/proc/self/cwd/sw/device/lib/testing/test_framework/ottf_alerts.c:144
20001c60:       |  |  |  |  |  /--|-- cd8d                      beqz    a1,20001c9a <ottf_external_isr+0xba>
dif_alert_handler_alert_acknowledge():
/proc/self/cwd/sw/device/lib/dif/dif_alert_handler.c:712
20001c62:       |  |  |  |  |  |  |   3e0a2583                  lw      a1,992(s4)
mmio_region_write32():
/proc/self/cwd/./sw/device/lib/base/mmio.h:149
20001c66:       |  |  |  |  |  |  |   20b545b3                  sh2add  a1,a0,a1
20001c6a:       |  |  |  |  |  |  |   4c05                      li      s8,1
20001c6c:       |  |  |  |  |  |  |   3385a223                  sw      s8,804(a1)
ottf_alert_isr():
/proc/self/cwd/sw/device/lib/testing/test_framework/ottf_alerts.c:147
20001c70:       |  |  |  |  |  |  |   00355593                  srli    a1,a0,0x3
20001c74:       |  |  |  |  |  |  |   89f1                      andi    a1,a1,28
20001c76:       |  |  |  |  |  |  |   95e6                      add     a1,a1,s9
20001c78:       |  |  |  |  |  |  |   4190                      lw      a2,0(a1)
20001c7a:       |  |  |  |  |  |  |   28a61533                  bset    a0,a2,a0
20001c7e:       |  |  |  |  |  |  |   c188                      sw      a0,0(a1)
20001c80:       |  |  |  |  |  +--|-- a829                      j       20001c9a <ottf_external_isr+0xba>
/proc/self/cwd/sw/device/lib/testing/test_framework/ottf_alerts.c:141
20001c82:       |  |  |  |  |  |  \-> 4585                      li      a1,1
20001c84:       |  |  |  |  |  |      460d                      li      a2,3
20001c86:       |  |  |  |  |  |      854a                      mv      a0,s2
20001c88:       |  |  |  |  |  |      00001097                  auipc   ra,0x1
20001c8c:       |  |  |  |  |  |      a64080e7                  jalr    -1436(ra) # 200026ec <base_log_internal_dv>
20001c90:       |  |  |  |  |  |      854e                      mv      a0,s3
20001c92:       |  |  |  |  |  |      00001097                  auipc   ra,0x1
20001c96:       |  |  |  |  |  |      9d0080e7                  jalr    -1584(ra) # 20002662 <test_status_set>
/proc/self/cwd/sw/device/lib/testing/test_framework/ottf_alerts.c:136
20001c9a:       |  |  |  |  |  \----> 0405                      addi    s0,s0,1
20001c9c:       |  |  |  \--|-------- b755                      j       20001c40 <ottf_external_isr+0x60>
/proc/self/cwd/sw/device/lib/testing/test_framework/ottf_alerts.c:152
20001c9e:       |  |  |     \-------> 001c7513                  andi    a0,s8,1
20001ca2:       |  |  |           /-- c93d                      beqz    a0,20001d18 <ottf_external_isr+0x138>
20001ca4:       |  |  |           |   40150537                  lui     a0,0x40150
20001ca8:       |  |  |           |   4585                      li      a1,1
mmio_region_write32_shadowed():
/proc/self/cwd/./sw/device/lib/base/mmio.h:166
20001caa:       |  |  |           |   54b52623                  sw      a1,1356(a0) # 4015054c <_non_volatile_scratch_end+0x200d054c>
/proc/self/cwd/./sw/device/lib/base/mmio.h:168
20001cae:       |  |  |           |   54b52623                  sw      a1,1356(a0)
20001cb2:       |  |  |           |   45a1                      li      a1,8
mmio_region_write32():
/proc/self/cwd/./sw/device/lib/base/mmio.h:149
20001cb4:       |  |  |           |   c10c                      sw      a1,0(a0)
20001cb6:       |  |  |           |   48200537                  lui     a0,0x48200
20001cba:       |  |  |           |   08200593                  li      a1,130
20001cbe:       |  |  |           |   c14c                      sw      a1,4(a0)
20001cc0:       |  |  |           |   00001297                  auipc   t0,0x1
20001cc4:       |  |  |           |   1ec282e7                  jalr    t0,492(t0) # 20002eac <OUTLINED_FUNCTION_5>
ottf_external_isr():
/proc/self/cwd/sw/device/lib/testing/test_framework/ottf_isrs.c:231
20001cc8:       |  |  |           |   6145                      addi    sp,sp,48
20001cca:       |  |  |           |   8082                      ret
20001ccc:       |  \--|-----------|-> 4681                      li      a3,0
20001cce:       +-----|-----------|-- a801                      j       20001cde <ottf_external_isr+0xfe>
20001cd0:       |     \-----------|-> 00002517                  auipc   a0,0x2
20001cd4:       |                 |   36050513                  addi    a0,a0,864 # 20004030 <instance_from_irq>
20001cd8:       |                 |   20a64533                  sh2add  a0,a2,a0
20001cdc:       |                 |   4114                      lw      a3,0(a0)
/proc/self/cwd/sw/device/lib/testing/test_framework/ottf_isrs.c:228
20001cde:       \-----------------|-> e000e517                  auipc   a0,0xe000e
20001ce2:                         |   32250513                  addi    a0,a0,802 # 10000 <_dv_log_offset>
20001ce6:                         |   dfffe597                  auipc   a1,0xdfffe
20001cea:                         |   58a58593                  addi    a1,a1,1418 # 270 <ottf_external_isr.kLogFields.15>
20001cee:                         |   952e                      add     a0,a0,a1
20001cf0:                         |   4589                      li      a1,2
20001cf2:                         |   00001097                  auipc   ra,0x1
20001cf6:                         |   9fa080e7                  jalr    -1542(ra) # 200026ec <base_log_internal_dv>
ibex_mcause_read():
/proc/self/cwd/sw/device/lib/runtime/ibex.c:11
20001cfa:                         |   34202673                  csrr    a2,mcause
ottf_external_isr():
/proc/self/cwd/sw/device/lib/testing/test_framework/ottf_isrs.c:229
20001cfe:                         |   00002517                  auipc   a0,0x2
20001d02:                         |   dc750593                  addi    a1,a0,-569 # 20003ac5 <_text_end+0xc01>
20001d06:                         |   8522                      mv      a0,s0
20001d08:                         |   00000097                  auipc   ra,0x0
20001d0c:                         |   c8c080e7                  jalr    -884(ra) # 20001994 <ottf_generic_fault_print>
/proc/self/cwd/sw/device/lib/testing/test_framework/ottf_isrs.c:230
20001d10:                         |   00001097                  auipc   ra,0x1
20001d14:                         |   140080e7                  jalr    320(ra) # 20002e50 <abort>
20001d18:                         \-> 4981                      li      s3,0
20001d1a:                             dfffe517                  auipc   a0,0xdfffe
20001d1e:                             57e50913                  addi    s2,a0,1406 # 298 <ottf_alert_isr.kLogFields.7>
20001d22:                             9956                      add     s2,s2,s5
ottf_alert_isr():
/proc/self/cwd/sw/device/lib/testing/test_framework/ottf_alerts.c:155
20001d24:                /----------> fbf98513                  addi    a0,s3,-65
20001d28:                |  /-------- cd15                      beqz    a0,20001d64 <ottf_external_isr+0x184>
dif_alert_handler_alert_is_cause():
/proc/self/cwd/sw/device/lib/dif/dif_alert_handler.c:699
20001d2a:                |  |         3e0a2503                  lw      a0,992(s4)
mmio_region_read32():
/proc/self/cwd/./sw/device/lib/base/mmio.h:96
20001d2e:                |  |         20a9c533                  sh2add  a0,s3,a0
20001d32:                |  |         32452503                  lw      a0,804(a0)
20001d36:                |  |         4581                      li      a1,0
ottf_alert_isr():
/proc/self/cwd/sw/device/lib/testing/test_framework/ottf_alerts.c:164
20001d38:                |  |     /-> 3f44a603                  lw      a2,1012(s1)
20001d3c:                |  |  /--|-- 00c5fa63                  bgeu    a1,a2,20001d50 <ottf_external_isr+0x170>
/proc/self/cwd/sw/device/lib/testing/test_framework/ottf_alerts.c:165
20001d40:                |  |  |  |   00bb0633                  add     a2,s6,a1
20001d44:                |  |  |  |   00064603                  lbu     a2,0(a2)
/proc/self/cwd/sw/device/lib/testing/test_framework/ottf_alerts.c:164
20001d48:                |  |  |  |   0585                      addi    a1,a1,1
/proc/self/cwd/sw/device/lib/testing/test_framework/ottf_alerts.c:165
20001d4a:                |  |  |  \-- fec997e3                  bne     s3,a2,20001d38 <ottf_external_isr+0x158>
20001d4e:                |  |  |  /-- a809                      j       20001d60 <ottf_external_isr+0x180>
/proc/self/cwd/sw/device/lib/testing/test_framework/ottf_alerts.c:171
20001d50:                |  |  \--+-X c901                      beqz    a0,20001d60 <ottf_external_isr+0x180>
/proc/self/cwd/sw/device/lib/testing/test_framework/ottf_alerts.c:172
20001d52:                |  |     |   4585                      li      a1,1
20001d54:                |  |     |   854a                      mv      a0,s2
20001d56:                |  |     |   864e                      mv      a2,s3
20001d58:                |  |     |   00001097                  auipc   ra,0x1
20001d5c:                |  |     |   994080e7                  jalr    -1644(ra) # 200026ec <base_log_internal_dv>
/proc/self/cwd/sw/device/lib/testing/test_framework/ottf_alerts.c:156
20001d60:                |  |     \-> 0985                      addi    s3,s3,1
20001d62:                \--|-------- b7c9                      j       20001d24 <ottf_external_isr+0x144>
20001d64:                   \-------> 6531                      lui     a0,0xc
20001d66:                             aad50513                  addi    a0,a0,-1363 # baad <_non_volatile_scratch_size+0x6aad>
/proc/self/cwd/sw/device/lib/testing/test_framework/ottf_alerts.c:176
20001d6a:                             00001097                  auipc   ra,0x1
20001d6e:                             8f8080e7                  jalr    -1800(ra) # 20002662 <test_status_set>
/proc/self/cwd/sw/device/lib/testing/test_framework/ottf_alerts.c:177
20001d72:                             00001097                  auipc   ra,0x1
20001d76:                             0de080e7                  jalr    222(ra) # 20002e50 <abort>

20001d7a <ottf_internal_isr>:
ibex_mcause_read():
/proc/self/cwd/sw/device/lib/runtime/ibex.c:11
20001d7a:           342025f3            csrr    a1,mcause
20001d7e:           80000637            lui     a2,0x80000
20001d82:           067d                        addi    a2,a2,31
ottf_internal_isr():
/proc/self/cwd/sw/device/lib/testing/test_framework/ottf_isrs.c:258
20001d84:       /-- 00c58363            beq     a1,a2,20001d8a <ottf_internal_isr+0x10>
20001d88:       |   5601                        li      a2,-32
20001d8a:       \-> 00000097            auipc   ra,0x0
20001d8e:           008080e7            jalr    8(ra) # 20001d92 <generic_internal_irq_handler>

20001d92 <generic_internal_irq_handler>:
generic_internal_irq_handler():
/proc/self/cwd/sw/device/lib/testing/test_framework/ottf_isrs.c:233
20001d92:       1141                    addi    sp,sp,-16
ibex_mcause_read():
/proc/self/cwd/sw/device/lib/runtime/ibex.c:11
20001d94:       c606                    sw      ra,12(sp)
20001d96:       34202673                csrr    a2,mcause
generic_internal_irq_handler():
/proc/self/cwd/sw/device/lib/testing/test_framework/ottf_isrs.c:234
20001d9a:       00001597                auipc   a1,0x1
20001d9e:       7dd58593                addi    a1,a1,2013 # 20003577 <_text_end+0x6b3>
20001da2:       00000097                auipc   ra,0x0
20001da6:       bf2080e7                jalr    -1038(ra) # 20001994 <ottf_generic_fault_print>
/proc/self/cwd/sw/device/lib/testing/test_framework/ottf_isrs.c:235
20001daa:       00001097                auipc   ra,0x1
20001dae:       0a6080e7                jalr    166(ra) # 20002e50 <abort>

20001db2 <ottf_alerts_enable_all>:
ottf_alerts_enable_all():
/proc/self/cwd/sw/device/lib/testing/test_framework/ottf_alerts.c:31
20001db2:                                                              7119                     addi    sp,sp,-128
dif_alert_handler_init_from_dt():
/proc/self/cwd/bazel-out/k8-fastbuild-ST-1df456420242/bin/sw/device/lib/dif/autogen/dif_alert_handler_autogen.c:48
20001db4:                                                              de86                     sw      ra,124(sp)
20001db6:                                                              dca2                     sw      s0,120(sp)
20001db8:                                                              daa6                     sw      s1,116(sp)
20001dba:                                                              d8ca                     sw      s2,112(sp)
20001dbc:                                                              d6ce                     sw      s3,108(sp)
20001dbe:                                                              d4d2                     sw      s4,104(sp)
20001dc0:                                                              d2d6                     sw      s5,100(sp)
20001dc2:                                                              d0da                     sw      s6,96(sp)
20001dc4:                                                              cede                     sw      s7,92(sp)
20001dc6:                                                              cce2                     sw      s8,88(sp)
20001dc8:                                                              cae6                     sw      s9,84(sp)
20001dca:                                                              c8ea                     sw      s10,80(sp)
20001dcc:                                                              c6ee                     sw      s11,76(sp)
20001dce:                                                              0100                     addi    s0,sp,128
20001dd0:                                                              f0000517                 auipc   a0,0xf0000
20001dd4:                                                              401505b7                 lui     a1,0x40150
20001dd8:                                                              22b52623                 sw      a1,556(a0) # 10001ffc <ottf_alert_handler.0>
ottf_alerts_enable_all():
/proc/self/cwd/sw/device/lib/testing/test_framework/ottf_alerts.c:32
20001ddc:                                                              fa042023                 sw      zero,-96(s0)
20001de0:                                                              fb840513                 addi    a0,s0,-72
20001de4:                                                              fa040593                 addi    a1,s0,-96
20001de8:                                                              4611                     li      a2,4
20001dea:                                                              00001097                 auipc   ra,0x1
20001dee:                                                              eec080e7                 jalr    -276(ra) # 20002cd6 <memcpy>
20001df2:                                                              fb842503                 lw      a0,-72(s0)
20001df6:                                                              00a036b3                 snez    a3,a0
20001dfa:                                                              0696                     slli    a3,a3,0x5
20001dfc:                                                              00002597                 auipc   a1,0x2
20001e00:                                                              a4658613                 addi    a2,a1,-1466 # 20003842 <_text_end+0x97e>
20001e04:                                                              4581                     li      a1,0
20001e06:                                                              00001097                 auipc   ra,0x1
20001e0a:                                                              de4080e7                 jalr    -540(ra) # 20002bea <status_create>
20001e0e:                                                              8baa                     mv      s7,a0
20001e10:                                                              f0000a17                 auipc   s4,0xf0000
20001e14:                                                              f0000517                 auipc   a0,0xf0000
20001e18:                                                              1f050b13                 addi    s6,a0,496 # 10002004 <status_report_list>
20001e1c:                                              /-------------- 2a0bc863                 bltz    s7,200020cc <ottf_alerts_enable_all+0x31a>
/proc/self/cwd/sw/device/lib/testing/test_framework/ottf_alerts.c:35
20001e20:                                              |               8a8a                     mv      s5,sp
20001e22:                                              |               ef010c13                 addi    s8,sp,-272
20001e26:                                              |               8162                     mv      sp,s8
/proc/self/cwd/sw/device/lib/testing/test_framework/ottf_alerts.c:36
20001e28:                                              |               ef010c93                 addi    s9,sp,-272
20001e2c:                                              |               8166                     mv      sp,s9
20001e2e:                                              |               4501                     li      a0,0
20001e30:                                              |               4581                     li      a1,0
20001e32:                                              |               04100493                 li      s1,65
20001e36:                                              |               460d                     li      a2,3
/proc/self/cwd/sw/device/lib/testing/test_framework/ottf_alerts.c:38
20001e38:                                              |  /----------> fdb58693                 addi    a3,a1,-37
20001e3c:                                              |  |     /----- ca99                     beqz    a3,20001e52 <ottf_alerts_enable_all+0xa0>
20001e3e:                                              |  |     |      fbf58693                 addi    a3,a1,-65
20001e42:                                              |  |  /--|----- ce89                     beqz    a3,20001e5c <ottf_alerts_enable_all+0xaa>
/proc/self/cwd/sw/device/lib/testing/test_framework/ottf_alerts.c:53
20001e44:                                              |  |  |  |      218546b3                 sh2add  a3,a0,s8
20001e48:                                              |  |  |  |      c28c                     sw      a1,0(a3)
/proc/self/cwd/sw/device/lib/testing/test_framework/ottf_alerts.c:54
20001e4a:                                              |  |  |  |      219546b3                 sh2add  a3,a0,s9
20001e4e:                                              |  |  |  |      c290                     sw      a2,0(a3)
20001e50:                                              |  |  |  |  /-- a019                     j       20001e56 <ottf_alerts_enable_all+0xa4>
/proc/self/cwd/sw/device/lib/testing/test_framework/ottf_alerts.c:47
20001e52:                                              |  |  |  \--|-> 157d                     addi    a0,a0,-1
/proc/self/cwd/sw/device/lib/testing/test_framework/ottf_alerts.c:48
20001e54:                                              |  |  |     |   14fd                     addi    s1,s1,-1
/proc/self/cwd/sw/device/lib/testing/test_framework/ottf_alerts.c:39
20001e56:                                              |  |  |     \-> 0585                     addi    a1,a1,1
20001e58:                                              |  |  |         0505                     addi    a0,a0,1
20001e5a:                                              |  \--|-------- bff9                     j       20001e38 <ottf_alerts_enable_all+0x86>
20001e5c:                                              |     \-------> 7d000513                 li      a0,2000
/proc/self/cwd/sw/device/lib/testing/test_framework/ottf_alerts.c:57
20001e60:                                              |               f8040613                 addi    a2,s0,-128
20001e64:                                              |               c228                     sw      a0,64(a2)
20001e66:                                              |               fa042e23                 sw      zero,-68(s0)
20001e6a:                                              |               4511                     li      a0,4
20001e6c:                                              |               de08                     sw      a0,56(a2)
/proc/self/cwd/sw/device/lib/testing/test_framework/ottf_alerts.c:69
20001e6e:                                              |               fa042023                 sw      zero,-96(s0)
20001e72:                                              |               557d                     li      a0,-1
20001e74:                                              |               faa41223                 sh      a0,-92(s0)
20001e78:                                              |               d608                     sw      a0,40(a2)
20001e7a:                                              |               fb840513                 addi    a0,s0,-72
20001e7e:                                              |               d648                     sw      a0,44(a2)
20001e80:                                              |               4505                     li      a0,1
20001e82:                                              |               da08                     sw      a0,48(a2)
20001e84:                                              |               4595                     li      a1,5
20001e86:                                              |               da4c                     sw      a1,52(a2)
20001e88:                                              |               458d                     li      a1,3
/proc/self/cwd/sw/device/lib/testing/test_framework/ottf_alerts.c:70
20001e8a:                                              |               ce4c                     sw      a1,28(a2)
alert_handler_testutils_configure_all():
/proc/self/cwd/sw/device/lib/testing/alert_handler_testutils.c:113
20001e8c:                                              |               fca40423                 sb      a0,-56(s0)
20001e90:                                              |               fc844503                 lbu     a0,-56(s0)
20001e94:                                              |               e000e597                 auipc   a1,0xe000e
20001e98:                                              |               16c58993                 addi    s3,a1,364 # 10000 <_dv_log_offset>
20001e9c:                                              |           /-- ed0d                     bnez    a0,20001ed6 <ottf_alerts_enable_all+0x124>
20001e9e:                                              |           |   dfffe517                 auipc   a0,0xdfffe
20001ea2:                                              |           |   40e50513                 addi    a0,a0,1038 # 2ac <alert_handler_testutils_configure_all.kLogFields>
20001ea6:                                              |           |   954e                     add     a0,a0,s3
20001ea8:                                              |           |   4581                     li      a1,0
20001eaa:                                              |           |   00001097                 auipc   ra,0x1
20001eae:                                              |           |   842080e7                 jalr    -1982(ra) # 200026ec <base_log_internal_dv>
20001eb2:                                              |           |   00002517                 auipc   a0,0x2
20001eb6:                                              |           |   c8a50613                 addi    a2,a0,-886 # 20003b3c <_text_end+0xc78>
20001eba:                                              |           |   00617537                 lui     a0,0x617
20001ebe:                                              |           |   87450913                 addi    s2,a0,-1932 # 616874 <_owner_slot_b+0x586874>
20001ec2:                                              |           |   4535                     li      a0,13
20001ec4:                                              |           |   07100693                 li      a3,113
20001ec8:                                              |           |   85ca                     mv      a1,s2
20001eca:                                              |           |   00001097                 auipc   ra,0x1
20001ece:                                              |           |   d20080e7                 jalr    -736(ra) # 20002bea <status_create>
20001ed2:             /--------------------------------|-----------|-- 48054863                 bltz    a0,20002362 <ottf_alerts_enable_all+0x5b0>
20001ed6:             |                                |           \-> 4505                     li      a0,1
/proc/self/cwd/sw/device/lib/testing/alert_handler_testutils.c:114
20001ed8:             |                                |               fca40423                 sb      a0,-56(s0)
20001edc:             |                                |               fc844503                 lbu     a0,-56(s0)
20001ee0:             |                                |           /-- ed0d                     bnez    a0,20001f1a <ottf_alerts_enable_all+0x168>
20001ee2:             |                                |           |   dfffe517                 auipc   a0,0xdfffe
20001ee6:             |                                |           |   3de50513                 addi    a0,a0,990 # 2c0 <alert_handler_testutils_configure_all.kLogFields.28>
20001eea:             |                                |           |   954e                     add     a0,a0,s3
20001eec:             |                                |           |   4581                     li      a1,0
20001eee:             |                                |           |   00000097                 auipc   ra,0x0
20001ef2:             |                                |           |   7fe080e7                 jalr    2046(ra) # 200026ec <base_log_internal_dv>
20001ef6:             |                                |           |   00002517                 auipc   a0,0x2
20001efa:             |                                |           |   c4650613                 addi    a2,a0,-954 # 20003b3c <_text_end+0xc78>
20001efe:             |                                |           |   00617537                 lui     a0,0x617
20001f02:             |                                |           |   87450913                 addi    s2,a0,-1932 # 616874 <_owner_slot_b+0x586874>
20001f06:             |                                |           |   4535                     li      a0,13
20001f08:             |                                |           |   07200693                 li      a3,114
20001f0c:             |                                |           |   85ca                     mv      a1,s2
20001f0e:             |                                |           |   00001097                 auipc   ra,0x1
20001f12:             |                                |           |   cdc080e7                 jalr    -804(ra) # 20002bea <status_create>
20001f16:             |  /-----------------------------|-----------|-- 44054f63                 bltz    a0,20002374 <ottf_alerts_enable_all+0x5c2>
/proc/self/cwd/sw/device/lib/testing/alert_handler_testutils.c:117
20001f1a:             |  |                             |           \-> 00903533                 snez    a0,s1
20001f1e:             |  |                             |               fca40423                 sb      a0,-56(s0)
20001f22:             |  |                             |               fc844503                 lbu     a0,-56(s0)
20001f26:             |  |                             |           /-- ed0d                     bnez    a0,20001f60 <ottf_alerts_enable_all+0x1ae>
20001f28:             |  |                             |           |   dfffe517                 auipc   a0,0xdfffe
20001f2c:             |  |                             |           |   3ac50513                 addi    a0,a0,940 # 2d4 <alert_handler_testutils_configure_all.kLogFields.32>
20001f30:             |  |                             |           |   954e                     add     a0,a0,s3
20001f32:             |  |                             |           |   4581                     li      a1,0
20001f34:             |  |                             |           |   00000097                 auipc   ra,0x0
20001f38:             |  |                             |           |   7b8080e7                 jalr    1976(ra) # 200026ec <base_log_internal_dv>
20001f3c:             |  |                             |           |   00002517                 auipc   a0,0x2
20001f40:             |  |                             |           |   c0050613                 addi    a2,a0,-1024 # 20003b3c <_text_end+0xc78>
20001f44:             |  |                             |           |   00617537                 lui     a0,0x617
20001f48:             |  |                             |           |   87450913                 addi    s2,a0,-1932 # 616874 <_owner_slot_b+0x586874>
20001f4c:             |  |                             |           |   4535                     li      a0,13
20001f4e:             |  |                             |           |   07800693                 li      a3,120
20001f52:             |  |                             |           |   85ca                     mv      a1,s2
20001f54:             |  |                             |           |   00001097                 auipc   ra,0x1
20001f58:             |  |                             |           |   c96080e7                 jalr    -874(ra) # 20002bea <status_create>
20001f5c:             |  |  /--------------------------|-----------|-- 42054563                 bltz    a0,20002386 <ottf_alerts_enable_all+0x5d4>
20001f60:             |  |  |                          |           \-> 4505                     li      a0,1
/proc/self/cwd/sw/device/lib/testing/alert_handler_testutils.c:121
20001f62:             |  |  |                          |               fca40423                 sb      a0,-56(s0)
20001f66:             |  |  |                          |               fc844503                 lbu     a0,-56(s0)
20001f6a:             |  |  |                          |           /-- ed0d                     bnez    a0,20001fa4 <ottf_alerts_enable_all+0x1f2>
20001f6c:             |  |  |                          |           |   dfffe517                 auipc   a0,0xdfffe
20001f70:             |  |  |                          |           |   37c50513                 addi    a0,a0,892 # 2e8 <alert_handler_testutils_configure_all.kLogFields.36>
20001f74:             |  |  |                          |           |   954e                     add     a0,a0,s3
20001f76:             |  |  |                          |           |   4581                     li      a1,0
20001f78:             |  |  |                          |           |   00000097                 auipc   ra,0x0
20001f7c:             |  |  |                          |           |   774080e7                 jalr    1908(ra) # 200026ec <base_log_internal_dv>
20001f80:             |  |  |                          |           |   00002517                 auipc   a0,0x2
20001f84:             |  |  |                          |           |   bbc50613                 addi    a2,a0,-1092 # 20003b3c <_text_end+0xc78>
20001f88:             |  |  |                          |           |   00617537                 lui     a0,0x617
20001f8c:             |  |  |                          |           |   87450913                 addi    s2,a0,-1932 # 616874 <_owner_slot_b+0x586874>
20001f90:             |  |  |                          |           |   4535                     li      a0,13
20001f92:             |  |  |                          |           |   07c00693                 li      a3,124
20001f96:             |  |  |                          |           |   85ca                     mv      a1,s2
20001f98:             |  |  |                          |           |   00001097                 auipc   ra,0x1
20001f9c:             |  |  |                          |           |   c52080e7                 jalr    -942(ra) # 20002bea <status_create>
20001fa0:             |  |  |  /-----------------------|-----------|-- 40054963                 bltz    a0,200023b2 <ottf_alerts_enable_all+0x600>
20001fa4:             |  |  |  |                       |           \-> 4505                     li      a0,1
/proc/self/cwd/sw/device/lib/testing/alert_handler_testutils.c:125
20001fa6:             |  |  |  |                       |               fca40423                 sb      a0,-56(s0)
20001faa:             |  |  |  |                       |               fc844503                 lbu     a0,-56(s0)
20001fae:             |  |  |  |                       |           /-- ed0d                     bnez    a0,20001fe8 <ottf_alerts_enable_all+0x236>
20001fb0:             |  |  |  |                       |           |   dfffe517                 auipc   a0,0xdfffe
20001fb4:             |  |  |  |                       |           |   34c50513                 addi    a0,a0,844 # 2fc <alert_handler_testutils_configure_all.kLogFields.40>
20001fb8:             |  |  |  |                       |           |   954e                     add     a0,a0,s3
20001fba:             |  |  |  |                       |           |   4581                     li      a1,0
20001fbc:             |  |  |  |                       |           |   00000097                 auipc   ra,0x0
20001fc0:             |  |  |  |                       |           |   730080e7                 jalr    1840(ra) # 200026ec <base_log_internal_dv>
20001fc4:             |  |  |  |                       |           |   00002517                 auipc   a0,0x2
20001fc8:             |  |  |  |                       |           |   b7850613                 addi    a2,a0,-1160 # 20003b3c <_text_end+0xc78>
20001fcc:             |  |  |  |                       |           |   00617537                 lui     a0,0x617
20001fd0:             |  |  |  |                       |           |   87450913                 addi    s2,a0,-1932 # 616874 <_owner_slot_b+0x586874>
20001fd4:             |  |  |  |                       |           |   4535                     li      a0,13
20001fd6:             |  |  |  |                       |           |   08000693                 li      a3,128
20001fda:             |  |  |  |                       |           |   85ca                     mv      a1,s2
20001fdc:             |  |  |  |                       |           |   00001097                 auipc   ra,0x1
20001fe0:             |  |  |  |                       |           |   c0e080e7                 jalr    -1010(ra) # 20002bea <status_create>
20001fe4:             |  |  |  |  /--------------------|-----------|-- 3e054063                 bltz    a0,200023c4 <ottf_alerts_enable_all+0x612>
20001fe8:             |  |  |  |  |                    |           \-> 4505                     li      a0,1
/proc/self/cwd/sw/device/lib/testing/alert_handler_testutils.c:132
20001fea:             |  |  |  |  |                    |               fca40423                 sb      a0,-56(s0)
20001fee:             |  |  |  |  |                    |               fc844503                 lbu     a0,-56(s0)
20001ff2:             |  |  |  |  |                    |           /-- ed0d                     bnez    a0,2000202c <ottf_alerts_enable_all+0x27a>
20001ff4:             |  |  |  |  |                    |           |   dfffe517                 auipc   a0,0xdfffe
20001ff8:             |  |  |  |  |                    |           |   31c50513                 addi    a0,a0,796 # 310 <alert_handler_testutils_configure_all.kLogFields.44>
20001ffc:             |  |  |  |  |                    |           |   954e                     add     a0,a0,s3
20001ffe:             |  |  |  |  |                    |           |   4581                     li      a1,0
20002000:             |  |  |  |  |                    |           |   00000097                 auipc   ra,0x0
20002004:             |  |  |  |  |                    |           |   6ec080e7                 jalr    1772(ra) # 200026ec <base_log_internal_dv>
20002008:             |  |  |  |  |                    |           |   00002517                 auipc   a0,0x2
2000200c:             |  |  |  |  |                    |           |   b3450613                 addi    a2,a0,-1228 # 20003b3c <_text_end+0xc78>
20002010:             |  |  |  |  |                    |           |   00617537                 lui     a0,0x617
20002014:             |  |  |  |  |                    |           |   87450913                 addi    s2,a0,-1932 # 616874 <_owner_slot_b+0x586874>
20002018:             |  |  |  |  |                    |           |   4535                     li      a0,13
2000201a:             |  |  |  |  |                    |           |   08600693                 li      a3,134
2000201e:             |  |  |  |  |                    |           |   85ca                     mv      a1,s2
20002020:             |  |  |  |  |                    |           |   00001097                 auipc   ra,0x1
20002024:             |  |  |  |  |                    |           |   bca080e7                 jalr    -1078(ra) # 20002bea <status_create>
20002028:             |  |  |  |  |  /-----------------|-----------|-- 3a054763                 bltz    a0,200023d6 <ottf_alerts_enable_all+0x624>
/proc/self/cwd/sw/device/lib/testing/alert_handler_testutils.c:137
2000202c:             |  |  |  |  |  |                 |           \-> 0485                     addi    s1,s1,1
2000202e:             |  |  |  |  |  |                 |               40150d37                 lui     s10,0x40150
20002032:             |  |  |  |  |  |                 |               4d85                     li      s11,1
20002034:             |  |  |  |  |  |                 |               00002517                 auipc   a0,0x2
20002038:             |  |  |  |  |  |                 |               b0850913                 addi    s2,a0,-1272 # 20003b3c <_text_end+0xc78>
2000203c:             |  |  |  |  |  |                 |               00617537                 lui     a0,0x617
20002040:             |  |  |  |  |  |                 |               87450993                 addi    s3,a0,-1932 # 616874 <_owner_slot_b+0x586874>
20002044:             |  |  |  |  |  |                 |     /-------> 14fd                     addi    s1,s1,-1
20002046:             |  |  |  |  |  |                 |  /--|-------- ccc5                     beqz    s1,200020fe <ottf_alerts_enable_all+0x34c>
/proc/self/cwd/sw/device/lib/testing/alert_handler_testutils.c:138
20002048:             |  |  |  |  |  |                 |  |  |         000c2583                 lw      a1,0(s8)
2000204c:             |  |  |  |  |  |                 |  |  |         000ca503                 lw      a0,0(s9)
20002050:             |  |  |  |  |  |                 |  |  |         0415b613                 sltiu   a2,a1,65
20002054:             |  |  |  |  |  |                 |  |  |         00453693                 sltiu   a3,a0,4
dif_alert_handler_configure_alert():
/proc/self/cwd/sw/device/lib/dif/dif_alert_handler.c:155
20002058:             |  |  |  |  |  |                 |  |  |         8ef1                     and     a3,a3,a2
2000205a:             |  |  |  |  |  |                 |  |  |         460d                     li      a2,3
2000205c:             |  |  |  |  |  |                 |  |  |  /----- c285                     beqz    a3,2000207c <ottf_alerts_enable_all+0x2ca>
/proc/self/cwd/sw/device/lib/dif/dif_alert_handler.c:166
2000205e:             |  |  |  |  |  |                 |  |  |  |      058a                     slli    a1,a1,0x2
mmio_region_read32():
/proc/self/cwd/./sw/device/lib/base/mmio.h:96
20002060:             |  |  |  |  |  |                 |  |  |  |      95ea                     add     a1,a1,s10
20002062:             |  |  |  |  |  |                 |  |  |  |      4d90                     lw      a2,24(a1)
dif_alert_handler_configure_alert():
/proc/self/cwd/sw/device/lib/dif/dif_alert_handler.c:167
20002064:             |  |  |  |  |  |                 |  |  |  |  /-- ca19                     beqz    a2,2000207a <ottf_alerts_enable_all+0x2c8>
20002066:             |  |  |  |  |  |                 |  |  |  |  |   4601                     li      a2,0
mmio_region_write32_shadowed():
/proc/self/cwd/./sw/device/lib/base/mmio.h:166
20002068:             |  |  |  |  |  |                 |  |  |  |  |   22a5a023                 sw      a0,544(a1)
/proc/self/cwd/./sw/device/lib/base/mmio.h:168
2000206c:             |  |  |  |  |  |                 |  |  |  |  |   22a5a023                 sw      a0,544(a1)
/proc/self/cwd/./sw/device/lib/base/mmio.h:166
20002070:             |  |  |  |  |  |                 |  |  |  |  |   11b5ae23                 sw      s11,284(a1)
/proc/self/cwd/./sw/device/lib/base/mmio.h:168
20002074:             |  |  |  |  |  |                 |  |  |  |  |   11b5ae23                 sw      s11,284(a1)
20002078:             |  |  |  |  |  |                 |  |  |  +--|-- a011                     j       2000207c <ottf_alerts_enable_all+0x2ca>
2000207a:             |  |  |  |  |  |                 |  |  |  |  \-> 4625                     li      a2,9
2000207c:             |  |  |  |  |  |                 |  |  |  \----> 0c91                     addi    s9,s9,4
2000207e:             |  |  |  |  |  |                 |  |  |         0c11                     addi    s8,s8,4
alert_handler_testutils_configure_all():
/proc/self/cwd/sw/device/lib/testing/alert_handler_testutils.c:138
20002080:             |  |  |  |  |  |                 |  |  |         fcc42423                 sw      a2,-56(s0)
20002084:             |  |  |  |  |  |                 |  |  |         fc440513                 addi    a0,s0,-60
20002088:             |  |  |  |  |  |                 |  |  |         fc840593                 addi    a1,s0,-56
2000208c:             |  |  |  |  |  |                 |  |  |         4611                     li      a2,4
2000208e:             |  |  |  |  |  |                 |  |  |         00001097                 auipc   ra,0x1
20002092:             |  |  |  |  |  |                 |  |  |         c48080e7                 jalr    -952(ra) # 20002cd6 <memcpy>
20002096:             |  |  |  |  |  |                 |  |  |         00001297                 auipc   t0,0x1
2000209a:             |  |  |  |  |  |                 |  |  |         e0a282e7                 jalr    t0,-502(t0) # 20002ea0 <OUTLINED_FUNCTION_4>
2000209e:             |  |  |  |  |  |                 |  |  |         08c5f693                 andi    a3,a1,140
200020a2:             |  |  |  |  |  |                 |  |  |         85ce                     mv      a1,s3
200020a4:             |  |  |  |  |  |                 |  |  |         864a                     mv      a2,s2
200020a6:             |  |  |  |  |  |                 |  |  |         00001097                 auipc   ra,0x1
200020aa:             |  |  |  |  |  |                 |  |  |         b44080e7                 jalr    -1212(ra) # 20002bea <status_create>
200020ae:             |  |  |  |  |  |                 |  |  \-------- f8055be3                 bgez    a0,20002044 <ottf_alerts_enable_all+0x292>
200020b2:             |  |  |  |  |  |                 |  |            8baa                     mv      s7,a0
200020b4:             |  |  |  |  |  |                 |  |            897d                     andi    a0,a0,31
200020b6:             |  |  |  |  |  |                 |  |            00002597                 auipc   a1,0x2
200020ba:             |  |  |  |  |  |                 |  |            a8658613                 addi    a2,a1,-1402 # 20003b3c <_text_end+0xc78>
200020be:             |  |  |  |  |  |                 |  |            006175b7                 lui     a1,0x617
200020c2:             |  |  |  |  |  |                 |  |            87458593                 addi    a1,a1,-1932 # 616874 <_owner_slot_b+0x586874>
200020c6:             |  |  |  |  |  |                 |  |            08c00693                 li      a3,140
200020ca:          /--|--|--|--|--|--|-----------------|--|----------- a175                     j       20002576 <ottf_alerts_enable_all+0x7c4>
200020cc:          |  |  |  |  |  |  |                 \--|----------> 01fbf513                 andi    a0,s7,31
ottf_alerts_enable_all():
/proc/self/cwd/sw/device/lib/testing/test_framework/ottf_alerts.c:32
200020d0:          |  |  |  |  |  |  |                    |            00001597                 auipc   a1,0x1
200020d4:          |  |  |  |  |  |  |                    |            77258613                 addi    a2,a1,1906 # 20003842 <_text_end+0x97e>
200020d8:          |  |  |  |  |  |  |                    |            02000693                 li      a3,32
200020dc:          |  |  |  |  |  |  |                    |            4581                     li      a1,0
200020de:          |  |  |  |  |  |  |                    |            00001097                 auipc   ra,0x1
200020e2:          |  |  |  |  |  |  |                    |            b0c080e7                 jalr    -1268(ra) # 20002bea <status_create>
status_report():
/proc/self/cwd/sw/device/lib/testing/test_framework/ottf_main.c:103
200020e6:          |  |  |  |  |  |  |                    |            1d8a2583                 lw      a1,472(s4) # 10001fe8 <status_report_list_cnt>
200020ea:          |  |  |  |  |  |  |                    |            4629                     li      a2,10
200020ec:          |  |  |  |  |  |  |                    |            02c5f633                 remu    a2,a1,a2
200020f0:          |  |  |  |  |  |  |                    |            21664633                 sh2add  a2,a2,s6
200020f4:          |  |  |  |  |  |  |                    |            c208                     sw      a0,0(a2)
/proc/self/cwd/sw/device/lib/testing/test_framework/ottf_main.c:104
200020f6:          |  |  |  |  |  |  |                    |            0585                     addi    a1,a1,1
200020f8:          |  |  |  |  |  |  |                    |            1cba2c23                 sw      a1,472(s4)
200020fc:       /--|--|--|--|--|--|--|--------------------|----------- a1e1                     j       200025c4 <ottf_alerts_enable_all+0x812>
200020fe:       |  |  |  |  |  |  |  |                    \----------> f9542c23                 sw      s5,-104(s0)
20002102:       |  |  |  |  |  |  |  |                                 4985                     li      s3,1
20002104:       |  |  |  |  |  |  |  |                                 fa040c13                 addi    s8,s0,-96
20002108:       |  |  |  |  |  |  |  |                                 4c91                     li      s9,4
2000210a:       |  |  |  |  |  |  |  |                                 40150ab7                 lui     s5,0x40150
2000210e:       |  |  |  |  |  |  |  |                                 7571                     lui     a0,0xffffc
20002110:       |  |  |  |  |  |  |  |                                 050d                     addi    a0,a0,3
20002112:       |  |  |  |  |  |  |  |                                 f8a42a23                 sw      a0,-108(s0)
20002116:       |  |  |  |  |  |  |  |                                 4d9d                     li      s11,7
20002118:       |  |  |  |  |  |  |  |                                 00617537                 lui     a0,0x617
2000211c:       |  |  |  |  |  |  |  |                                 87450913                 addi    s2,a0,-1932 # 616874 <_owner_slot_b+0x586874>
20002120:       |  |  |  |  |  |  |  |  /--/-------------------------X 27348c63                 beq     s1,s3,20002398 <ottf_alerts_enable_all+0x5e6>
alert_handler_testutils_configure_all():
/proc/self/cwd/sw/device/lib/testing/alert_handler_testutils.c:152
20002124:       |  |  |  |  |  |  |  |  |  |                           fa042503                 lw      a0,-96(s0)
20002128:       |  |  |  |  |  |  |  |  |  |                           470d                     li      a4,3
2000212a:       |  |  |  |  |  |  |  |  |  |  /----------------------- 1ca9e463                 bltu    s3,a0,200022f2 <ottf_alerts_enable_all+0x540>
2000212e:       |  |  |  |  |  |  |  |  |  |  |                        f9c42883                 lw      a7,-100(s0)
20002132:       |  |  |  |  |  |  |  |  |  |  |                        2094a5b3                 sh1add  a1,s1,s1
20002136:       |  |  |  |  |  |  |  |  |  |  |                        2185e5b3                 sh3add  a1,a1,s8
2000213a:       |  |  |  |  |  |  |  |  |  |  |                        0045db83                 lhu     s7,4(a1)
2000213e:       |  |  |  |  |  |  |  |  |  |  |                        0085a383                 lw      t2,8(a1)
20002142:       |  |  |  |  |  |  |  |  |  |  |                        45d0                     lw      a2,12(a1)
20002144:       |  |  |  |  |  |  |  |  |  |  |                        0105a303                 lw      t1,16(a1)
20002148:       |  |  |  |  |  |  |  |  |  |  |                        0145a803                 lw      a6,20(a1)
2000214c:       |  |  |  |  |  |  |  |  |  |  |                    /-- c609                     beqz    a2,20002156 <ottf_alerts_enable_all+0x3a4>
2000214e:       |  |  |  |  |  |  |  |  |  |  |                    |   829a                     mv      t0,t1
dif_alert_handler_configure_class():
/proc/self/cwd/sw/device/lib/dif/dif_alert_handler.c:257
20002150:       |  |  |  |  |  |  |  |  |  |  |                 /--|-- 00031663                 bnez    t1,2000215c <ottf_alerts_enable_all+0x3aa>
20002154:       |  |  |  |  |  |  |  |  |  |  +-----------------|--|-- aa79                     j       200022f2 <ottf_alerts_enable_all+0x540>
20002156:       |  |  |  |  |  |  |  |  |  |  +-----------------|--\-X 18031e63                 bnez    t1,200022f2 <ottf_alerts_enable_all+0x540>
2000215a:       |  |  |  |  |  |  |  |  |  |  |                 |      4281                     li      t0,0
is_valid_escalation_phase():
/proc/self/cwd/sw/device/lib/dif/dif_alert_handler.c:140
2000215c:       |  |  |  |  |  |  |  |  |  |  |                 \----> ffc87593                 andi    a1,a6,-4
dif_alert_handler_configure_class():
/proc/self/cwd/sw/device/lib/dif/dif_alert_handler.c:258
20002160:       |  |  |  |  |  |  |  |  |  |  +----------------------- 19959963                 bne     a1,s9,200022f2 <ottf_alerts_enable_all+0x540>
/proc/self/cwd/sw/device/lib/dif/dif_alert_handler.c:262
20002164:       |  |  |  |  |  |  |  |  |  |  |                        00128693                 addi    a3,t0,1
20002168:       |  |  |  |  |  |  |  |  |  |  |                        85b2                     mv      a1,a2
2000216a:       |  |  |  |  |  |  |  |  |  |  |                    /-> 16fd                     addi    a3,a3,-1
2000216c:       |  |  |  |  |  |  |  |  |  |  |                 /--|-- c699                     beqz    a3,2000217a <ottf_alerts_enable_all+0x3c8>
/proc/self/cwd/sw/device/lib/dif/dif_alert_handler.c:263
2000216e:       |  |  |  |  |  |  |  |  |  |  |                 |  |   419c                     lw      a5,0(a1)
20002170:       |  |  |  |  |  |  |  |  |  |  |                 |  |   05b1                     addi    a1,a1,12
20002172:       |  |  |  |  |  |  |  |  |  |  |                 |  |   9bf1                     andi    a5,a5,-4
20002174:       |  |  |  |  |  |  |  |  |  |  |                 |  \-- ff978be3                 beq     a5,s9,2000216a <ottf_alerts_enable_all+0x3b8>
20002178:       |  |  |  |  |  |  |  |  |  |  +-----------------|----- aaad                     j       200022f2 <ottf_alerts_enable_all+0x540>
2000217a:       |  |  |  |  |  |  |  |  |  |  |                 \----> 470d                     li      a4,3
/proc/self/cwd/sw/device/lib/dif/dif_alert_handler.c:304
2000217c:       |  |  |  |  |  |  |  |  |  |  +----------------------- 17176b63                 bltu    a4,a7,200022f2 <ottf_alerts_enable_all+0x540>
20002180:       |  |  |  |  |  |  |  |  |  |  |                        45b9                     li      a1,14
20002182:       |  |  |  |  |  |  |  |  |  |  |                        02b88733                 mul     a4,a7,a1
20002186:       |  |  |  |  |  |  |  |  |  |  |                        00271593                 slli    a1,a4,0x2
mmio_region_read32():
/proc/self/cwd/./sw/device/lib/base/mmio.h:96
2000218a:       |  |  |  |  |  |  |  |  |  |  |                        95d6                     add     a1,a1,s5
2000218c:       |  |  |  |  |  |  |  |  |  |  |                        4985a583                 lw      a1,1176(a1)
dif_alert_handler_configure_class():
/proc/self/cwd/sw/device/lib/dif/dif_alert_handler.c:313
20002190:       |  |  |  |  |  |  |  |  |  |  |  /-------------------- 16058063                 beqz    a1,200022f0 <ottf_alerts_enable_all+0x53e>
20002194:       |  |  |  |  |  |  |  |  |  |  |  |                     4585                     li      a1,1
20002196:       |  |  |  |  |  |  |  |  |  |  |  |                     408d                     li      ra,3
bitfield_field32_write():
/proc/self/cwd/./sw/device/lib/base/bitfield.h:76
20002198:       |  |  |  |  |  |  |  |  |  |  |  |                 /-- 00b50363                 beq     a0,a1,2000219e <ottf_alerts_enable_all+0x3ec>
2000219c:       |  |  |  |  |  |  |  |  |  |  |  |                 |   4085                     li      ra,1
2000219e:       |  |  |  |  |  |  |  |  |  |  |  |                 \-> 4501                     li      a0,0
200021a0:       |  |  |  |  |  |  |  |  |  |  |  |                     12d70593                 addi    a1,a4,301
200021a4:       |  |  |  |  |  |  |  |  |  |  |  |                     f8040793                 addi    a5,s0,-128
200021a8:       |  |  |  |  |  |  |  |  |  |  |  |                     cb8c                     sw      a1,16(a5)
200021aa:       |  |  |  |  |  |  |  |  |  |  |  |                     12c70593                 addi    a1,a4,300
200021ae:       |  |  |  |  |  |  |  |  |  |  |  |                     c7cc                     sw      a1,12(a5)
200021b0:       |  |  |  |  |  |  |  |  |  |  |  |                     12b70593                 addi    a1,a4,299
200021b4:       |  |  |  |  |  |  |  |  |  |  |  |                     c3cc                     sw      a1,4(a5)
200021b6:       |  |  |  |  |  |  |  |  |  |  |  |                     401506b7                 lui     a3,0x40150
200021ba:       |  |  |  |  |  |  |  |  |  |  |  |                     4c468593                 addi    a1,a3,1220 # 401504c4 <_non_volatile_scratch_end+0x200d04c4>
200021be:       |  |  |  |  |  |  |  |  |  |  |  |                     20b74e33                 sh2add  t3,a4,a1
200021c2:       |  |  |  |  |  |  |  |  |  |  |  |                     4c068593                 addi    a1,a3,1216
200021c6:       |  |  |  |  |  |  |  |  |  |  |  |                     20b74eb3                 sh2add  t4,a4,a1
200021ca:       |  |  |  |  |  |  |  |  |  |  |  |                     4bc68593                 addi    a1,a3,1212
200021ce:       |  |  |  |  |  |  |  |  |  |  |  |                     20b74f33                 sh2add  t5,a4,a1
200021d2:       |  |  |  |  |  |  |  |  |  |  |  |                     40150ab7                 lui     s5,0x40150
200021d6:       |  |  |  |  |  |  |  |  |  |  |  |                     4b868593                 addi    a1,a3,1208
200021da:       |  |  |  |  |  |  |  |  |  |  |  |                     20b74fb3                 sh2add  t6,a4,a1
200021de:       |  |  |  |  |  |  |  |  |  |  |  |                     12770593                 addi    a1,a4,295
dif_alert_handler_configure_class():
/proc/self/cwd/sw/device/lib/dif/dif_alert_handler.c:330
200021e2:       |  |  |  |  |  |  |  |  |  |  |  |                     c78c                     sw      a1,8(a5)
200021e4:       |  |  |  |  |  |  |  |  |  |  |  |                     00860593                 addi    a1,a2,8 # 10008 <_dv_log_offset+0x8>
200021e8:       |  |  |  |  |  |  |  |  |  |  |  |  /----------------- 0c557363                 bgeu    a0,t0,200022ae <ottf_alerts_enable_all+0x4fc>
/proc/self/cwd/sw/device/lib/dif/dif_alert_handler.c:331
200021ec:       |  |  |  |  |  |  |  |  |  |  |  |  |  /-------------> ff85a683                 lw      a3,-8(a1)
is_valid_escalation_phase():
/proc/self/cwd/sw/device/lib/dif/dif_alert_handler.c:140
200021f0:       |  |  |  |  |  |  |  |  |  |  |  |  |  |               ffc6f613                 andi    a2,a3,-4
200021f4:       |  |  |  |  |  |  |  |  |  |  |  |  |  |               470d                     li      a4,3
dif_alert_handler_configure_class():
/proc/self/cwd/sw/device/lib/dif/dif_alert_handler.c:338
200021f6:       |  |  |  |  |  |  |  |  |  |  +--|--|--|-------------- 0f961e63                 bne     a2,s9,200022f2 <ottf_alerts_enable_all+0x540>
/proc/self/cwd/sw/device/lib/dif/dif_alert_handler.c:333
200021fa:       |  |  |  |  |  |  |  |  |  |  |  |  |  |               ffc5a603                 lw      a2,-4(a1)
/proc/self/cwd/sw/device/lib/dif/dif_alert_handler.c:344
200021fe:       |  |  |  |  |  |  |  |  |  |  |  |  |  |               0605                     addi    a2,a2,1
20002200:       |  |  |  |  |  |  |  |  |  |  +--|--|--|-------------- 0ecce963                 bltu    s9,a2,200022f2 <ottf_alerts_enable_all+0x540>
20002204:       |  |  |  |  |  |  |  |  |  |  |  |  |  |               00001797                 auipc   a5,0x1
20002208:       |  |  |  |  |  |  |  |  |  |  |  |  |  |               cf078793                 addi    a5,a5,-784 # 20002ef4 <_text_end+0x30>
2000220c:       |  |  |  |  |  |  |  |  |  |  |  |  |  |               20f64633                 sh2add  a2,a2,a5
20002210:       |  |  |  |  |  |  |  |  |  |  |  |  |  |               421c                     lw      a5,0(a2)
20002212:       |  |  |  |  |  |  |  |  |  |  |  |  |  |               4889                     li      a7,2
20002214:       |  |  |  |  |  |  |  |  |  |  |  |  |  |               4299                     li      t0,6
20002216:       |  |  |  |  |  |  |  |  |  |  |  |  |  |               0036fd13                 andi    s10,a3,3
2000221a:       |  |  |  |  |  |  |  |  |  |  |  |  |  |               8782                     jr      a5
bitfield_field32_write():
/proc/self/cwd/./sw/device/lib/base/bitfield.h:75
2000221c:       |  |  |  |  |  |  |  |  |  |  |  |  |  |               f9442603                 lw      a2,-108(s0)
20002220:       |  |  |  |  |  |  |  |  |  |  |  |  |  |               00c0f7b3                 and     a5,ra,a2
/proc/self/cwd/./sw/device/lib/base/bitfield.h:76
20002224:       |  |  |  |  |  |  |  |  |  |  |  |  |  |               006d1613                 slli    a2,s10,0x6
20002228:       |  |  |  |  |  |  |  |  |  |  |  |  |  |               00f668b3                 or      a7,a2,a5
2000222c:       |  |  |  |  |  |  |  |  |  |  |  |  |  |               008d1793                 slli    a5,s10,0x8
20002230:       |  |  |  |  |  |  |  |  |  |  |  |  |  |               00ad1613                 slli    a2,s10,0xa
20002234:       |  |  |  |  |  |  |  |  |  |  |  |  |  |               8e5d                     or      a2,a2,a5
20002236:       |  |  |  |  |  |  |  |  |  |  |  |  |  |               00c8e633                 or      a2,a7,a2
2000223a:       |  |  |  |  |  |  |  |  |  |  |  |  |  |               0d32                     slli    s10,s10,0xc
2000223c:       |  |  |  |  |  |  |  |  |  |  |  |  |  |               01a660b3                 or      ra,a2,s10
dif_alert_handler_configure_class():
/proc/self/cwd/sw/device/lib/dif/dif_alert_handler.c:405
20002240:       |  |  |  |  |  |  |  |  |  |  |  |  |  |     /-------- 03b69c63                 bne     a3,s11,20002278 <ottf_alerts_enable_all+0x4c6>
/proc/self/cwd/sw/device/lib/dif/dif_alert_handler.c:424
20002244:       |  |  |  |  |  |  |  |  |  |  |  |  |  |     |  /----> 4190                     lw      a2,0(a1)
mmio_region_write32_shadowed():
/proc/self/cwd/./sw/device/lib/base/mmio.h:166
20002246:       |  |  |  |  |  |  |  |  |  |  |  |  |  |     |  |      86f2                     mv      a3,t3
20002248:       |  |  |  |  |  |  |  |  |  |  |  |  |  |     |  |      c290                     sw      a2,0(a3)
/proc/self/cwd/./sw/device/lib/base/mmio.h:168
2000224a:       |  |  |  |  |  |  |  |  |  |  |  |  |  |     |  |      c290                     sw      a2,0(a3)
2000224c:       |  |  |  |  |  |  |  |  |  |  |  |  |  |  /--|--|----- a8a1                     j       200022a4 <ottf_alerts_enable_all+0x4f2>
2000224e:       |  |  |  |  |  |  |  |  |  |  |  |  |  |  |  |  |      488d                     li      a7,3
20002250:       |  |  |  |  |  |  |  |  |  |  |  |  |  |  |  |  |      42a1                     li      t0,8
20002252:       |  |  |  |  |  |  |  |  |  |  |  |  |  |  |  |  |  /-- a031                     j       2000225e <ottf_alerts_enable_all+0x4ac>
20002254:       |  |  |  |  |  |  |  |  |  |  |  |  |  |  |  |  |  |   4891                     li      a7,4
20002256:       |  |  |  |  |  |  |  |  |  |  |  |  |  |  |  |  |  |   42a9                     li      t0,10
20002258:       |  |  |  |  |  |  |  |  |  |  |  |  |  |  |  |  |  +-- a019                     j       2000225e <ottf_alerts_enable_all+0x4ac>
2000225a:       |  |  |  |  |  |  |  |  |  |  |  |  |  |  |  |  |  |   4895                     li      a7,5
2000225c:       |  |  |  |  |  |  |  |  |  |  |  |  |  |  |  |  |  |   42b1                     li      t0,12
bitfield_field32_write():
/proc/self/cwd/./sw/device/lib/base/bitfield.h:76
2000225e:       |  |  |  |  |  |  |  |  |  |  |  |  |  |  |  |  |  \-> 29109633                 bset    a2,ra,a7
/proc/self/cwd/./sw/device/lib/base/bitfield.h:75
20002262:       |  |  |  |  |  |  |  |  |  |  |  |  |  |  |  |  |      478d                     li      a5,3
20002264:       |  |  |  |  |  |  |  |  |  |  |  |  |  |  |  |  |      005797b3                 sll     a5,a5,t0
20002268:       |  |  |  |  |  |  |  |  |  |  |  |  |  |  |  |  |      40f67633                 andn    a2,a2,a5
/proc/self/cwd/./sw/device/lib/base/bitfield.h:76
2000226c:       |  |  |  |  |  |  |  |  |  |  |  |  |  |  |  |  |      005d17b3                 sll     a5,s10,t0
20002270:       |  |  |  |  |  |  |  |  |  |  |  |  |  |  |  |  |      00f660b3                 or      ra,a2,a5
dif_alert_handler_configure_class():
/proc/self/cwd/sw/device/lib/dif/dif_alert_handler.c:405
20002274:       |  |  |  |  |  |  |  |  |  |  |  |  |  |  |  |  \----- fdb688e3                 beq     a3,s11,20002244 <ottf_alerts_enable_all+0x492>
20002278:       |  |  |  |  |  |  |  |  |  |  |  |  |  |  |  \-------> 4615                     li      a2,5
2000227a:       |  |  |  |  |  |  |  |  |  |  |  |  |  |  |        /-- 00c68c63                 beq     a3,a2,20002292 <ottf_alerts_enable_all+0x4e0>
2000227e:       |  |  |  |  |  |  |  |  |  |  |  |  |  |  |        |   4619                     li      a2,6
20002280:       |  |  |  |  |  |  |  |  |  |  |  |  |  |  |     /--|-- 00c68e63                 beq     a3,a2,2000229c <ottf_alerts_enable_all+0x4ea>
20002284:       |  |  |  |  |  |  |  |  |  |  +--|--|--|--|-----|--|-- 07969763                 bne     a3,s9,200022f2 <ottf_alerts_enable_all+0x540>
/proc/self/cwd/sw/device/lib/dif/dif_alert_handler.c:409
20002288:       |  |  |  |  |  |  |  |  |  |  |  |  |  |  |     |  |   4190                     lw      a2,0(a1)
mmio_region_write32_shadowed():
/proc/self/cwd/./sw/device/lib/base/mmio.h:166
2000228a:       |  |  |  |  |  |  |  |  |  |  |  |  |  |  |     |  |   86fe                     mv      a3,t6
2000228c:       |  |  |  |  |  |  |  |  |  |  |  |  |  |  |     |  |   c290                     sw      a2,0(a3)
/proc/self/cwd/./sw/device/lib/base/mmio.h:168
2000228e:       |  |  |  |  |  |  |  |  |  |  |  |  |  |  |     |  |   c290                     sw      a2,0(a3)
20002290:       |  |  |  |  |  |  |  |  |  |  |  |  |  |  +-----|--|-- a811                     j       200022a4 <ottf_alerts_enable_all+0x4f2>
dif_alert_handler_configure_class():
/proc/self/cwd/sw/device/lib/dif/dif_alert_handler.c:414
20002292:       |  |  |  |  |  |  |  |  |  |  |  |  |  |  |     |  \-> 4190                     lw      a2,0(a1)
mmio_region_write32_shadowed():
/proc/self/cwd/./sw/device/lib/base/mmio.h:166
20002294:       |  |  |  |  |  |  |  |  |  |  |  |  |  |  |     |      86fa                     mv      a3,t5
20002296:       |  |  |  |  |  |  |  |  |  |  |  |  |  |  |     |      c290                     sw      a2,0(a3)
/proc/self/cwd/./sw/device/lib/base/mmio.h:168
20002298:       |  |  |  |  |  |  |  |  |  |  |  |  |  |  |     |      c290                     sw      a2,0(a3)
2000229a:       |  |  |  |  |  |  |  |  |  |  |  |  |  |  +-----|----- a029                     j       200022a4 <ottf_alerts_enable_all+0x4f2>
dif_alert_handler_configure_class():
/proc/self/cwd/sw/device/lib/dif/dif_alert_handler.c:419
2000229c:       |  |  |  |  |  |  |  |  |  |  |  |  |  |  |     \----> 4190                     lw      a2,0(a1)
mmio_region_write32_shadowed():
/proc/self/cwd/./sw/device/lib/base/mmio.h:166
2000229e:       |  |  |  |  |  |  |  |  |  |  |  |  |  |  |            86f6                     mv      a3,t4
200022a0:       |  |  |  |  |  |  |  |  |  |  |  |  |  |  |            c290                     sw      a2,0(a3)
/proc/self/cwd/./sw/device/lib/base/mmio.h:168
200022a2:       |  |  |  |  |  |  |  |  |  |  |  |  |  |  |            c290                     sw      a2,0(a3)
dif_alert_handler_configure_class():
/proc/self/cwd/sw/device/lib/dif/dif_alert_handler.c:330
200022a4:       |  |  |  |  |  |  |  |  |  |  |  |  |  |  \----------> 0505                     addi    a0,a0,1
200022a6:       |  |  |  |  |  |  |  |  |  |  |  |  |  |               05b1                     addi    a1,a1,12
200022a8:       |  |  |  |  |  |  |  |  |  |  |  |  |  |               829a                     mv      t0,t1
200022aa:       |  |  |  |  |  |  |  |  |  |  |  |  |  \-------------- f45561e3                 bltu    a0,t0,200021ec <ottf_alerts_enable_all+0x43a>
200022ae:       |  |  |  |  |  |  |  |  |  |  |  |  \----------------> 4701                     li      a4,0
mmio_region_write32_shadowed():
/proc/self/cwd/./sw/device/lib/base/mmio.h:166
200022b0:       |  |  |  |  |  |  |  |  |  |  |  |                     f8040613                 addi    a2,s0,-128
200022b4:       |  |  |  |  |  |  |  |  |  |  |  |                     4248                     lw      a0,4(a2)
200022b6:       |  |  |  |  |  |  |  |  |  |  |  |                     050a                     slli    a0,a0,0x2
200022b8:       |  |  |  |  |  |  |  |  |  |  |  |                     401505b7                 lui     a1,0x40150
200022bc:       |  |  |  |  |  |  |  |  |  |  |  |                     952e                     add     a0,a0,a1
200022be:       |  |  |  |  |  |  |  |  |  |  |  |                     86de                     mv      a3,s7
200022c0:       |  |  |  |  |  |  |  |  |  |  |  |                     c114                     sw      a3,0(a0)
/proc/self/cwd/./sw/device/lib/base/mmio.h:168
200022c2:       |  |  |  |  |  |  |  |  |  |  |  |                     c114                     sw      a3,0(a0)
/proc/self/cwd/./sw/device/lib/base/mmio.h:166
200022c4:       |  |  |  |  |  |  |  |  |  |  |  |                     4648                     lw      a0,12(a2)
200022c6:       |  |  |  |  |  |  |  |  |  |  |  |                     050a                     slli    a0,a0,0x2
200022c8:       |  |  |  |  |  |  |  |  |  |  |  |                     952e                     add     a0,a0,a1
200022ca:       |  |  |  |  |  |  |  |  |  |  |  |                     869e                     mv      a3,t2
200022cc:       |  |  |  |  |  |  |  |  |  |  |  |                     c114                     sw      a3,0(a0)
/proc/self/cwd/./sw/device/lib/base/mmio.h:168
200022ce:       |  |  |  |  |  |  |  |  |  |  |  |                     c114                     sw      a3,0(a0)
dif_alert_handler_configure_class():
/proc/self/cwd/sw/device/lib/dif/dif_alert_handler.c:444
200022d0:       |  |  |  |  |  |  |  |  |  |  |  |                     1871                     addi    a6,a6,-4
mmio_region_write32_shadowed():
/proc/self/cwd/./sw/device/lib/base/mmio.h:166
200022d2:       |  |  |  |  |  |  |  |  |  |  |  |                     4a08                     lw      a0,16(a2)
200022d4:       |  |  |  |  |  |  |  |  |  |  |  |                     050a                     slli    a0,a0,0x2
200022d6:       |  |  |  |  |  |  |  |  |  |  |  |                     952e                     add     a0,a0,a1
200022d8:       |  |  |  |  |  |  |  |  |  |  |  |                     86c2                     mv      a3,a6
200022da:       |  |  |  |  |  |  |  |  |  |  |  |                     c114                     sw      a3,0(a0)
/proc/self/cwd/./sw/device/lib/base/mmio.h:168
200022dc:       |  |  |  |  |  |  |  |  |  |  |  |                     c114                     sw      a3,0(a0)
/proc/self/cwd/./sw/device/lib/base/mmio.h:166
200022de:       |  |  |  |  |  |  |  |  |  |  |  |                     4608                     lw      a0,8(a2)
200022e0:       |  |  |  |  |  |  |  |  |  |  |  |                     050a                     slli    a0,a0,0x2
200022e2:       |  |  |  |  |  |  |  |  |  |  |  |                     40150ab7                 lui     s5,0x40150
200022e6:       |  |  |  |  |  |  |  |  |  |  |  |                     952e                     add     a0,a0,a1
200022e8:       |  |  |  |  |  |  |  |  |  |  |  |                     8586                     mv      a1,ra
200022ea:       |  |  |  |  |  |  |  |  |  |  |  |                     c10c                     sw      a1,0(a0)
/proc/self/cwd/./sw/device/lib/base/mmio.h:168
200022ec:       |  |  |  |  |  |  |  |  |  |  |  |                     c10c                     sw      a1,0(a0)
200022ee:       |  |  |  |  |  |  |  |  |  |  +--|-------------------- a011                     j       200022f2 <ottf_alerts_enable_all+0x540>
200022f0:       |  |  |  |  |  |  |  |  |  |  |  \-------------------> 4725                     li      a4,9
alert_handler_testutils_configure_all():
/proc/self/cwd/sw/device/lib/testing/alert_handler_testutils.c:152
200022f2:       |  |  |  |  |  |  |  |  |  |  \----------------------> fce42423                 sw      a4,-56(s0)
200022f6:       |  |  |  |  |  |  |  |  |  |                           fc440513                 addi    a0,s0,-60
200022fa:       |  |  |  |  |  |  |  |  |  |                           fc840593                 addi    a1,s0,-56
200022fe:       |  |  |  |  |  |  |  |  |  |                           4611                     li      a2,4
20002300:       |  |  |  |  |  |  |  |  |  |                           00001097                 auipc   ra,0x1
20002304:       |  |  |  |  |  |  |  |  |  |                           9d6080e7                 jalr    -1578(ra) # 20002cd6 <memcpy>
20002308:       |  |  |  |  |  |  |  |  |  |                           00001297                 auipc   t0,0x1
2000230c:       |  |  |  |  |  |  |  |  |  |                           b98282e7                 jalr    t0,-1128(t0) # 20002ea0 <OUTLINED_FUNCTION_4>
20002310:       |  |  |  |  |  |  |  |  |  |                           09a5f693                 andi    a3,a1,154
20002314:       |  |  |  |  |  |  |  |  |  |                           00002597                 auipc   a1,0x2
20002318:       |  |  |  |  |  |  |  |  |  |                           82858613                 addi    a2,a1,-2008 # 20003b3c <_text_end+0xc78>
2000231c:       |  |  |  |  |  |  |  |  |  |                           85ca                     mv      a1,s2
2000231e:       |  |  |  |  |  |  |  |  |  |                           00001097                 auipc   ra,0x1
20002322:       |  |  |  |  |  |  |  |  |  |                           8cc080e7                 jalr    -1844(ra) # 20002bea <status_create>
/proc/self/cwd/sw/device/lib/testing/alert_handler_testutils.c:151
20002326:       |  |  |  |  |  |  |  |  |  |                           0485                     addi    s1,s1,1
/proc/self/cwd/sw/device/lib/testing/alert_handler_testutils.c:152
20002328:       |  |  |  |  |  |  |  |  |  \-------------------------- de055ce3                 bgez    a0,20002120 <ottf_alerts_enable_all+0x36e>
2000232c:       |  |  |  |  |  |  |  |  |                              8baa                     mv      s7,a0
2000232e:       |  |  |  |  |  |  |  |  |                              897d                     andi    a0,a0,31
20002330:       |  |  |  |  |  |  |  |  |                              00002597                 auipc   a1,0x2
20002334:       |  |  |  |  |  |  |  |  |                              80c58613                 addi    a2,a1,-2036 # 20003b3c <_text_end+0xc78>
20002338:       |  |  |  |  |  |  |  |  |                              006175b7                 lui     a1,0x617
2000233c:       |  |  |  |  |  |  |  |  |                              87458593                 addi    a1,a1,-1932 # 616874 <_owner_slot_b+0x586874>
20002340:       |  |  |  |  |  |  |  |  |                              09a00693                 li      a3,154
20002344:       |  |  |  |  |  |  |  |  |                              00001097                 auipc   ra,0x1
20002348:       |  |  |  |  |  |  |  |  |                              8a6080e7                 jalr    -1882(ra) # 20002bea <status_create>
status_report():
/proc/self/cwd/sw/device/lib/testing/test_framework/ottf_main.c:103
2000234c:       |  |  |  |  |  |  |  |  |                              1d8a2903                 lw      s2,472(s4)
20002350:       |  |  |  |  |  |  |  |  |                              45a9                     li      a1,10
20002352:       |  |  |  |  |  |  |  |  |                              02b975b3                 remu    a1,s2,a1
20002356:       |  |  |  |  |  |  |  |  |                              2165c5b3                 sh2add  a1,a1,s6
2000235a:       |  |  |  |  |  |  |  |  |                              c188                     sw      a0,0(a1)
2000235c:       |  |  |  |  |  |  |  |  |                              f9842a83                 lw      s5,-104(s0)
20002360:       |  |  |  |  |  |  |  |  |  /-------------------------- a43d                     j       2000258e <ottf_alerts_enable_all+0x7dc>
20002362:       |  |  \--|--|--|--|--|--|--|-------------------------> 8baa                     mv      s7,a0
20002364:       |  |     |  |  |  |  |  |  |                           897d                     andi    a0,a0,31
alert_handler_testutils_configure_all():
/proc/self/cwd/sw/device/lib/testing/alert_handler_testutils.c:113
20002366:       |  |     |  |  |  |  |  |  |                           00001597                 auipc   a1,0x1
2000236a:       |  |     |  |  |  |  |  |  |                           7d658613                 addi    a2,a1,2006 # 20003b3c <_text_end+0xc78>
2000236e:       |  |     |  |  |  |  |  |  |                           07100693                 li      a3,113
20002372:       |  |     |  |  |  |  |  |  |  /----------------------- a409                     j       20002574 <ottf_alerts_enable_all+0x7c2>
20002374:       |  |     \--|--|--|--|--|--|--|----------------------> 8baa                     mv      s7,a0
20002376:       |  |        |  |  |  |  |  |  |                        897d                     andi    a0,a0,31
/proc/self/cwd/sw/device/lib/testing/alert_handler_testutils.c:114
20002378:       |  |        |  |  |  |  |  |  |                        00001597                 auipc   a1,0x1
2000237c:       |  |        |  |  |  |  |  |  |                        7c458613                 addi    a2,a1,1988 # 20003b3c <_text_end+0xc78>
20002380:       |  |        |  |  |  |  |  |  |                        07200693                 li      a3,114
20002384:       |  |        |  |  |  |  |  |  +----------------------- aac5                     j       20002574 <ottf_alerts_enable_all+0x7c2>
20002386:       |  |        \--|--|--|--|--|--|----------------------> 8baa                     mv      s7,a0
20002388:       |  |           |  |  |  |  |  |                        897d                     andi    a0,a0,31
/proc/self/cwd/sw/device/lib/testing/alert_handler_testutils.c:117
2000238a:       |  |           |  |  |  |  |  |                        00001597                 auipc   a1,0x1
2000238e:       |  |           |  |  |  |  |  |                        7b258613                 addi    a2,a1,1970 # 20003b3c <_text_end+0xc78>
20002392:       |  |           |  |  |  |  |  |                        07800693                 li      a3,120
20002396:       |  |           |  |  |  |  |  +----------------------- aaf9                     j       20002574 <ottf_alerts_enable_all+0x7c2>
20002398:       |  |           |  |  |  \--|--|----------------------> 40150537                 lui     a0,0x40150
mmio_region_read32():
/proc/self/cwd/./sw/device/lib/base/mmio.h:96
2000239c:       |  |           |  |  |     |  |                        454c                     lw      a1,12(a0)
dif_alert_handler_configure_ping_timer():
/proc/self/cwd/sw/device/lib/dif/dif_alert_handler.c:507
2000239e:       |  |           |  |  |     |  |                 /----- c5a9                     beqz    a1,200023e8 <ottf_alerts_enable_all+0x636>
200023a0:       |  |           |  |  |     |  |                 |      4581                     li      a1,0
200023a2:       |  |           |  |  |     |  |                 |      6641                     lui     a2,0x10
200023a4:       |  |           |  |  |     |  |                 |      167d                     addi    a2,a2,-1
mmio_region_write32_shadowed():
/proc/self/cwd/./sw/device/lib/base/mmio.h:166
200023a6:       |  |           |  |  |     |  |                 |      c910                     sw      a2,16(a0)
/proc/self/cwd/./sw/device/lib/base/mmio.h:168
200023a8:       |  |           |  |  |     |  |                 |      c910                     sw      a2,16(a0)
200023aa:       |  |           |  |  |     |  |                 |      4605                     li      a2,1
/proc/self/cwd/./sw/device/lib/base/mmio.h:166
200023ac:       |  |           |  |  |     |  |                 |      c950                     sw      a2,20(a0)
/proc/self/cwd/./sw/device/lib/base/mmio.h:168
200023ae:       |  |           |  |  |     |  |                 |      c950                     sw      a2,20(a0)
200023b0:       |  |           |  |  |     |  |                 |  /-- a82d                     j       200023ea <ottf_alerts_enable_all+0x638>
200023b2:       |  |           \--|--|-----|--|-----------------|--|-> 8baa                     mv      s7,a0
200023b4:       |  |              |  |     |  |                 |  |   897d                     andi    a0,a0,31
alert_handler_testutils_configure_all():
/proc/self/cwd/sw/device/lib/testing/alert_handler_testutils.c:121
200023b6:       |  |              |  |     |  |                 |  |   00001597                 auipc   a1,0x1
200023ba:       |  |              |  |     |  |                 |  |   78658613                 addi    a2,a1,1926 # 20003b3c <_text_end+0xc78>
200023be:       |  |              |  |     |  |                 |  |   07c00693                 li      a3,124
200023c2:       |  |              |  |     |  +-----------------|--|-- aa4d                     j       20002574 <ottf_alerts_enable_all+0x7c2>
200023c4:       |  |              \--|-----|--|-----------------|--|-> 8baa                     mv      s7,a0
200023c6:       |  |                 |     |  |                 |  |   897d                     andi    a0,a0,31
/proc/self/cwd/sw/device/lib/testing/alert_handler_testutils.c:125
200023c8:       |  |                 |     |  |                 |  |   00001597                 auipc   a1,0x1
200023cc:       |  |                 |     |  |                 |  |   77458613                 addi    a2,a1,1908 # 20003b3c <_text_end+0xc78>
200023d0:       |  |                 |     |  |                 |  |   08000693                 li      a3,128
200023d4:       |  |                 |     |  +-----------------|--|-- a245                     j       20002574 <ottf_alerts_enable_all+0x7c2>
200023d6:       |  |                 \-----|--|-----------------|--|-> 8baa                     mv      s7,a0
200023d8:       |  |                       |  |                 |  |   897d                     andi    a0,a0,31
/proc/self/cwd/sw/device/lib/testing/alert_handler_testutils.c:132
200023da:       |  |                       |  |                 |  |   00001597                 auipc   a1,0x1
200023de:       |  |                       |  |                 |  |   76258613                 addi    a2,a1,1890 # 20003b3c <_text_end+0xc78>
200023e2:       |  |                       |  |                 |  |   08600693                 li      a3,134
200023e6:       |  |                       |  +-----------------|--|-- a279                     j       20002574 <ottf_alerts_enable_all+0x7c2>
200023e8:       |  |                       |  |                 \--|-> 45a5                     li      a1,9
200023ea:       |  |                       |  |                    \-> f9842a83                 lw      s5,-104(s0)
/proc/self/cwd/sw/device/lib/testing/alert_handler_testutils.c:158
200023ee:       |  |                       |  |                        fcb42423                 sw      a1,-56(s0)
200023f2:       |  |                       |  |                        fc440513                 addi    a0,s0,-60
200023f6:       |  |                       |  |                        fc840593                 addi    a1,s0,-56
200023fa:       |  |                       |  |                        4611                     li      a2,4
200023fc:       |  |                       |  |                        00001097                 auipc   ra,0x1
20002400:       |  |                       |  |                        8da080e7                 jalr    -1830(ra) # 20002cd6 <memcpy>
20002404:       |  |                       |  |                        00001297                 auipc   t0,0x1
20002408:       |  |                       |  |                        a9c282e7                 jalr    t0,-1380(t0) # 20002ea0 <OUTLINED_FUNCTION_4>
2000240c:       |  |                       |  |                        09f5f693                 andi    a3,a1,159
20002410:       |  |                       |  |                        00001597                 auipc   a1,0x1
20002414:       |  |                       |  |                        72c58613                 addi    a2,a1,1836 # 20003b3c <_text_end+0xc78>
20002418:       |  |                       |  |                        006175b7                 lui     a1,0x617
2000241c:       |  |                       |  |                        87458913                 addi    s2,a1,-1932 # 616874 <_owner_slot_b+0x586874>
20002420:       |  |                       |  |                        85ca                     mv      a1,s2
20002422:       |  |                       |  |                        00000097                 auipc   ra,0x0
20002426:       |  |                       |  |                        7c8080e7                 jalr    1992(ra) # 20002bea <status_create>
2000242a:       |  |                       |  |                    /-- 12054d63                 bltz    a0,20002564 <ottf_alerts_enable_all+0x7b2>
2000242e:       |  |                       |  |                    |   40150537                 lui     a0,0x40150
mmio_region_read32():
/proc/self/cwd/./sw/device/lib/base/mmio.h:96
20002432:       |  |                       |  |                    |   414c                     lw      a1,4(a0)
bitfield_field32_write():
/proc/self/cwd/./sw/device/lib/base/bitfield.h:76
20002434:       |  |                       |  |                    |   0085e593                 ori     a1,a1,8
mmio_region_write32():
/proc/self/cwd/./sw/device/lib/base/mmio.h:149
20002438:       |  |                       |  |                    |   c14c                     sw      a1,4(a0)
2000243a:       |  |                       |  |                    |   00001297                 auipc   t0,0x1
2000243e:       |  |                       |  |                    |   a2e282e7                 jalr    t0,-1490(t0) # 20002e68 <OUTLINED_FUNCTION_1>
ottf_alerts_enable_all():
/proc/self/cwd/sw/device/lib/testing/test_framework/ottf_alerts.c:84
20002442:       |  |                       |  |                    |   00001097                 auipc   ra,0x1
20002446:       |  |                       |  |                    |   894080e7                 jalr    -1900(ra) # 20002cd6 <memcpy>
2000244a:       |  |                       |  |                    |   00001297                 auipc   t0,0x1
2000244e:       |  |                       |  |                    |   a56282e7                 jalr    t0,-1450(t0) # 20002ea0 <OUTLINED_FUNCTION_4>
20002452:       |  |                       |  |                    |   0555f693                 andi    a3,a1,85
20002456:       |  |                       |  |                    |   00001597                 auipc   a1,0x1
2000245a:       |  |                       |  |                    |   3ec58613                 addi    a2,a1,1004 # 20003842 <_text_end+0x97e>
2000245e:       |  |                       |  |                    |   4581                     li      a1,0
20002460:       |  |                       |  |                    |   00000097                 auipc   ra,0x0
20002464:       |  |                       |  |                    |   78a080e7                 jalr    1930(ra) # 20002bea <status_create>
20002468:       |  |                       |  |  /-----------------|-- 18054063                 bltz    a0,200025e8 <ottf_alerts_enable_all+0x836>
2000246c:       |  |                       |  |  |                 |   00001297                 auipc   t0,0x1
20002470:       |  |                       |  |  |                 |   9fc282e7                 jalr    t0,-1540(t0) # 20002e68 <OUTLINED_FUNCTION_1>
/proc/self/cwd/sw/device/lib/testing/test_framework/ottf_alerts.c:88
20002474:       |  |                       |  |  |                 |   00001097                 auipc   ra,0x1
20002478:       |  |                       |  |  |                 |   862080e7                 jalr    -1950(ra) # 20002cd6 <memcpy>
2000247c:       |  |                       |  |  |                 |   00001297                 auipc   t0,0x1
20002480:       |  |                       |  |  |                 |   a24282e7                 jalr    t0,-1500(t0) # 20002ea0 <OUTLINED_FUNCTION_4>
20002484:       |  |                       |  |  |                 |   0585f693                 andi    a3,a1,88
20002488:       |  |                       |  |  |                 |   00001597                 auipc   a1,0x1
2000248c:       |  |                       |  |  |                 |   3ba58613                 addi    a2,a1,954 # 20003842 <_text_end+0x97e>
20002490:       |  |                       |  |  |                 |   4581                     li      a1,0
20002492:       |  |                       |  |  |                 |   00000097                 auipc   ra,0x0
20002496:       |  |                       |  |  |                 |   758080e7                 jalr    1880(ra) # 20002bea <status_create>
2000249a:       |  |                       |  |  |  /--------------|-- 16054063                 bltz    a0,200025fa <ottf_alerts_enable_all+0x848>
2000249e:       |  |                       |  |  |  |              |   48000537                 lui     a0,0x48000
200024a2:       |  |                       |  |  |  |              |   458d                     li      a1,3
mmio_region_write32():
/proc/self/cwd/./sw/device/lib/base/mmio.h:149
200024a4:       |  |                       |  |  |  |              |   20b52423                 sw      a1,520(a0) # 48000208 <_non_volatile_scratch_end+0x27f80208>
200024a8:       |  |                       |  |  |  |              |   00001297                 auipc   t0,0x1
200024ac:       |  |                       |  |  |  |              |   9c0282e7                 jalr    t0,-1600(t0) # 20002e68 <OUTLINED_FUNCTION_1>
ottf_alerts_enable_all():
/proc/self/cwd/sw/device/lib/testing/test_framework/ottf_alerts.c:93
200024b0:       |  |                       |  |  |  |              |   00001097                 auipc   ra,0x1
200024b4:       |  |                       |  |  |  |              |   826080e7                 jalr    -2010(ra) # 20002cd6 <memcpy>
200024b8:       |  |                       |  |  |  |              |   00001297                 auipc   t0,0x1
200024bc:       |  |                       |  |  |  |              |   9e8282e7                 jalr    t0,-1560(t0) # 20002ea0 <OUTLINED_FUNCTION_4>
200024c0:       |  |                       |  |  |  |              |   05e5f693                 andi    a3,a1,94
200024c4:       |  |                       |  |  |  |              |   00001597                 auipc   a1,0x1
200024c8:       |  |                       |  |  |  |              |   37e58613                 addi    a2,a1,894 # 20003842 <_text_end+0x97e>
200024cc:       |  |                       |  |  |  |              |   4581                     li      a1,0
200024ce:       |  |                       |  |  |  |              |   00000097                 auipc   ra,0x0
200024d2:       |  |                       |  |  |  |              |   71c080e7                 jalr    1820(ra) # 20002bea <status_create>
200024d6:       |  |                       |  |  |  |  /-----------|-- 12054b63                 bltz    a0,2000260c <ottf_alerts_enable_all+0x85a>
200024da:       |  |                       |  |  |  |  |           |   48002537                 lui     a0,0x48002
mmio_region_read32():
/proc/self/cwd/./sw/device/lib/base/mmio.h:96
200024de:       |  |                       |  |  |  |  |           |   490c                     lw      a1,16(a0)
bitfield_field32_write():
/proc/self/cwd/./sw/device/lib/base/bitfield.h:76
200024e0:       |  |                       |  |  |  |  |           |   0045e593                 ori     a1,a1,4
mmio_region_write32():
/proc/self/cwd/./sw/device/lib/base/mmio.h:149
200024e4:       |  |                       |  |  |  |  |           |   c90c                     sw      a1,16(a0)
200024e6:       |  |                       |  |  |  |  |           |   00001297                 auipc   t0,0x1
200024ea:       |  |                       |  |  |  |  |           |   982282e7                 jalr    t0,-1662(t0) # 20002e68 <OUTLINED_FUNCTION_1>
ottf_alerts_enable_all():
/proc/self/cwd/sw/device/lib/testing/test_framework/ottf_alerts.c:95
200024ee:       |  |                       |  |  |  |  |           |   00000097                 auipc   ra,0x0
200024f2:       |  |                       |  |  |  |  |           |   7e8080e7                 jalr    2024(ra) # 20002cd6 <memcpy>
200024f6:       |  |                       |  |  |  |  |           |   00001297                 auipc   t0,0x1
200024fa:       |  |                       |  |  |  |  |           |   9aa282e7                 jalr    t0,-1622(t0) # 20002ea0 <OUTLINED_FUNCTION_4>
200024fe:       |  |                       |  |  |  |  |           |   0605f693                 andi    a3,a1,96
20002502:       |  |                       |  |  |  |  |           |   00001597                 auipc   a1,0x1
20002506:       |  |                       |  |  |  |  |           |   34058613                 addi    a2,a1,832 # 20003842 <_text_end+0x97e>
2000250a:       |  |                       |  |  |  |  |           |   4581                     li      a1,0
2000250c:       |  |                       |  |  |  |  |           |   00000097                 auipc   ra,0x0
20002510:       |  |                       |  |  |  |  |           |   6de080e7                 jalr    1758(ra) # 20002bea <status_create>
20002514:       |  |                       |  |  |  |  |  /--------|-- 10054563                 bltz    a0,2000261e <ottf_alerts_enable_all+0x86c>
20002518:       |  |                       |  |  |  |  |  |        |   48200537                 lui     a0,0x48200
mmio_region_write32():
/proc/self/cwd/./sw/device/lib/base/mmio.h:149
2000251c:       |  |                       |  |  |  |  |  |        |   00052023                 sw      zero,0(a0) # 48200000 <_non_volatile_scratch_end+0x28180000>
20002520:       |  |                       |  |  |  |  |  |        |   00001297                 auipc   t0,0x1
20002524:       |  |                       |  |  |  |  |  |        |   948282e7                 jalr    t0,-1720(t0) # 20002e68 <OUTLINED_FUNCTION_1>
ottf_alerts_enable_all():
/proc/self/cwd/sw/device/lib/testing/test_framework/ottf_alerts.c:97
20002528:       |  |                       |  |  |  |  |  |        |   00000097                 auipc   ra,0x0
2000252c:       |  |                       |  |  |  |  |  |        |   7ae080e7                 jalr    1966(ra) # 20002cd6 <memcpy>
20002530:       |  |                       |  |  |  |  |  |        |   00001297                 auipc   t0,0x1
20002534:       |  |                       |  |  |  |  |  |        |   970282e7                 jalr    t0,-1680(t0) # 20002ea0 <OUTLINED_FUNCTION_4>
20002538:       |  |                       |  |  |  |  |  |        |   0615f693                 andi    a3,a1,97
2000253c:       |  |                       |  |  |  |  |  |        |   00001597                 auipc   a1,0x1
20002540:       |  |                       |  |  |  |  |  |        |   30658613                 addi    a2,a1,774 # 20003842 <_text_end+0x97e>
20002544:       |  |                       |  |  |  |  |  |        |   4581                     li      a1,0
20002546:       |  |                       |  |  |  |  |  |        |   00000097                 auipc   ra,0x0
2000254a:       |  |                       |  |  |  |  |  |        |   6a4080e7                 jalr    1700(ra) # 20002bea <status_create>
2000254e:       |  |                       |  |  |  |  |  |     /--|-- 0e054163                 bltz    a0,20002630 <ottf_alerts_enable_all+0x87e>
20002552:       |  |                       |  |  |  |  |  |     |  |   4521                     li      a0,8
irq_global_ctrl():
/proc/self/cwd/sw/device/lib/runtime/irq.c:19
20002554:       |  |                       |  |  |  |  |  |     |  |   30052073                 csrs    mstatus,a0
20002558:       |  |                       |  |  |  |  |  |     |  |   28b01513                 bseti   a0,zero,0xb
irq_external_ctrl():
/proc/self/cwd/sw/device/lib/runtime/irq.c:28
2000255c:       |  |                       |  |  |  |  |  |     |  |   30452073                 csrs    mie,a0
20002560:       |  |                       |  |  |  |  |  |     |  |   4b81                     li      s7,0
20002562:       |  |                       |  |  |  |  |  |  /--|--|-- a085                     j       200025c2 <ottf_alerts_enable_all+0x810>
20002564:       |  |                       |  |  |  |  |  |  |  |  \-> 8baa                     mv      s7,a0
20002566:       |  |                       |  |  |  |  |  |  |  |      897d                     andi    a0,a0,31
alert_handler_testutils_configure_all():
/proc/self/cwd/sw/device/lib/testing/alert_handler_testutils.c:158
20002568:       |  |                       |  |  |  |  |  |  |  |      00001597                 auipc   a1,0x1
2000256c:       |  |                       |  |  |  |  |  |  |  |      5d458613                 addi    a2,a1,1492 # 20003b3c <_text_end+0xc78>
20002570:       |  |                       |  |  |  |  |  |  |  |      09f00693                 li      a3,159
20002574:       |  |                       |  \--|--|--|--|--|--|----> 85ca                     mv      a1,s2
20002576:       |  \-----------------------|-----|--|--|--|--|--|----> 00000097                 auipc   ra,0x0
2000257a:       |                          |     |  |  |  |  |  |      674080e7                 jalr    1652(ra) # 20002bea <status_create>
2000257e:       |                          |     |  |  |  |  |  |      1d8a2903                 lw      s2,472(s4)
20002582:       |                          |     |  |  |  |  |  |      45a9                     li      a1,10
20002584:       |                          |     |  |  |  |  |  |      02b975b3                 remu    a1,s2,a1
20002588:       |                          |     |  |  |  |  |  |      2165c5b3                 sh2add  a1,a1,s6
2000258c:       |                          |     |  |  |  |  |  |      c188                     sw      a0,0(a1)
2000258e:       |                          \-----|--|--|--|--|--|----> 00190493                 addi    s1,s2,1
20002592:       |                                |  |  |  |  |  |      1c9a2c23                 sw      s1,472(s4)
20002596:       |                                |  |  |  |  |  |      01fbf513                 andi    a0,s7,31
ottf_alerts_enable_all():
/proc/self/cwd/sw/device/lib/testing/test_framework/ottf_alerts.c:81
2000259a:       |                                |  |  |  |  |  |      00001597                 auipc   a1,0x1
2000259e:       |                                |  |  |  |  |  |      2a858613                 addi    a2,a1,680 # 20003842 <_text_end+0x97e>
200025a2:       |                                |  |  |  |  |  |      05200693                 li      a3,82
200025a6:       |                                |  |  |  |  |  |      4581                     li      a1,0
200025a8:       |                                |  |  |  |  |  |      00000097                 auipc   ra,0x0
200025ac:       |                                |  |  |  |  |  |      642080e7                 jalr    1602(ra) # 20002bea <status_create>
200025b0:       |                                |  |  |  |  |  |      45a9                     li      a1,10
status_report():
/proc/self/cwd/sw/device/lib/testing/test_framework/ottf_main.c:103
200025b2:       |                                |  |  |  |  |  |      02b4f5b3                 remu    a1,s1,a1
200025b6:       |                                |  |  |  |  |  |      2165c5b3                 sh2add  a1,a1,s6
200025ba:       |                                |  |  |  |  |  |      c188                     sw      a0,0(a1)
/proc/self/cwd/sw/device/lib/testing/test_framework/ottf_main.c:104
200025bc:       |                                |  |  |  |  |  |      0909                     addi    s2,s2,2
200025be:       |                                |  |  |  |  |  |      1d2a2c23                 sw      s2,472(s4)
ottf_alerts_enable_all():
/proc/self/cwd/sw/device/lib/testing/test_framework/ottf_alerts.c:103
200025c2:       |                                |  |  |  |  >--|----> 8156                     mv      sp,s5
200025c4:       \--------------------------------|--|--|--|--|--|----> 855e                     mv      a0,s7
200025c6:                                        |  |  |  |  |  |      f8040113                 addi    sp,s0,-128
200025ca:                                        |  |  |  |  |  |      50f6                     lw      ra,124(sp)
200025cc:                                        |  |  |  |  |  |      5466                     lw      s0,120(sp)
200025ce:                                        |  |  |  |  |  |      54d6                     lw      s1,116(sp)
200025d0:                                        |  |  |  |  |  |      5946                     lw      s2,112(sp)
200025d2:                                        |  |  |  |  |  |      59b6                     lw      s3,108(sp)
200025d4:                                        |  |  |  |  |  |      5a26                     lw      s4,104(sp)
200025d6:                                        |  |  |  |  |  |      5a96                     lw      s5,100(sp)
200025d8:                                        |  |  |  |  |  |      5b06                     lw      s6,96(sp)
200025da:                                        |  |  |  |  |  |      4bf6                     lw      s7,92(sp)
200025dc:                                        |  |  |  |  |  |      4c66                     lw      s8,88(sp)
200025de:                                        |  |  |  |  |  |      4cd6                     lw      s9,84(sp)
200025e0:                                        |  |  |  |  |  |      4d46                     lw      s10,80(sp)
200025e2:                                        |  |  |  |  |  |      4db6                     lw      s11,76(sp)
200025e4:                                        |  |  |  |  |  |      6109                     addi    sp,sp,128
200025e6:                                        |  |  |  |  |  |      8082                     ret
200025e8:                                        \--|--|--|--|--|----> 8baa                     mv      s7,a0
200025ea:                                           |  |  |  |  |      897d                     andi    a0,a0,31
/proc/self/cwd/sw/device/lib/testing/test_framework/ottf_alerts.c:84
200025ec:                                           |  |  |  |  |      00001597                 auipc   a1,0x1
200025f0:                                           |  |  |  |  |      25658613                 addi    a2,a1,598 # 20003842 <_text_end+0x97e>
200025f4:                                           |  |  |  |  |      05500693                 li      a3,85
200025f8:                                           |  |  |  |  |  /-- a0a1                     j       20002640 <ottf_alerts_enable_all+0x88e>
200025fa:                                           \--|--|--|--|--|-> 8baa                     mv      s7,a0
200025fc:                                              |  |  |  |  |   897d                     andi    a0,a0,31
/proc/self/cwd/sw/device/lib/testing/test_framework/ottf_alerts.c:88
200025fe:                                              |  |  |  |  |   00001597                 auipc   a1,0x1
20002602:                                              |  |  |  |  |   24458613                 addi    a2,a1,580 # 20003842 <_text_end+0x97e>
20002606:                                              |  |  |  |  |   05800693                 li      a3,88
2000260a:                                              |  |  |  |  +-- a81d                     j       20002640 <ottf_alerts_enable_all+0x88e>
2000260c:                                              \--|--|--|--|-> 8baa                     mv      s7,a0
2000260e:                                                 |  |  |  |   897d                     andi    a0,a0,31
/proc/self/cwd/sw/device/lib/testing/test_framework/ottf_alerts.c:93
20002610:                                                 |  |  |  |   00001597                 auipc   a1,0x1
20002614:                                                 |  |  |  |   23258613                 addi    a2,a1,562 # 20003842 <_text_end+0x97e>
20002618:                                                 |  |  |  |   05e00693                 li      a3,94
2000261c:                                                 |  |  |  +-- a015                     j       20002640 <ottf_alerts_enable_all+0x88e>
2000261e:                                                 \--|--|--|-> 8baa                     mv      s7,a0
20002620:                                                    |  |  |   897d                     andi    a0,a0,31
/proc/self/cwd/sw/device/lib/testing/test_framework/ottf_alerts.c:95
20002622:                                                    |  |  |   00001597                 auipc   a1,0x1
20002626:                                                    |  |  |   22058613                 addi    a2,a1,544 # 20003842 <_text_end+0x97e>
2000262a:                                                    |  |  |   06000693                 li      a3,96
2000262e:                                                    |  |  +-- a809                     j       20002640 <ottf_alerts_enable_all+0x88e>
20002630:                                                    |  \--|-> 8baa                     mv      s7,a0
20002632:                                                    |     |   897d                     andi    a0,a0,31
/proc/self/cwd/sw/device/lib/testing/test_framework/ottf_alerts.c:97
20002634:                                                    |     |   00001597                 auipc   a1,0x1
20002638:                                                    |     |   20e58613                 addi    a2,a1,526 # 20003842 <_text_end+0x97e>
2000263c:                                                    |     |   06100693                 li      a3,97
20002640:                                                    |     \-> 4581                     li      a1,0
20002642:                                                    |         00000097                 auipc   ra,0x0
20002646:                                                    |         5a8080e7                 jalr    1448(ra) # 20002bea <status_create>
2000264a:                                                    |         1d8a2583                 lw      a1,472(s4)
2000264e:                                                    |         4629                     li      a2,10
20002650:                                                    |         02c5f633                 remu    a2,a1,a2
20002654:                                                    |         21664633                 sh2add  a2,a2,s6
20002658:                                                    |         c208                     sw      a0,0(a2)
2000265a:                                                    |         0585                     addi    a1,a1,1
2000265c:                                                    |         1cba2c23                 sw      a1,472(s4)
20002660:                                                    \-------- b78d                     j       200025c2 <ottf_alerts_enable_all+0x810>

20002662 <test_status_set>:
test_status_set():
/proc/self/cwd/sw/device/lib/testing/test_framework/status.c:27
20002662:              1141                     addi    sp,sp,-16
20002664:              c606                     sw      ra,12(sp)
20002666:              c422                     sw      s0,8(sp)
20002668:              c226                     sw      s1,4(sp)
2000266a:              65b1                     lui     a1,0xc
2000266c:              aad58493                 addi    s1,a1,-1363 # baad <_non_volatile_scratch_size+0x6aad>
/proc/self/cwd/sw/device/lib/testing/test_framework/status.c:35
20002670:          /-- 02950f63                 beq     a0,s1,200026ae <test_status_set+0x4c>
20002674:          |   842a                     mv      s0,a0
20002676:          |   64a5                     lui     s1,0x9
20002678:          |   04b5                     addi    s1,s1,13
2000267a:       /--|-- 04950363                 beq     a0,s1,200026c0 <test_status_set+0x5e>
/proc/self/cwd/sw/device/lib/testing/test_framework/status.c:49
2000267e:       |  |   e000e517                 auipc   a0,0xe000e
20002682:       |  |   98250513                 addi    a0,a0,-1662 # 10000 <_dv_log_offset>
20002686:       |  |   dfffe597                 auipc   a1,0xdfffe
2000268a:       |  |   cda58593                 addi    a1,a1,-806 # 360 <test_status_set.kLogFields.5>
2000268e:       |  |   952e                     add     a0,a0,a1
20002690:       |  |   4585                     li      a1,1
20002692:       |  |   8622                     mv      a2,s0
20002694:       |  |   00000097                 auipc   ra,0x0
20002698:       |  |   058080e7                 jalr    88(ra) # 200026ec <base_log_internal_dv>
2000269c:       |  |   411f0537                 lui     a0,0x411f0
mmio_region_write32():
/proc/self/cwd/./sw/device/lib/base/mmio.h:149
200026a0:       |  |   08852023                 sw      s0,128(a0) # 411f0080 <_non_volatile_scratch_end+0x21170080>
test_status_set():
/proc/self/cwd/sw/device/lib/testing/test_framework/status.c:54
200026a4:       |  |   40b2                     lw      ra,12(sp)
200026a6:       |  |   4422                     lw      s0,8(sp)
200026a8:       |  |   4492                     lw      s1,4(sp)
200026aa:       |  |   0141                     addi    sp,sp,16
200026ac:       |  |   8082                     ret
/proc/self/cwd/sw/device/lib/testing/test_framework/status.c:43
200026ae:       |  \-> e000e517                 auipc   a0,0xe000e
200026b2:       |      95250513                 addi    a0,a0,-1710 # 10000 <_dv_log_offset>
200026b6:       |      dfffe597                 auipc   a1,0xdfffe
200026ba:       |      c9658593                 addi    a1,a1,-874 # 34c <test_status_set.kLogFields.2>
200026be:       |  /-- a809                     j       200026d0 <test_status_set+0x6e>
/proc/self/cwd/sw/device/lib/testing/test_framework/status.c:37
200026c0:       \--|-> e000e517                 auipc   a0,0xe000e
200026c4:          |   94050513                 addi    a0,a0,-1728 # 10000 <_dv_log_offset>
200026c8:          |   dfffe597                 auipc   a1,0xdfffe
200026cc:          |   c7058593                 addi    a1,a1,-912 # 338 <test_status_set.kLogFields>
200026d0:          \-> 952e                     add     a0,a0,a1
200026d2:              4581                     li      a1,0
200026d4:              00000097                 auipc   ra,0x0
200026d8:              018080e7                 jalr    24(ra) # 200026ec <base_log_internal_dv>
200026dc:              411f0537                 lui     a0,0x411f0
200026e0:              08952023                 sw      s1,128(a0) # 411f0080 <_non_volatile_scratch_end+0x21170080>
200026e4:              00000097                 auipc   ra,0x0
200026e8:              76c080e7                 jalr    1900(ra) # 20002e50 <abort>

200026ec <base_log_internal_dv>:
base_log_internal_dv():
/proc/self/cwd/sw/device/lib/runtime/log.c:85
200026ec:              1101                     addi    sp,sp,-32
200026ee:              ce46                     sw      a7,28(sp)
200026f0:              cc42                     sw      a6,24(sp)
200026f2:              ca3e                     sw      a5,20(sp)
200026f4:              c83a                     sw      a4,16(sp)
200026f6:              c636                     sw      a3,12(sp)
200026f8:              c432                     sw      a2,8(sp)
200026fa:              411f0637                 lui     a2,0x411f0
mmio_region_write32():
/proc/self/cwd/./sw/device/lib/base/mmio.h:149
200026fe:              08a62223                 sw      a0,132(a2) # 411f0084 <_non_volatile_scratch_end+0x21170084>
20002702:              0028                     addi    a0,sp,8
base_log_internal_dv():
/proc/self/cwd/sw/device/lib/runtime/log.c:91
20002704:              c22a                     sw      a0,4(sp)
/proc/self/cwd/sw/device/lib/runtime/log.c:92
20002706:              0068                     addi    a0,sp,12
20002708:       /----- c989                     beqz    a1,2000271a <base_log_internal_dv+0x2e>
/proc/self/cwd/sw/device/lib/runtime/log.c:93
2000270a:       |  /-> c22a                     sw      a0,4(sp)
2000270c:       |  |   ffc52683                 lw      a3,-4(a0)
mmio_region_write32():
/proc/self/cwd/./sw/device/lib/base/mmio.h:149
20002710:       |  |   08d62223                 sw      a3,132(a2)
base_log_internal_dv():
/proc/self/cwd/sw/device/lib/runtime/log.c:92
20002714:       |  |   0511                     addi    a0,a0,4
20002716:       |  |   15fd                     addi    a1,a1,-1
20002718:       |  \-- f9ed                     bnez    a1,2000270a <base_log_internal_dv+0x1e>
/proc/self/cwd/sw/device/lib/runtime/log.c:96
2000271a:       \----> 6105                     addi    sp,sp,32
2000271c:              8082                     ret

2000271e <base_dev_null>:
base_dev_null():
/proc/self/cwd/sw/device/lib/runtime/print.c:54
2000271e:       8532                    mv      a0,a2
/proc/self/cwd/sw/device/lib/runtime/print.c:55
20002720:       8082                    ret

20002722 <base_printf>:
base_printf():
/proc/self/cwd/sw/device/lib/runtime/print.c:71
20002722:                                            715d                       addi    sp,sp,-80
20002724:                                            d606                       sw      ra,44(sp)
20002726:                                            d422                       sw      s0,40(sp)
20002728:                                            d226                       sw      s1,36(sp)
2000272a:                                            d04a                       sw      s2,32(sp)
2000272c:                                            ce4e                       sw      s3,28(sp)
2000272e:                                            cc52                       sw      s4,24(sp)
20002730:                                            842a                       mv      s0,a0
20002732:                                            c6c6                       sw      a7,76(sp)
20002734:                                            c4c2                       sw      a6,72(sp)
20002736:                                            c2be                       sw      a5,68(sp)
20002738:                                            c0ba                       sw      a4,64(sp)
2000273a:                                            de36                       sw      a3,60(sp)
2000273c:                                            dc32                       sw      a2,56(sp)
2000273e:                                            da2e                       sw      a1,52(sp)
20002740:                                            1848                       addi    a0,sp,52
/proc/self/cwd/sw/device/lib/runtime/print.c:73
20002742:                                            c62a                       sw      a0,12(sp)
20002744:                                            ca2a                       sw      a0,20(sp)
base_vfprintf():
/proc/self/cwd/sw/device/lib/runtime/print.c:550
20002746:                                            c82a                       sw      a0,16(sp)
20002748:                                            0f600a13           li      s4,246
2000274c:                                            02100913           li      s2,33
20002750:                                            02000993           li      s3,32
/proc/self/cwd/sw/device/lib/runtime/print.c:553
20002754:       /----------------------------------> 00044503           lbu     a0,0(s0)
20002758:       |  /-------------------------------- 32050f63           beqz    a0,20002a96 <base_printf+0x374>
2000275c:       |  |                                 4501                       li      a0,0
consume_until_percent():
/proc/self/cwd/sw/device/lib/runtime/print.c:141
2000275e:       |  |                    /----------> 00a40633           add     a2,s0,a0
20002762:       |  |                    |            00064603           lbu     a2,0(a2)
/proc/self/cwd/sw/device/lib/runtime/print.c:142
20002766:       |  |                    |            fdb60693           addi    a3,a2,-37
2000276a:       |  |                    |        /-- c291                       beqz    a3,2000276e <base_printf+0x4c>
2000276c:       |  |                    |  /-----|-- e611                       bnez    a2,20002778 <base_printf+0x56>
/proc/self/cwd/sw/device/lib/runtime/print.c:146
2000276e:       |  |                    |  |     \-> 942a                       add     s0,s0,a0
/proc/self/cwd/sw/device/lib/runtime/print.c:147
20002770:       |  |                    |  |         00c035b3           snez    a1,a2
20002774:       |  |                    |  |     /-- e681                       bnez    a3,2000277c <base_printf+0x5a>
20002776:       |  |                    |  |  /--|-- a021                       j       2000277e <base_printf+0x5c>
/proc/self/cwd/sw/device/lib/runtime/print.c:149
20002778:       |  |                    |  \--|--|-> 0505                       addi    a0,a0,1
2000277a:       |  |                    |     +--|-- c291                       beqz    a3,2000277e <base_printf+0x5c>
2000277c:       |  |                    \-----|--\-X f26d                       bnez    a2,2000275e <base_printf+0x3c>
base_vfprintf():
/proc/self/cwd/sw/device/lib/runtime/print.c:554
2000277e:       |  |                          \----> 8985                       andi    a1,a1,1
20002780:       |  +-------------------------------- 30058b63           beqz    a1,20002a96 <base_printf+0x374>
consume_format_specifier():
/proc/self/cwd/sw/device/lib/runtime/print.c:182
20002784:       |  |                                 00144503           lbu     a0,1(s0)
20002788:       |  |                                 fdf50813           addi    a6,a0,-33
2000278c:       |  |                          /----- 00080463           beqz    a6,20002794 <base_printf+0x72>
20002790:       |  |                          |      0405                       addi    s0,s0,1
20002792:       |  |                          |  /-- a011                       j       20002796 <base_printf+0x74>
20002794:       |  |                          \--|-> 0409                       addi    s0,s0,2
20002796:       |  |                             \-> 4701                       li      a4,0
20002798:       |  |                                 4501                       li      a0,0
2000279a:       |  |                                 4601                       li      a2,0
2000279c:       |  |                                 4781                       li      a5,0
2000279e:       |  |                       /-------> 0405                       addi    s0,s0,1
/proc/self/cwd/sw/device/lib/runtime/print.c:195
200027a0:       |  |                       |         fff44683           lbu     a3,-1(s0)
/proc/self/cwd/sw/device/lib/runtime/print.c:196
200027a4:       |  +-----------------------|-------- 2e068963           beqz    a3,20002a96 <base_printf+0x374>
/proc/self/cwd/sw/device/lib/runtime/print.c:200
200027a8:       |  |                       |         fc668593           addi    a1,a3,-58
200027ac:       |  |                       |         0ff5f593           andi    a1,a1,255
200027b0:       |  |                       |         0ff7f493           andi    s1,a5,255
200027b4:       |  |                       |  /----- 0345e863           bltu    a1,s4,200027e4 <base_printf+0xc2>
/proc/self/cwd/sw/device/lib/runtime/print.c:203
200027b8:       |  |                       |  |  /-- ec91                       bnez    s1,200027d4 <base_printf+0xb2>
200027ba:       |  |                       |  |  |   02000513           li      a0,32
200027be:       |  |                       |  |  |   03000593           li      a1,48
/proc/self/cwd/sw/device/lib/runtime/print.c:204
200027c2:       |  |                       |  |  |   fd068493           addi    s1,a3,-48
200027c6:       |  |                       |  |  |   02000793           li      a5,32
200027ca:       |  |                       |  |  +-- e489                       bnez    s1,200027d4 <base_printf+0xb2>
200027cc:       |  |                       |  |  |   03000793           li      a5,48
200027d0:       |  |                       |  |  |   852e                       mv      a0,a1
200027d2:       |  |                       +--|--|-- b7f1                       j       2000279e <base_printf+0x7c>
/proc/self/cwd/sw/device/lib/runtime/print.c:212
200027d4:       |  |                       |  |  \-> 20c645b3           sh2add  a1,a2,a2
200027d8:       |  |                       |  |      20d5a5b3           sh1add  a1,a1,a3
200027dc:       |  |                       |  |      fd058713           addi    a4,a1,-48
200027e0:       |  |                       |  |      863a                       mv      a2,a4
200027e2:       |  |                       \--|----- bf75                       j       2000279e <base_printf+0x7c>
/proc/self/cwd/sw/device/lib/runtime/print.c:216
200027e4:       |  |                          \--/-X c601                       beqz    a2,200027ec <base_printf+0xca>
200027e6:       |  |                          /--|-- 00c9f563           bgeu    s3,a2,200027f0 <base_printf+0xce>
200027ea:       |  +--------------------------|--|-- a475                       j       20002a96 <base_printf+0x374>
200027ec:       |  +--------------------------|--\-X 2a049563           bnez    s1,20002a96 <base_printf+0x374>
process_specifier():
/proc/self/cwd/sw/device/lib/runtime/print.c:368
200027f0:       |  |                          \----> fa868593           addi    a1,a3,-88
200027f4:       |  |                                 0ff57293           andi    t0,a0,255
200027f8:       |  |                             /-- 02b96e63           bltu    s2,a1,20002834 <base_printf+0x112>
200027fc:       |  |                             |   00000517           auipc   a0,0x0
20002800:       |  |                             |   70c50513           addi    a0,a0,1804 # 20002f08 <_text_end+0x44>
20002804:       |  |                             |   20a5c533           sh2add  a0,a1,a0
20002808:       |  |                             |   4108                       lw      a0,0(a0)
2000280a:       |  |                             |   8502                       jr      a0
/proc/self/cwd/sw/device/lib/runtime/print.c:416
2000280c:       +--|-----------------------------|-- f40804e3           beqz    a6,20002754 <base_printf+0x32>
/proc/self/cwd/sw/device/lib/runtime/print.c:419
20002810:       |  |                             |   4542                       lw      a0,16(sp)
20002812:       |  |                             |   00450593           addi    a1,a0,4
20002816:       |  |                             |   c82e                       sw      a1,16(sp)
20002818:       |  |                             |   4108                       lw      a0,0(a0)
/proc/self/cwd/sw/device/lib/runtime/print.c:420
2000281a:       |  |                             |   40a005b3           neg     a1,a0
2000281e:       |  |                             |   0ab56633           max     a2,a0,a1
/proc/self/cwd/sw/device/lib/runtime/print.c:425
20002822:       |  |                             |   00000517           auipc   a0,0x0
20002826:       |  |                             |   efc50593           addi    a1,a0,-260 # 2000271e <base_dev_null>
2000282a:       |  |                             |   00001517           auipc   a0,0x1
2000282e:       |  |                             |   76250813           addi    a6,a0,1890 # 20003f8c <kDigitsLow>
20002832:       |  |        /--------------------|-- aa59                       j       200029c8 <base_printf+0x2a6>
/proc/self/cwd/sw/device/lib/runtime/print.c:368
20002834:       |  |        |                    \-> fb868513           addi    a0,a3,-72
20002838:       |  |        |                    /-- cd05                       beqz    a0,20002870 <base_printf+0x14e>
2000283a:       |  |        |                    |   fbd68513           addi    a0,a3,-67
2000283e:       |  |  /-----|--------------------|-- 20050c63           beqz    a0,20002a56 <base_printf+0x334>
20002842:       |  |  |     |                    |   fdb68513           addi    a0,a3,-37
20002846:       +--|--|-----|--------------------|-- b739                       j       20002754 <base_printf+0x32>
/proc/self/cwd/sw/device/lib/runtime/print.c:469
20002848:       |  |  |     |                    +-- 02081463           bnez    a6,20002870 <base_printf+0x14e>
/proc/self/cwd/sw/device/lib/runtime/print.c:470
2000284c:       |  |  |     |                    |   4542                       lw      a0,16(sp)
2000284e:       |  |  |     |                    |   00450593           addi    a1,a0,4
20002852:       |  |  |     |                    |   c82e                       sw      a1,16(sp)
20002854:       |  |  |     |                    |   4114                       lw      a3,0(a0)
/proc/self/cwd/sw/device/lib/runtime/print.c:471
20002856:       |  |  |     |                    |   00850593           addi    a1,a0,8
2000285a:       |  |  |     |                    |   c82e                       sw      a1,16(sp)
2000285c:       |  |  |     |                    |   4150                       lw      a2,4(a0)
/proc/self/cwd/sw/device/lib/runtime/print.c:472
2000285e:       |  |  |     |                    |   00000517           auipc   a0,0x0
20002862:       |  |  |     |                    |   ec050593           addi    a1,a0,-320 # 2000271e <base_dev_null>
20002866:       |  |  |     |                    |   00001517           auipc   a0,0x1
2000286a:       |  |  |     |                    |   73650893           addi    a7,a0,1846 # 20003f9c <kDigitsHigh>
2000286e:       |  |  |     |     /--------------|-- a251                       j       200029f2 <base_printf+0x2d0>
/proc/self/cwd/sw/device/lib/runtime/print.c:478
20002870:       |  |  |     |     |              \-> 4542                       lw      a0,16(sp)
20002872:       |  |  |     |     |                  00450593           addi    a1,a0,4
20002876:       |  |  |     |     |                  c82e                       sw      a1,16(sp)
20002878:       |  |  |     |     |                  4110                       lw      a2,0(a0)
/proc/self/cwd/sw/device/lib/runtime/print.c:480
2000287a:       |  |  |     |     |                  00000517           auipc   a0,0x0
2000287e:       |  |  |     |     |                  ea450593           addi    a1,a0,-348 # 2000271e <base_dev_null>
20002882:       |  |  |     |     |                  00001517           auipc   a0,0x1
20002886:       |  |  |     |     |                  71a50813           addi    a6,a0,1818 # 20003f9c <kDigitsHigh>
2000288a:       |  |  |     |  /--|----------------- a259                       j       20002a10 <base_printf+0x2ee>
/proc/self/cwd/sw/device/lib/runtime/print.c:494
2000288c:       +--|--|-----|--|--|----------------- ec0814e3           bnez    a6,20002754 <base_printf+0x32>
/proc/self/cwd/sw/device/lib/runtime/print.c:497
20002890:       |  |  |     |  |  |                  4542                       lw      a0,16(sp)
20002892:       |  |  |     |  |  |                  00450593           addi    a1,a0,4
20002896:       |  |  |     |  |  |                  c82e                       sw      a1,16(sp)
20002898:       |  |  |     |  |  |                  4114                       lw      a3,0(a0)
/proc/self/cwd/sw/device/lib/runtime/print.c:498
2000289a:       |  |  |     |  |  |                  00850593           addi    a1,a0,8
2000289e:       |  |  |     |  |  |                  c82e                       sw      a1,16(sp)
200028a0:       |  |  |     |  |  |                  4150                       lw      a2,4(a0)
/proc/self/cwd/sw/device/lib/runtime/print.c:499
200028a2:       |  |  |     |  |  |                  00000517           auipc   a0,0x0
200028a6:       |  |  |     |  |  |                  e7c50593           addi    a1,a0,-388 # 2000271e <base_dev_null>
200028aa:       |  |  |     |  |  |                  00001517           auipc   a0,0x1
200028ae:       |  |  |     |  |  |                  6f250893           addi    a7,a0,1778 # 20003f9c <kDigitsHigh>
200028b2:       |  |  |  /--|--|--|----------------- aa59                       j       20002a48 <base_printf+0x326>
200028b4:       |  |  |  |  |  |  |                  4542                       lw      a0,16(sp)
200028b6:       |  |  |  |  |  |  |                  00450593           addi    a1,a0,4
200028ba:       |  |  |  |  |  |  |                  c82e                       sw      a1,16(sp)
/proc/self/cwd/sw/device/lib/runtime/print.c:513
200028bc:       +--|--|--|--|--|--|----------------- e8080ce3           beqz    a6,20002754 <base_printf+0x32>
200028c0:       |  |  |  |  |  |  |                  4110                       lw      a2,0(a0)
/proc/self/cwd/sw/device/lib/runtime/print.c:525
200028c2:       |  |  |  |  |  |  |                  00000517           auipc   a0,0x0
200028c6:       |  |  |  |  |  |  |                  e5c50593           addi    a1,a0,-420 # 2000271e <base_dev_null>
200028ca:       |  |  |  |  |  |  |                  00001517           auipc   a0,0x1
200028ce:       |  |  |  |  |  |  |                  6c250813           addi    a6,a0,1730 # 20003f8c <kDigitsLow>
200028d2:       |  |  |  |  |  |  |                  4789                       li      a5,2
200028d4:       |  |  |  |  |  |  |  /-------------- aa3d                       j       20002a12 <base_printf+0x2f0>
/proc/self/cwd/sw/device/lib/runtime/print.c:377
200028d6:       +--|--|--|--|--|--|--|-------------- e6080fe3           beqz    a6,20002754 <base_printf+0x32>
/proc/self/cwd/sw/device/lib/runtime/print.c:380
200028da:       |  |  |  |  |  |  |  |               4542                       lw      a0,16(sp)
200028dc:       |  |  |  |  |  |  |  |               0511                       addi    a0,a0,4
200028de:       |  |  |  |  |  |  |  |               c82a                       sw      a0,16(sp)
200028e0:       +--|--|--|--|--|--|--|-------------- bd95                       j       20002754 <base_printf+0x32>
/proc/self/cwd/sw/device/lib/runtime/print.c:429
200028e2:       +--|--|--|--|--|--|--|-------------- e60809e3           beqz    a6,20002754 <base_printf+0x32>
/proc/self/cwd/sw/device/lib/runtime/print.c:432
200028e6:       |  |  |  |  |  |  |  |               4542                       lw      a0,16(sp)
200028e8:       |  |  |  |  |  |  |  |               00450593           addi    a1,a0,4
200028ec:       |  |  |  |  |  |  |  |               c82e                       sw      a1,16(sp)
200028ee:       |  |  |  |  |  |  |  |               4110                       lw      a2,0(a0)
/proc/self/cwd/sw/device/lib/runtime/print.c:434
200028f0:       |  |  |  |  |  |  |  |               00000517           auipc   a0,0x0
200028f4:       |  |  |  |  |  |  |  |               e2e50593           addi    a1,a0,-466 # 2000271e <base_dev_null>
200028f8:       |  |  |  |  |  |  |  |               00001517           auipc   a0,0x1
200028fc:       |  |  |  |  |  |  |  |               69450813           addi    a6,a0,1684 # 20003f8c <kDigitsLow>
20002900:       |  |  |  |  |  |  |  |               47a1                       li      a5,8
20002902:       |  |  |  |  |  |  |  +-------------- aa01                       j       20002a12 <base_printf+0x2f0>
/proc/self/cwd/sw/device/lib/runtime/print.c:438
20002904:       +--|--|--|--|--|--|--|-------------- e40808e3           beqz    a6,20002754 <base_printf+0x32>
/proc/self/cwd/sw/device/lib/runtime/print.c:448
20002908:       |  |  |  |  |  |  |  |               4542                       lw      a0,16(sp)
2000290a:       |  |  |  |  |  |  |  |               00450593           addi    a1,a0,4
2000290e:       |  |  |  |  |  |  |  |               c82e                       sw      a1,16(sp)
20002910:       |  |  |  |  |  |  |  |               4110                       lw      a2,0(a0)
/proc/self/cwd/sw/device/lib/runtime/print.c:450
20002912:       |  |  |  |  |  |  |  |               00000517           auipc   a0,0x0
20002916:       |  |  |  |  |  |  |  |               e0c50593           addi    a1,a0,-500 # 2000271e <base_dev_null>
2000291a:       |  |  |  |  |  |  |  |               00001517           auipc   a0,0x1
2000291e:       |  |  |  |  |  |  |  |               67250813           addi    a6,a0,1650 # 20003f8c <kDigitsLow>
20002922:       |  |  |  |  |  |  |  |               46a1                       li      a3,8
20002924:       |  |  |  |  |  |  |  |               03000713           li      a4,48
20002928:       |  |  |  |  |  |  |  |               47c1                       li      a5,16
2000292a:       |  |  |  |  |  |  |  |               4501                       li      a0,0
2000292c:       |  |  |  |  |  |  |  |               00000097           auipc   ra,0x0
20002930:       |  |  |  |  |  |  |  |               17a080e7           jalr    378(ra) # 20002aa6 <write_digits>
20002934:       +--|--|--|--|--|--|--|-------------- b505                       j       20002754 <base_printf+0x32>
/proc/self/cwd/sw/device/lib/runtime/print.c:529
20002936:       |  |  |  |  |  |  |  |               4542                       lw      a0,16(sp)
20002938:       |  |  |  |  |  |  |  |               00450593           addi    a1,a0,4
2000293c:       |  |  |  |  |  |  |  |               c82e                       sw      a1,16(sp)
2000293e:       |  |  |  |  |  |  |  |               4110                       lw      a2,0(a0)
status_err():
/proc/self/cwd/./sw/device/lib/base/status.h:243
20002940:       |  |  |  |  |  |  |  |               00062513           slti    a0,a2,0
20002944:       |  |  |  |  |  |  |  |               00154513           xori    a0,a0,1
20002948:       |  |  |  |  |  |  |  |               01f67593           andi    a1,a2,31
2000294c:       |  |  |  |  |  |  |  |               0015b693           seqz    a3,a1
20002950:       |  |  |  |  |  |  |  |               00d56733           or      a4,a0,a3
20002954:       |  |  |  |  |  |  |  |               02000693           li      a3,32
status_extract():
/proc/self/cwd/sw/device/lib/base/status.c:124
20002958:       |  |  |  |  |  |  |  |           /-- e311                       bnez    a4,2000295c <base_printf+0x23a>
2000295a:       |  |  |  |  |  |  |  |           |   86ae                       mv      a3,a1
2000295c:       |  |  |  |  |  |  |  |           \-> 157d                       addi    a0,a0,-1
2000295e:       |  |  |  |  |  |  |  |               8d75                       and     a0,a0,a3
/proc/self/cwd/sw/device/lib/base/status.c:128
20002960:       |  |  |  |  |  |  |  |           /-- c119                       beqz    a0,20002966 <base_printf+0x244>
20002962:       |  |  |  |  |  |  |  |           |   0642                       slli    a2,a2,0x10
20002964:       |  |  |  |  |  |  |  |           |   8255                       srli    a2,a2,0x15
20002966:       |  |  |  |  |  |  |  |           \-> 00001597           auipc   a1,0x1
2000296a:       |  |  |  |  |  |  |  |               64658593           addi    a1,a1,1606 # 20003fac <status_codes>
2000296e:       |  |  |  |  |  |  |  |               20b545b3           sh2add  a1,a0,a1
20002972:       |  |  |  |  |  |  |  |               418c                       lw      a1,0(a1)
write_status():
/proc/self/cwd/sw/device/lib/runtime/print.c:274
20002974:       |  |  |  |  |  |  |  |           /-> 0005c683           lbu     a3,0(a1)
/proc/self/cwd/sw/device/lib/runtime/print.c:275
20002978:       |  |  |  |  |  |  |  |           |   0585                       addi    a1,a1,1
/proc/self/cwd/sw/device/lib/runtime/print.c:274
2000297a:       |  |  |  |  |  |  |  |           \-- feed                       bnez    a3,20002974 <base_printf+0x252>
/proc/self/cwd/sw/device/lib/runtime/print.c:283
2000297c:       |  |  |  |  |  |  |  |  /----------- cd65                       beqz    a0,20002a74 <base_printf+0x352>
2000297e:       |  |  |  |  |  |  |  |  |            450d                       li      a0,3
/proc/self/cwd/sw/device/lib/runtime/print.c:286
20002980:       |  |  |  |  |  |  |  |  |     /----- c119                       beqz    a0,20002986 <base_printf+0x264>
20002982:       |  |  |  |  |  |  |  |  |     |  /-> 157d                       addi    a0,a0,-1
20002984:       |  |  |  |  |  |  |  |  |     |  \-- fd7d                       bnez    a0,20002982 <base_printf+0x260>
/proc/self/cwd/sw/device/lib/runtime/print.c:294
20002986:       |  |  |  |  |  |  |  |  |     \----> 00000517           auipc   a0,0x0
2000298a:       |  |  |  |  |  |  |  |  |            d9850593           addi    a1,a0,-616 # 2000271e <base_dev_null>
2000298e:       |  |  |  |  |  |  |  |  |            00001517           auipc   a0,0x1
20002992:       |  |  |  |  |  |  |  |  |            5fe50813           addi    a6,a0,1534 # 20003f8c <kDigitsLow>
20002996:       |  |  |  |  |  |  |  |  |  /-------- a0fd                       j       20002a84 <base_printf+0x362>
20002998:       |  |  |  |  |  |  |  |  |  |         4542                       lw      a0,16(sp)
2000299a:       |  |  |  |  |  |  |  |  |  |         00450593           addi    a1,a0,4
2000299e:       |  |  |  |  |  |  |  |  |  |         c82e                       sw      a1,16(sp)
process_specifier():
/proc/self/cwd/sw/device/lib/runtime/print.c:400
200029a0:       |  |  |  |  |  |  |  |  |  |  /----- 0c081463           bnez    a6,20002a68 <base_printf+0x346>
/proc/self/cwd/sw/device/lib/runtime/print.c:405
200029a4:       |  |  |  |  |  |  |  |  |  |  |      0521                       addi    a0,a0,8
200029a6:       |  |  |  |  |  |  |  |  |  |  |      c82a                       sw      a0,16(sp)
200029a8:       +--|--|--|--|--|--|--|--|--|--|----- b375                       j       20002754 <base_printf+0x32>
/proc/self/cwd/sw/device/lib/runtime/print.c:504
200029aa:       +--|--|--|--|--|--|--|--|--|--|----- da0805e3           beqz    a6,20002754 <base_printf+0x32>
/proc/self/cwd/sw/device/lib/runtime/print.c:507
200029ae:       |  |  |  |  |  |  |  |  |  |  |      4542                       lw      a0,16(sp)
200029b0:       |  |  |  |  |  |  |  |  |  |  |      00450593           addi    a1,a0,4
200029b4:       |  |  |  |  |  |  |  |  |  |  |      c82e                       sw      a1,16(sp)
200029b6:       |  |  |  |  |  |  |  |  |  |  |      4110                       lw      a2,0(a0)
/proc/self/cwd/sw/device/lib/runtime/print.c:509
200029b8:       |  |  |  |  |  |  |  |  |  |  |      00000517           auipc   a0,0x0
200029bc:       |  |  |  |  |  |  |  |  |  |  |      d6650593           addi    a1,a0,-666 # 2000271e <base_dev_null>
200029c0:       |  |  |  |  |  |  |  |  |  |  |      00001517           auipc   a0,0x1
200029c4:       |  |  |  |  |  |  |  |  |  |  |      5cc50813           addi    a6,a0,1484 # 20003f8c <kDigitsLow>
200029c8:       |  |  |  |  \--|--|--|--|--|--|----> 47a9                       li      a5,10
200029ca:       |  |  |  |     |  |  +--|--|--|----- a0a1                       j       20002a12 <base_printf+0x2f0>
/proc/self/cwd/sw/device/lib/runtime/print.c:454
200029cc:       |  |  |  |     |  |  |  |  |  |  /-- 02081563           bnez    a6,200029f6 <base_printf+0x2d4>
/proc/self/cwd/sw/device/lib/runtime/print.c:455
200029d0:       |  |  |  |     |  |  |  |  |  |  |   4542                       lw      a0,16(sp)
200029d2:       |  |  |  |     |  |  |  |  |  |  |   00450593           addi    a1,a0,4
200029d6:       |  |  |  |     |  |  |  |  |  |  |   c82e                       sw      a1,16(sp)
200029d8:       |  |  |  |     |  |  |  |  |  |  |   4114                       lw      a3,0(a0)
/proc/self/cwd/sw/device/lib/runtime/print.c:456
200029da:       |  |  |  |     |  |  |  |  |  |  |   00850593           addi    a1,a0,8
200029de:       |  |  |  |     |  |  |  |  |  |  |   c82e                       sw      a1,16(sp)
200029e0:       |  |  |  |     |  |  |  |  |  |  |   4150                       lw      a2,4(a0)
/proc/self/cwd/sw/device/lib/runtime/print.c:457
200029e2:       |  |  |  |     |  |  |  |  |  |  |   00000517           auipc   a0,0x0
200029e6:       |  |  |  |     |  |  |  |  |  |  |   d3c50593           addi    a1,a0,-708 # 2000271e <base_dev_null>
200029ea:       |  |  |  |     |  |  |  |  |  |  |   00001517           auipc   a0,0x1
200029ee:       |  |  |  |     |  |  |  |  |  |  |   5a250893           addi    a7,a0,1442 # 20003f8c <kDigitsLow>
200029f2:       |  |  |  |     |  \--|--|--|--|--|-> 4805                       li      a6,1
200029f4:       |  |  |  +-----|-----|--|--|--|--|-- a891                       j       20002a48 <base_printf+0x326>
/proc/self/cwd/sw/device/lib/runtime/print.c:463
200029f6:       |  |  |  |     |     |  |  |  |  \-> 4542                       lw      a0,16(sp)
200029f8:       |  |  |  |     |     |  |  |  |      00450593           addi    a1,a0,4
200029fc:       |  |  |  |     |     |  |  |  |      c82e                       sw      a1,16(sp)
200029fe:       |  |  |  |     |     |  |  |  |      4110                       lw      a2,0(a0)
/proc/self/cwd/sw/device/lib/runtime/print.c:465
20002a00:       |  |  |  |     |     |  |  |  |      00000517           auipc   a0,0x0
20002a04:       |  |  |  |     |     |  |  |  |      d1e50593           addi    a1,a0,-738 # 2000271e <base_dev_null>
20002a08:       |  |  |  |     |     |  |  |  |      00001517           auipc   a0,0x1
20002a0c:       |  |  |  |     |     |  |  |  |      58450813           addi    a6,a0,1412 # 20003f8c <kDigitsLow>
20002a10:       |  |  |  |     \-----|--|--|--|----> 47c1                       li      a5,16
20002a12:       |  |  |  |           \--|--|--|----> 4501                       li      a0,0
20002a14:       |  |  |  |              |  |  |      86ba                       mv      a3,a4
20002a16:       |  |  |  |              |  |  |      8716                       mv      a4,t0
20002a18:       |  |  |  |              |  |  |      00000097           auipc   ra,0x0
20002a1c:       |  |  |  |              |  |  |      08e080e7           jalr    142(ra) # 20002aa6 <write_digits>
20002a20:       +--|--|--|--------------|--|--|----- bb15                       j       20002754 <base_printf+0x32>
/proc/self/cwd/sw/device/lib/runtime/print.c:484
20002a22:       +--|--|--|--------------|--|--|----- d20819e3           bnez    a6,20002754 <base_printf+0x32>
/proc/self/cwd/sw/device/lib/runtime/print.c:487
20002a26:       |  |  |  |              |  |  |      4542                       lw      a0,16(sp)
20002a28:       |  |  |  |              |  |  |      00450593           addi    a1,a0,4
20002a2c:       |  |  |  |              |  |  |      c82e                       sw      a1,16(sp)
20002a2e:       |  |  |  |              |  |  |      4114                       lw      a3,0(a0)
/proc/self/cwd/sw/device/lib/runtime/print.c:488
20002a30:       |  |  |  |              |  |  |      00850593           addi    a1,a0,8
20002a34:       |  |  |  |              |  |  |      c82e                       sw      a1,16(sp)
20002a36:       |  |  |  |              |  |  |      4150                       lw      a2,4(a0)
/proc/self/cwd/sw/device/lib/runtime/print.c:489
20002a38:       |  |  |  |              |  |  |      00000517           auipc   a0,0x0
20002a3c:       |  |  |  |              |  |  |      ce650593           addi    a1,a0,-794 # 2000271e <base_dev_null>
20002a40:       |  |  |  |              |  |  |      00001517           auipc   a0,0x1
20002a44:       |  |  |  |              |  |  |      54c50893           addi    a7,a0,1356 # 20003f8c <kDigitsLow>
20002a48:       |  |  |  \--------------|--|--|----> 4501                       li      a0,0
20002a4a:       |  |  |                 |  |  |      8796                       mv      a5,t0
20002a4c:       |  |  |                 |  |  |      00000097           auipc   ra,0x0
20002a50:       |  |  |                 |  |  |      0c2080e7           jalr    194(ra) # 20002b0e <hex_dump>
20002a54:       +--|--|-----------------|--|--|----- b301                       j       20002754 <base_printf+0x32>
/proc/self/cwd/sw/device/lib/runtime/print.c:385
20002a56:       |  |  \-----------------|--|--|----> 4542                       lw      a0,16(sp)
20002a58:       |  |                    |  |  |      0511                       addi    a0,a0,4
20002a5a:       |  |                    |  |  |      c82a                       sw      a0,16(sp)
20002a5c:       |  |                    |  |  |      4511                       li      a0,4
/proc/self/cwd/sw/device/lib/runtime/print.c:386
20002a5e:       +--|--------------------|--|--|----- ce050be3           beqz    a0,20002754 <base_printf+0x32>
20002a62:       |  |                    |  |  |  /-> 157d                       addi    a0,a0,-1
20002a64:       |  |                    |  |  |  \-- fd7d                       bnez    a0,20002a62 <base_printf+0x340>
20002a66:       +--|--------------------|--|--|----- b1fd                       j       20002754 <base_printf+0x32>
/proc/self/cwd/sw/device/lib/runtime/print.c:405
20002a68:       |  |                    |  |  \----> 4108                       lw      a0,0(a0)
/proc/self/cwd/sw/device/lib/runtime/print.c:406
20002a6a:       |  |                    |  |     /-> 00054583           lbu     a1,0(a0)
20002a6e:       |  |                    |  |     |   0505                       addi    a0,a0,1
20002a70:       |  |                    |  |     \-- fded                       bnez    a1,20002a6a <base_printf+0x348>
20002a72:       +--|--------------------|--|-------- b1cd                       j       20002754 <base_printf+0x32>
write_status():
/proc/self/cwd/sw/device/lib/runtime/print.c:298
20002a74:       |  |                    \--|-------> 00000517           auipc   a0,0x0
20002a78:       |  |                       |         caa50593           addi    a1,a0,-854 # 2000271e <base_dev_null>
20002a7c:       |  |                       |         00001517           auipc   a0,0x1
20002a80:       |  |                       |         51050813           addi    a6,a0,1296 # 20003f8c <kDigitsLow>
20002a84:       |  |                       \-------> 47a9                       li      a5,10
20002a86:       |  |                                 4501                       li      a0,0
20002a88:       |  |                                 4681                       li      a3,0
20002a8a:       |  |                                 4701                       li      a4,0
20002a8c:       |  |                                 00000097           auipc   ra,0x0
20002a90:       |  |                                 01a080e7           jalr    26(ra) # 20002aa6 <write_digits>
20002a94:       \--|-------------------------------- b1c1                       j       20002754 <base_printf+0x32>
base_printf():
/proc/self/cwd/sw/device/lib/runtime/print.c:76
20002a96:          \-------------------------------> 50b2                       lw      ra,44(sp)
20002a98:                                            5422                       lw      s0,40(sp)
20002a9a:                                            5492                       lw      s1,36(sp)
20002a9c:                                            5902                       lw      s2,32(sp)
20002a9e:                                            49f2                       lw      s3,28(sp)
20002aa0:                                            4a62                       lw      s4,24(sp)
20002aa2:                                            6161                       addi    sp,sp,80
20002aa4:                                            8082                       ret

20002aa6 <write_digits>:
write_digits():
/proc/self/cwd/sw/device/lib/runtime/print.c:239
20002aa6:              7179                     addi    sp,sp,-48
20002aa8:              d606                     sw      ra,44(sp)
20002aaa:              82b2                     mv      t0,a2
20002aac:              88ae                     mv      a7,a1
/proc/self/cwd/sw/device/lib/runtime/print.c:246
20002aae:          /-- c219                     beqz    a2,20002ab4 <write_digits+0xe>
20002ab0:          |   4601                     li      a2,0
20002ab2:       /--|-- a031                     j       20002abe <write_digits+0x18>
/proc/self/cwd/sw/device/lib/runtime/print.c:247
20002ab4:       |  \-> 00080583                 lb      a1,0(a6)
20002ab8:       |      02b105a3                 sb      a1,43(sp)
20002abc:       |      4605                     li      a2,1
20002abe:       \----> 006c                     addi    a1,sp,12
/proc/self/cwd/sw/device/lib/runtime/print.c:250
20002ac0:              8d91                     sub     a1,a1,a2
20002ac2:              02058593                 addi    a1,a1,32
20002ac6:       /----- 02028263                 beqz    t0,20002aea <write_digits+0x44>
20002aca:       |  /-> 00580333                 add     t1,a6,t0
/proc/self/cwd/sw/device/lib/runtime/print.c:252
20002ace:       |  |   02f2d2b3                 divu    t0,t0,a5
20002ad2:       |  |   02f283b3                 mul     t2,t0,a5
/proc/self/cwd/sw/device/lib/runtime/print.c:253
20002ad6:       |  |   40730333                 sub     t1,t1,t2
20002ada:       |  |   00030303                 lb      t1,0(t1)
20002ade:       |  |   fe658fa3                 sb      t1,-1(a1)
20002ae2:       |  |   15fd                     addi    a1,a1,-1
/proc/self/cwd/sw/device/lib/runtime/print.c:254
20002ae4:       |  |   0605                     addi    a2,a2,1
/proc/self/cwd/sw/device/lib/runtime/print.c:250
20002ae6:       |  \-- fe0292e3                 bnez    t0,20002aca <write_digits+0x24>
/proc/self/cwd/sw/device/lib/runtime/print.c:257
20002aea:       \--/-X e299                     bnez    a3,20002af0 <write_digits+0x4a>
20002aec:          |   4685                     li      a3,1
20002aee:       /--|-- a811                     j       20002b02 <write_digits+0x5c>
20002af0:       |  \-> 02000793                 li      a5,32
20002af4:       |      0af6d6b3                 minu    a3,a3,a5
20002af8:       +----- a029                     j       20002b02 <write_digits+0x5c>
/proc/self/cwd/sw/device/lib/runtime/print.c:259
20002afa:       |  /-> fee58fa3                 sb      a4,-1(a1)
20002afe:       |  |   15fd                     addi    a1,a1,-1
/proc/self/cwd/sw/device/lib/runtime/print.c:260
20002b00:       |  |   0605                     addi    a2,a2,1
/proc/self/cwd/sw/device/lib/runtime/print.c:258
20002b02:       \--\-X fed66ce3                 bltu    a2,a3,20002afa <write_digits+0x54>
/proc/self/cwd/sw/device/lib/runtime/print.c:262
20002b06:              9882                     jalr    a7
/proc/self/cwd/sw/device/lib/runtime/print.c:263
20002b08:              50b2                     lw      ra,44(sp)
20002b0a:              6145                     addi    sp,sp,48
20002b0c:              8082                     ret

20002b0e <hex_dump>:
hex_dump():
/proc/self/cwd/sw/device/lib/runtime/print.c:320
20002b0e:                 715d                  addi    sp,sp,-80
20002b10:                 c686                  sw      ra,76(sp)
20002b12:                 c4a2                  sw      s0,72(sp)
20002b14:                 c2a6                  sw      s1,68(sp)
20002b16:                 c0ca                  sw      s2,64(sp)
20002b18:                 de4e                  sw      s3,60(sp)
20002b1a:                 dc52                  sw      s4,56(sp)
20002b1c:                 da56                  sw      s5,52(sp)
20002b1e:                 d85a                  sw      s6,48(sp)
20002b20:                 d65e                  sw      s7,44(sp)
20002b22:                 d462                  sw      s8,40(sp)
20002b24:                 d266                  sw      s9,36(sp)
20002b26:                 d06a                  sw      s10,32(sp)
20002b28:                 8d46                  mv      s10,a7
20002b2a:                 8a42                  mv      s4,a6
20002b2c:                 8b36                  mv      s6,a3
20002b2e:                 8ab2                  mv      s5,a2
20002b30:                 892e                  mv      s2,a1
20002b32:                 89aa                  mv      s3,a0
/proc/self/cwd/sw/device/lib/runtime/print.c:324
20002b34:       /-------- 02e6fa63              bgeu    a3,a4,20002b68 <hex_dump+0x5a>
/proc/self/cwd/sw/device/lib/runtime/print.c:325
20002b38:       |         416704b3              sub     s1,a4,s6
/proc/self/cwd/sw/device/lib/runtime/print.c:326
20002b3c:       |         850a                  mv      a0,sp
20002b3e:       |         02000613              li      a2,32
20002b42:       |         02000c13              li      s8,32
20002b46:       |         85be                  mv      a1,a5
20002b48:       |         00000097              auipc   ra,0x0
20002b4c:       |         20a080e7              jalr    522(ra) # 20002d52 <memset>
20002b50:       |         4b81                  li      s7,0
/proc/self/cwd/sw/device/lib/runtime/print.c:327
20002b52:       |  /----- cc81                  beqz    s1,20002b6a <hex_dump+0x5c>
/proc/self/cwd/sw/device/lib/runtime/print.c:328
20002b54:       |  |  /-> 0b84d433              minu    s0,s1,s8
/proc/self/cwd/sw/device/lib/runtime/print.c:329
20002b58:       |  |  |   858a                  mv      a1,sp
20002b5a:       |  |  |   854e                  mv      a0,s3
20002b5c:       |  |  |   8622                  mv      a2,s0
20002b5e:       |  |  |   9902                  jalr    s2
20002b60:       |  |  |   9baa                  add     s7,s7,a0
/proc/self/cwd/sw/device/lib/runtime/print.c:330
20002b62:       |  |  |   8c81                  sub     s1,s1,s0
20002b64:       |  |  \-- f8e5                  bnez    s1,20002b54 <hex_dump+0x46>
20002b66:       |  +----- a011                  j       20002b6a <hex_dump+0x5c>
20002b68:       \--|----> 4b81                  li      s7,0
20002b6a:          \----> 4601                  li      a2,0
20002b6c:                 4401                  li      s0,0
/proc/self/cwd/sw/device/lib/runtime/print.c:334
20002b6e:                 1b7d                  addi    s6,s6,-1
20002b70:                 5c7d                  li      s8,-1
20002b72:                 8c8a                  mv      s9,sp
20002b74:       /-------- 058b0763              beq     s6,s8,20002bc2 <hex_dump+0xb4>
20002b78:       |  /----> 855a                  mv      a0,s6
/proc/self/cwd/sw/device/lib/runtime/print.c:335
20002b7a:       |  |  /-- 000a1363              bnez    s4,20002b80 <hex_dump+0x72>
20002b7e:       |  |  |   8522                  mv      a0,s0
/proc/self/cwd/sw/device/lib/runtime/print.c:336
20002b80:       |  |  \-> 9556                  add     a0,a0,s5
20002b82:       |  |      00054503              lbu     a0,0(a0)
20002b86:       |  |      00455593              srli    a1,a0,0x4
20002b8a:       |  |      95ea                  add     a1,a1,s10
20002b8c:       |  |      00058583              lb      a1,0(a1)
20002b90:       |  |      00cc86b3              add     a3,s9,a2
20002b94:       |  |      00b68023              sb      a1,0(a3)
/proc/self/cwd/sw/device/lib/runtime/print.c:337
20002b98:       |  |      893d                  andi    a0,a0,15
20002b9a:       |  |      956a                  add     a0,a0,s10
20002b9c:       |  |      00050503              lb      a0,0(a0)
/proc/self/cwd/sw/device/lib/runtime/print.c:338
20002ba0:       |  |      0609                  addi    a2,a2,2
/proc/self/cwd/sw/device/lib/runtime/print.c:340
20002ba2:       |  |      fe060593              addi    a1,a2,-32
/proc/self/cwd/sw/device/lib/runtime/print.c:337
20002ba6:       |  |      00a680a3              sb      a0,1(a3)
/proc/self/cwd/sw/device/lib/runtime/print.c:340
20002baa:       |  |  /-- e981                  bnez    a1,20002bba <hex_dump+0xac>
/proc/self/cwd/sw/device/lib/runtime/print.c:341
20002bac:       |  |  |   858a                  mv      a1,sp
20002bae:       |  |  |   02000613              li      a2,32
20002bb2:       |  |  |   854e                  mv      a0,s3
20002bb4:       |  |  |   9902                  jalr    s2
20002bb6:       |  |  |   4601                  li      a2,0
20002bb8:       |  |  |   9baa                  add     s7,s7,a0
/proc/self/cwd/sw/device/lib/runtime/print.c:334
20002bba:       |  |  \-> 0405                  addi    s0,s0,1
20002bbc:       |  |      1b7d                  addi    s6,s6,-1
20002bbe:       |  \----- fb8b1de3              bne     s6,s8,20002b78 <hex_dump+0x6a>
20002bc2:       \-----/-X c609                  beqz    a2,20002bcc <hex_dump+0xbe>
/proc/self/cwd/sw/device/lib/runtime/print.c:347
20002bc4:             |   858a                  mv      a1,sp
20002bc6:             |   854e                  mv      a0,s3
20002bc8:             |   9902                  jalr    s2
20002bca:             |   9baa                  add     s7,s7,a0
/proc/self/cwd/sw/device/lib/runtime/print.c:349
20002bcc:             \-> 855e                  mv      a0,s7
20002bce:                 40b6                  lw      ra,76(sp)
20002bd0:                 4426                  lw      s0,72(sp)
20002bd2:                 4496                  lw      s1,68(sp)
20002bd4:                 4906                  lw      s2,64(sp)
20002bd6:                 59f2                  lw      s3,60(sp)
20002bd8:                 5a62                  lw      s4,56(sp)
20002bda:                 5ad2                  lw      s5,52(sp)
20002bdc:                 5b42                  lw      s6,48(sp)
20002bde:                 5bb2                  lw      s7,44(sp)
20002be0:                 5c22                  lw      s8,40(sp)
20002be2:                 5c92                  lw      s9,36(sp)
20002be4:                 5d02                  lw      s10,32(sp)
20002be6:                 6161                  addi    sp,sp,80
20002be8:                 8082                  ret

20002bea <status_create>:
status_create():
/proc/self/cwd/sw/device/lib/base/status.c:41
20002bea:                          82b6                 mv      t0,a3
/proc/self/cwd/sw/device/lib/base/status.c:42
20002bec:                /-------- c51d                 beqz    a0,20002c1a <status_create+0x30>
/proc/self/cwd/sw/device/lib/base/status.c:63
20002bee:          /-----|-------- edb1                 bnez    a1,20002c4a <status_create+0x60>
20002bf0:          |  /--|-------> 85b2                 mv      a1,a2
basename():
/proc/self/cwd/sw/device/lib/base/status.c:17
20002bf2:          |  |  |     /-> 0005c683             lbu     a3,0(a1)
/proc/self/cwd/sw/device/lib/base/status.c:18
20002bf6:          |  |  |     |   0585                 addi    a1,a1,1
/proc/self/cwd/sw/device/lib/base/status.c:17
20002bf8:          |  |  |     \-- feed                 bnez    a3,20002bf2 <status_create+0x8>
20002bfa:          |  |  |         4801                 li      a6,0
/proc/self/cwd/sw/device/lib/base/status.c:21
20002bfc:          |  |  |     /-> fff58793             addi    a5,a1,-1
20002c00:          |  |  |  /--|-- 02f67363             bgeu    a2,a5,20002c26 <status_create+0x3c>
20002c04:          |  |  |  |  |   ffe5c683             lbu     a3,-2(a1)
20002c08:          |  |  |  |  |   fd168713             addi    a4,a3,-47
20002c0c:          |  |  |  +--|-- cf09                 beqz    a4,20002c26 <status_create+0x3c>
20002c0e:          |  |  |  |  |   fa468693             addi    a3,a3,-92
20002c12:          |  |  |  +--|-- ca91                 beqz    a3,20002c26 <status_create+0x3c>
/proc/self/cwd/sw/device/lib/base/status.c:22
20002c14:          |  |  |  |  |   0805                 addi    a6,a6,1
20002c16:          |  |  |  |  |   85be                 mv      a1,a5
20002c18:          |  |  |  |  \-- b7d5                 j       20002bfc <status_create+0x12>
status_create():
/proc/self/cwd/sw/device/lib/base/status.c:43
20002c1a:       /--|--|--\--|----X 0a02dc63             bgez    t0,20002cd2 <status_create+0xe8>
20002c1e:       |  |  |     |      03000293             li      t0,48
20002c22:       |  +--|-----|----- e585                 bnez    a1,20002c4a <status_create+0x60>
20002c24:       |  |  \-----|----- b7f1                 j       20002bf0 <status_create+0x6>
20002c26:       |  |        \----> 460d                 li      a2,3
/proc/self/cwd/sw/device/lib/base/status.c:67
20002c28:       |  |           /-- 00c86d63             bltu    a6,a2,20002c42 <status_create+0x58>
20002c2c:       |  |           |   fff5c603             lbu     a2,-1(a1)
20002c30:       |  |           |   0005c683             lbu     a3,0(a1)
20002c34:       |  |           |   0015c583             lbu     a1,1(a1)
20002c38:       |  |           |   0642                 slli    a2,a2,0x10
20002c3a:       |  |           |   06a2                 slli    a3,a3,0x8
20002c3c:       |  |           |   8e55                 or      a2,a2,a3
20002c3e:       |  |           |   8dd1                 or      a1,a1,a2
20002c40:       |  +-----------|-- a029                 j       20002c4a <status_create+0x60>
20002c42:       |  |           \-> 007575b7             lui     a1,0x757
20002c46:       |  |               e6458593             addi    a1,a1,-412 # 756e64 <_owner_slot_b+0x6c6e64>
status_encode_module_id():
/proc/self/cwd/./sw/device/lib/base/internal/status.h:85
20002c4a:       |  \-------------> 0105d793             srli    a5,a1,0x10
__status_ascii_5bit():
/proc/self/cwd/./sw/device/lib/base/internal/status.h:66
20002c4e:       |                  0e07f613             andi    a2,a5,224
20002c52:       |                  fa078313             addi    t1,a5,-96
20002c56:       |                  0ff37693             andi    a3,t1,255
20002c5a:       |                  48ed                 li      a7,27
20002c5c:       |                  487d                 li      a6,31
20002c5e:       |              /-- 0116e363             bltu    a3,a7,20002c64 <status_create+0x7a>
20002c62:       |              |   437d                 li      t1,31
20002c64:       |              \-> fc060613             addi    a2,a2,-64
20002c68:       |              /-- e219                 bnez    a2,20002c6e <status_create+0x84>
20002c6a:       |              |   fc078313             addi    t1,a5,-64
status_encode_module_id():
/proc/self/cwd/./sw/device/lib/base/internal/status.h:86
20002c6e:       |              \-> 0085d613             srli    a2,a1,0x8
__status_ascii_5bit():
/proc/self/cwd/./sw/device/lib/base/internal/status.h:66
20002c72:       |                  fa060793             addi    a5,a2,-96
20002c76:       |                  0ff7f713             andi    a4,a5,255
20002c7a:       |                  0e067693             andi    a3,a2,224
20002c7e:       |              /-- 01176363             bltu    a4,a7,20002c84 <status_create+0x9a>
20002c82:       |              |   47fd                 li      a5,31
20002c84:       |              \-> fc068693             addi    a3,a3,-64
20002c88:       |              /-- e299                 bnez    a3,20002c8e <status_create+0xa4>
20002c8a:       |              |   fc060793             addi    a5,a2,-64
20002c8e:       |              \-> 0ff37613             andi    a2,t1,255
20002c92:       |                  0e05f693             andi    a3,a1,224
20002c96:       |                  fc068693             addi    a3,a3,-64
20002c9a:       |                  0016b693             seqz    a3,a3
20002c9e:       |                  fa058713             addi    a4,a1,-96
20002ca2:       |                  0ff77713             andi    a4,a4,255
20002ca6:       |                  01b73713             sltiu   a4,a4,27
20002caa:       |                  8ed9                 or      a3,a3,a4
status_encode_module_id():
/proc/self/cwd/./sw/device/lib/base/internal/status.h:86
20002cac:       |                  0ff7f713             andi    a4,a5,255
/proc/self/cwd/./sw/device/lib/base/internal/status.h:87
20002cb0:       |           /----- e681                 bnez    a3,20002cb8 <status_create+0xce>
20002cb2:       |           |      00a81593             slli    a1,a6,0xa
20002cb6:       |           |  /-- a011                 j       20002cba <status_create+0xd0>
20002cb8:       |           \--|-> 05aa                 slli    a1,a1,0xa
bitfield_field32_write():
/proc/self/cwd/./sw/device/lib/base/bitfield.h:76
20002cba:       |              \-> 8dd1                 or      a1,a1,a2
20002cbc:       |                  0756                 slli    a4,a4,0x15
20002cbe:       |                  05c2                 slli    a1,a1,0x10
20002cc0:       |                  897d                 andi    a0,a0,31
20002cc2:       |                  02d6                 slli    t0,t0,0x15
20002cc4:       |                  0102d613             srli    a2,t0,0x10
20002cc8:       |                  8d51                 or      a0,a0,a2
status_create():
/proc/self/cwd/sw/device/lib/base/status.c:78
20002cca:       |                  8d59                 or      a0,a0,a4
20002ccc:       |                  8d4d                 or      a0,a0,a1
20002cce:       |                  29f51293             bseti   t0,a0,0x1f
/proc/self/cwd/sw/device/lib/base/status.c:81
20002cd2:       \----------------> 8516                 mv      a0,t0
20002cd4:                          8082                 ret

20002cd6 <memcpy>:
memcpy():
/proc/self/cwd/sw/device/lib/base/memory.c:63
20002cd6:                 00153693              seqz    a3,a0
20002cda:                 0015b713              seqz    a4,a1
20002cde:                 8ed9                  or      a3,a3,a4
20002ce0:       /-------- eaa5                  bnez    a3,20002d50 <memcpy+0x7a>
20002ce2:       |         4711                  li      a4,4
20002ce4:       |         86b2                  mv      a3,a2
compute_num_leading_bytes():
/proc/self/cwd/sw/device/lib/base/memory.c:20
20002ce6:       |  /----- 00e66b63              bltu    a2,a4,20002cfc <memcpy+0x26>
20002cea:       |  |      00a5c6b3              xor     a3,a1,a0
20002cee:       |  |      8a8d                  andi    a3,a3,3
/proc/self/cwd/sw/device/lib/base/memory.c:25
20002cf0:       |  |  /-- c299                  beqz    a3,20002cf6 <memcpy+0x20>
20002cf2:       |  |  |   86b2                  mv      a3,a2
20002cf4:       |  +--|-- a021                  j       20002cfc <memcpy+0x26>
20002cf6:       |  |  \-> 40a006b3              neg     a3,a0
20002cfa:       |  |      8a8d                  andi    a3,a3,3
compute_alignment():
/proc/self/cwd/sw/device/lib/base/memory.c:52
20002cfc:       |  \----> 40d60733              sub     a4,a2,a3
/proc/self/cwd/sw/device/lib/base/memory.c:53
20002d00:       |         ffc77813              andi    a6,a4,-4
20002d04:       |         88b6                  mv      a7,a3
20002d06:       |         82aa                  mv      t0,a0
20002d08:       |         87ae                  mv      a5,a1
memcpy():
/proc/self/cwd/sw/device/lib/base/memory.c:71
20002d0a:       |  /----- 00088b63              beqz    a7,20002d20 <memcpy+0x4a>
/proc/self/cwd/sw/device/lib/base/memory.c:72
20002d0e:       |  |  /-> 00078703              lb      a4,0(a5)
20002d12:       |  |  |   00e28023              sb      a4,0(t0)
/proc/self/cwd/sw/device/lib/base/memory.c:71
20002d16:       |  |  |   0785                  addi    a5,a5,1
20002d18:       |  |  |   0285                  addi    t0,t0,1
20002d1a:       |  |  |   18fd                  addi    a7,a7,-1
20002d1c:       |  |  \-- fe0899e3              bnez    a7,20002d0e <memcpy+0x38>
compute_alignment():
/proc/self/cwd/sw/device/lib/base/memory.c:53
20002d20:       |  \----> 9836                  add     a6,a6,a3
memcpy():
/proc/self/cwd/sw/device/lib/base/memory.c:74
20002d22:       |  /----- 0306f563              bgeu    a3,a6,20002d4c <memcpy+0x76>
/proc/self/cwd/sw/device/lib/base/memory.c:75
20002d26:       |  |  /-> 00d58733              add     a4,a1,a3
read_32():
/proc/self/cwd/./sw/device/lib/base/memory.h:90
20002d2a:       |  |  |   4318                  lw      a4,0(a4)
memcpy():
/proc/self/cwd/sw/device/lib/base/memory.c:76
20002d2c:       |  |  |   00d507b3              add     a5,a0,a3
write_32():
/proc/self/cwd/./sw/device/lib/base/memory.h:149
20002d30:       |  |  |   c398                  sw      a4,0(a5)
memcpy():
/proc/self/cwd/sw/device/lib/base/memory.c:74
20002d32:       |  |  |   0691                  addi    a3,a3,4
20002d34:       |  |  \-- ff06e9e3              bltu    a3,a6,20002d26 <memcpy+0x50>
20002d38:       |  +----- a811                  j       20002d4c <memcpy+0x76>
/proc/self/cwd/sw/device/lib/base/memory.c:79
20002d3a:       |  |  /-> 00d58733              add     a4,a1,a3
20002d3e:       |  |  |   00070703              lb      a4,0(a4)
20002d42:       |  |  |   00d507b3              add     a5,a0,a3
20002d46:       |  |  |   00e78023              sb      a4,0(a5)
/proc/self/cwd/sw/device/lib/base/memory.c:78
20002d4a:       |  |  |   0685                  addi    a3,a3,1
20002d4c:       |  \--\-X fec6e7e3              bltu    a3,a2,20002d3a <memcpy+0x64>
/proc/self/cwd/sw/device/lib/base/memory.c:82
20002d50:       \-------> 8082                  ret

20002d52 <memset>:
memset():
/proc/self/cwd/sw/device/lib/base/memory.c:84
20002d52:              4711                     li      a4,4
20002d54:              88b2                     mv      a7,a2
compute_num_leading_bytes():
/proc/self/cwd/sw/device/lib/base/memory.c:20
20002d56:          /-- 00e66663                 bltu    a2,a4,20002d62 <memset+0x10>
20002d5a:          |   40a006b3                 neg     a3,a0
20002d5e:          |   0036f893                 andi    a7,a3,3
compute_alignment():
/proc/self/cwd/sw/device/lib/base/memory.c:52
20002d62:          \-> 41160833                 sub     a6,a2,a7
20002d66:              87c6                     mv      a5,a7
20002d68:              872a                     mv      a4,a0
memset():
/proc/self/cwd/sw/device/lib/base/memory.c:91
20002d6a:       /----- c791                     beqz    a5,20002d76 <memset+0x24>
/proc/self/cwd/sw/device/lib/base/memory.c:92
20002d6c:       |  /-> 00b70023                 sb      a1,0(a4)
/proc/self/cwd/sw/device/lib/base/memory.c:91
20002d70:       |  |   0705                     addi    a4,a4,1
20002d72:       |  |   17fd                     addi    a5,a5,-1
20002d74:       |  \-- ffe5                     bnez    a5,20002d6c <memset+0x1a>
compute_alignment():
/proc/self/cwd/sw/device/lib/base/memory.c:53
20002d76:       \----> ffc87713                 andi    a4,a6,-4
20002d7a:              01176733                 or      a4,a4,a7
repeat_byte_to_u32():
/proc/self/cwd/sw/device/lib/base/memory.c:57
20002d7e:              0ff5f813                 andi    a6,a1,255
20002d82:              010107b7                 lui     a5,0x1010
20002d86:              10178793                 addi    a5,a5,257 # 1010101 <_owner_slot_b+0xf80101>
/proc/self/cwd/sw/device/lib/base/memory.c:58
20002d8a:              02f807b3                 mul     a5,a6,a5
memset():
/proc/self/cwd/sw/device/lib/base/memory.c:95
20002d8e:       /----- 00e8fe63                 bgeu    a7,a4,20002daa <memset+0x58>
/proc/self/cwd/sw/device/lib/base/memory.c:96
20002d92:       |  /-> 011506b3                 add     a3,a0,a7
write_32():
/proc/self/cwd/./sw/device/lib/base/memory.h:149
20002d96:       |  |   c29c                     sw      a5,0(a3)
memset():
/proc/self/cwd/sw/device/lib/base/memory.c:95
20002d98:       |  |   0891                     addi    a7,a7,4
20002d9a:       |  \-- fee8ece3                 bltu    a7,a4,20002d92 <memset+0x40>
20002d9e:       +----- a031                     j       20002daa <memset+0x58>
/proc/self/cwd/sw/device/lib/base/memory.c:99
20002da0:       |  /-> 011506b3                 add     a3,a0,a7
20002da4:       |  |   00b68023                 sb      a1,0(a3)
/proc/self/cwd/sw/device/lib/base/memory.c:98
20002da8:       |  |   0885                     addi    a7,a7,1
20002daa:       \--\-X fec8ebe3                 bltu    a7,a2,20002da0 <memset+0x4e>
/proc/self/cwd/sw/device/lib/base/memory.c:101
20002dae:              8082                     ret

20002db0 <memcmp>:
memcmp():
/proc/self/cwd/sw/device/lib/base/memory.c:111
20002db0:                    4691                       li      a3,4
20002db2:                    88b2                       mv      a7,a2
compute_num_leading_bytes():
/proc/self/cwd/sw/device/lib/base/memory.c:20
20002db4:             /----- 02d66163           bltu    a2,a3,20002dd6 <memcmp+0x26>
/proc/self/cwd/sw/device/lib/base/memory.c:25
20002db8:             |      0015b693           seqz    a3,a1
20002dbc:             |      00a5c733           xor     a4,a1,a0
20002dc0:             |      8b0d                       andi    a4,a4,3
20002dc2:             |      00173713           seqz    a4,a4
20002dc6:             |      8ed9                       or      a3,a3,a4
20002dc8:             |  /-- e299                       bnez    a3,20002dce <memcmp+0x1e>
20002dca:             |  |   88b2                       mv      a7,a2
20002dcc:             +--|-- a029                       j       20002dd6 <memcmp+0x26>
20002dce:             |  \-> 40a006b3           neg     a3,a0
20002dd2:             |      0036f893           andi    a7,a3,3
compute_alignment():
/proc/self/cwd/sw/device/lib/base/memory.c:52
20002dd6:             \----> 411606b3           sub     a3,a2,a7
/proc/self/cwd/sw/device/lib/base/memory.c:53
20002dda:                    9af1                       andi    a3,a3,-4
20002ddc:                    01168833           add     a6,a3,a7
20002de0:                    87c6                       mv      a5,a7
20002de2:                    872e                       mv      a4,a1
20002de4:                    86aa                       mv      a3,a0
memcmp():
/proc/self/cwd/sw/device/lib/base/memory.c:117
20002de6:             /--/-X cf95                       beqz    a5,20002e22 <memcmp+0x72>
/proc/self/cwd/sw/device/lib/base/memory.c:118
20002de8:             |  |   0006c283           lbu     t0,0(a3)
20002dec:             |  |   00074303           lbu     t1,0(a4)
20002df0:       /-----|--|-- 0462ed63           bltu    t0,t1,20002e4a <memcmp+0x9a>
/proc/self/cwd/sw/device/lib/base/memory.c:120
20002df4:       |     |  |   0685                       addi    a3,a3,1
20002df6:       |     |  |   0705                       addi    a4,a4,1
20002df8:       |     |  |   17fd                       addi    a5,a5,-1
20002dfa:       |     |  \-- fe5376e3           bgeu    t1,t0,20002de6 <memcmp+0x36>
20002dfe:       |  /--|----> 02a00513           li      a0,42
/proc/self/cwd/sw/device/lib/base/memory.c:147
20002e02:       |  |  |      8082                       ret
/proc/self/cwd/sw/device/lib/base/memory.c:129
20002e04:       |  |  |  /-> 011506b3           add     a3,a0,a7
read_32():
/proc/self/cwd/./sw/device/lib/base/memory.h:90
20002e08:       |  |  |  |   4294                       lw      a3,0(a3)
memcmp():
/proc/self/cwd/sw/device/lib/base/memory.c:130
20002e0a:       |  |  |  |   01158733           add     a4,a1,a7
read_32():
/proc/self/cwd/./sw/device/lib/base/memory.h:90
20002e0e:       |  |  |  |   4318                       lw      a4,0(a4)
memcmp():
/proc/self/cwd/sw/device/lib/base/memory.c:129
20002e10:       |  |  |  |   6986d693           grevi   a3,a3,0x18
/proc/self/cwd/sw/device/lib/base/memory.c:130
20002e14:       |  |  |  |   69875713           grevi   a4,a4,0x18
/proc/self/cwd/sw/device/lib/base/memory.c:133
20002e18:       +--|--|--|-- 02e6e963           bltu    a3,a4,20002e4a <memcmp+0x9a>
20002e1c:       |  +--|--|-- fed761e3           bltu    a4,a3,20002dfe <memcmp+0x4e>
/proc/self/cwd/sw/device/lib/base/memory.c:124
20002e20:       |  |  |  |   0891                       addi    a7,a7,4
20002e22:       |  |  \--\-X ff08e1e3           bltu    a7,a6,20002e04 <memcmp+0x54>
20002e26:       |  |  /----- a831                       j       20002e42 <memcmp+0x92>
/proc/self/cwd/sw/device/lib/base/memory.c:140
20002e28:       |  |  |  /-> 011506b3           add     a3,a0,a7
20002e2c:       |  |  |  |   0006c683           lbu     a3,0(a3)
20002e30:       |  |  |  |   01158733           add     a4,a1,a7
20002e34:       |  |  |  |   00074703           lbu     a4,0(a4)
20002e38:       +--|--|--|-- 00e6e963           bltu    a3,a4,20002e4a <memcmp+0x9a>
/proc/self/cwd/sw/device/lib/base/memory.c:139
20002e3c:       |  |  |  |   0885                       addi    a7,a7,1
/proc/self/cwd/sw/device/lib/base/memory.c:142
20002e3e:       |  \--|--|-- fcd760e3           bltu    a4,a3,20002dfe <memcmp+0x4e>
/proc/self/cwd/sw/device/lib/base/memory.c:139
20002e42:       |     \--\-X fec8e3e3           bltu    a7,a2,20002e28 <memcmp+0x78>
20002e46:       |            4501                       li      a0,0
/proc/self/cwd/sw/device/lib/base/memory.c:147
20002e48:       |            8082                       ret
20002e4a:       \----------> fd600513           li      a0,-42
20002e4e:                    8082                       ret

20002e50 <abort>:
wait_for_interrupt():
/proc/self/cwd/./sw/device/lib/runtime/hart.h:29
20002e50:       /-> 10500073            wfi
abort():
/proc/self/cwd/sw/device/lib/runtime/hart.c:21
20002e54:       \-- bff5                        j       20002e50 <abort>

20002e56 <OUTLINED_FUNCTION_0>:
OUTLINED_FUNCTION_0():
20002e56:       4595                    li      a1,5
20002e58:       04000613                li      a2,64
20002e5c:       04000693                li      a3,64
20002e60:       04000713                li      a4,64
20002e64:       4781                    li      a5,0
20002e66:       8282                    jr      t0

20002e68 <OUTLINED_FUNCTION_1>:
OUTLINED_FUNCTION_1():
20002e68:       fc042423                sw      zero,-56(s0)
20002e6c:       fc440513                addi    a0,s0,-60
20002e70:       fc840593                addi    a1,s0,-56
20002e74:       4611                    li      a2,4
20002e76:       8282                    jr      t0

20002e78 <OUTLINED_FUNCTION_2>:
OUTLINED_FUNCTION_2():
20002e78:       00153513                seqz    a0,a0
20002e7c:       00a10223                sb      a0,4(sp)
20002e80:       00414503                lbu     a0,4(sp)
20002e84:       8282                    jr      t0

20002e86 <OUTLINED_FUNCTION_3>:
OUTLINED_FUNCTION_3():
20002e86:       7179                    addi    sp,sp,-48
20002e88:       d606                    sw      ra,44(sp)
20002e8a:       d422                    sw      s0,40(sp)
20002e8c:       d226                    sw      s1,36(sp)
20002e8e:       d04a                    sw      s2,32(sp)
20002e90:       ce4e                    sw      s3,28(sp)
20002e92:       cc52                    sw      s4,24(sp)
20002e94:       ca56                    sw      s5,20(sp)
20002e96:       c85a                    sw      s6,16(sp)
20002e98:       c65e                    sw      s7,12(sp)
20002e9a:       c462                    sw      s8,8(sp)
20002e9c:       c266                    sw      s9,4(sp)
20002e9e:       8282                    jr      t0

20002ea0 <OUTLINED_FUNCTION_4>:
OUTLINED_FUNCTION_4():
20002ea0:       fc442503                lw      a0,-60(s0)
20002ea4:       00153593                seqz    a1,a0
20002ea8:       15fd                    addi    a1,a1,-1
20002eaa:       8282                    jr      t0

20002eac <OUTLINED_FUNCTION_5>:
OUTLINED_FUNCTION_5():
20002eac:       50b2                    lw      ra,44(sp)
20002eae:       5422                    lw      s0,40(sp)
20002eb0:       5492                    lw      s1,36(sp)
20002eb2:       5902                    lw      s2,32(sp)
20002eb4:       49f2                    lw      s3,28(sp)
20002eb6:       4a62                    lw      s4,24(sp)
20002eb8:       4ad2                    lw      s5,20(sp)
20002eba:       4b42                    lw      s6,16(sp)
20002ebc:       4bb2                    lw      s7,12(sp)
20002ebe:       4c22                    lw      s8,8(sp)
20002ec0:       4c92                    lw      s9,4(sp)
20002ec2:       8282                    jr      t0
