src/lowrisc_prim_generic_clock_gating_0/rtl/prim_clock_gating.sv:22 YES
src/lowrisc_prim_generic_flop_0/rtl/prim_flop.sv:17 YES
src/lowrisc_prim_generic_rom_0/rtl/prim_rom.sv:29 YES
src/lowrisc_prim_generic_rom_0/rtl/prim_rom.sv:37 YES
src/lowrisc_prim_util_memload_0/rtl/prim_util_memload.svh:39 YES
src/lowrisc_prim_util_memload_0/rtl/prim_util_memload.svh:49 YES
src/lowrisc_prim_leading_one_ppc_0/rtl/prim_leading_one_ppc.sv:36 YES
src/lowrisc_ibex_ibex_core_0.1/rtl/ibex_dummy_instr.sv:68 YES
src/lowrisc_ibex_ibex_core_0.1/rtl/ibex_dummy_instr.sv:106 YES
src/lowrisc_ibex_ibex_core_0.1/rtl/ibex_dummy_instr.sv:119 YES
src/lowrisc_prim_fifo_0/rtl/prim_fifo_async_simple.sv:61 YES
src/lowrisc_prim_fifo_0/rtl/prim_fifo_async_simple.sv:72 YES
src/lowrisc_prim_fifo_0/rtl/prim_fifo_async_simple.sv:105 YES
src/lowrisc_prim_fifo_0/rtl/prim_fifo_async_simple.sv:117 YES
src/lowrisc_prim_fifo_0/rtl/prim_fifo_async_simple.sv:129 YES
src/lowrisc_earlgrey_dv_pwrmgr_sva_0.1/pwrmgr_sec_cm_checker_assert.sv:56 YES
src/lowrisc_earlgrey_dv_pwrmgr_sva_0.1/pwrmgr_sec_cm_checker_assert.sv:67 YES
src/lowrisc_earlgrey_dv_pwrmgr_sva_0.1/pwrmgr_sec_cm_checker_assert.sv:82 NO "an edge-triggered block not inferred as a flop" (82)
src/lowrisc_prim_esc_0/rtl/prim_esc_receiver.sv:136 YES
src/lowrisc_prim_esc_0/rtl/prim_esc_receiver.sv:182 YES
src/lowrisc_prim_esc_0/rtl/prim_esc_receiver.sv:243 YES
src/lowrisc_prim_esc_0/rtl/prim_esc_receiver.sv:255 YES
src/lowrisc_prim_esc_0/rtl/prim_esc_sender.sv:116 YES
src/lowrisc_prim_esc_0/rtl/prim_esc_sender.sv:203 YES
src/lowrisc_prim_esc_0/rtl/prim_esc_sender.sv:210 YES
src/lowrisc_prim_esc_0/rtl/prim_esc_sender.sv:219 YES
src/lowrisc_tlul_common_0.1/rtl/tlul_err.sv:61 YES
src/lowrisc_earlgrey_ip_rstmgr_reg_0.1/rtl/rstmgr_reg_top.sv:69 YES
src/lowrisc_earlgrey_ip_rstmgr_reg_0.1/rtl/rstmgr_reg_top.sv:1402 YES
src/lowrisc_earlgrey_ip_rv_plic_component_0.1/rtl/rv_plic_gateway.sv:75 YES
src/lowrisc_earlgrey_ip_rv_plic_component_0.1/rtl/rv_plic_gateway.sv:85 YES
src/lowrisc_earlgrey_ip_rv_plic_component_0.1/rtl/rv_plic_gateway.sv:98 YES
src/lowrisc_earlgrey_ip_rv_plic_component_0.1/rtl/rv_plic_target.sv:61 YES
src/lowrisc_prim_all_0.1/rtl/prim_pulse_sync.sv:32 YES
src/lowrisc_prim_all_0.1/rtl/prim_pulse_sync.sv:56 YES
src/lowrisc_prim_all_0.1/rtl/prim_pulse_sync.sv:90 YES
src/lowrisc_ip_usb_fs_nb_pe_0.1/rtl/usb_fs_nb_in_pe.sv:205 YES
src/lowrisc_ip_usb_fs_nb_pe_0.1/rtl/usb_fs_nb_in_pe.sv:302 YES
src/lowrisc_ip_usb_fs_nb_pe_0.1/rtl/usb_fs_nb_in_pe.sv:310 YES
src/lowrisc_ip_usb_fs_nb_pe_0.1/rtl/usb_fs_nb_in_pe.sv:318 YES
src/lowrisc_ip_usb_fs_nb_pe_0.1/rtl/usb_fs_nb_in_pe.sv:331 YES
src/lowrisc_ip_usb_fs_nb_pe_0.1/rtl/usb_fs_nb_in_pe.sv:343 YES
src/lowrisc_ip_usb_fs_nb_pe_0.1/rtl/usb_fs_nb_in_pe.sv:363 YES
src/lowrisc_ip_usb_fs_nb_pe_0.1/rtl/usb_fs_nb_in_pe.sv:369 YES
src/lowrisc_ip_usb_fs_nb_pe_0.1/rtl/usb_fs_nb_in_pe.sv:377 YES
src/lowrisc_ip_usb_fs_nb_pe_0.1/rtl/usb_fs_nb_in_pe.sv:387 YES
src/lowrisc_ip_usb_fs_nb_pe_0.1/rtl/usb_fs_nb_in_pe.sv:421 YES
src/lowrisc_ip_usb_fs_nb_pe_0.1/rtl/usb_fs_nb_out_pe.sv:183 YES
src/lowrisc_ip_usb_fs_nb_pe_0.1/rtl/usb_fs_nb_out_pe.sv:195 YES
src/lowrisc_ip_usb_fs_nb_pe_0.1/rtl/usb_fs_nb_out_pe.sv:221 YES
src/lowrisc_ip_usb_fs_nb_pe_0.1/rtl/usb_fs_nb_out_pe.sv:328 YES
src/lowrisc_ip_usb_fs_nb_pe_0.1/rtl/usb_fs_nb_out_pe.sv:336 YES
src/lowrisc_ip_usb_fs_nb_pe_0.1/rtl/usb_fs_nb_out_pe.sv:348 YES
src/lowrisc_ip_usb_fs_nb_pe_0.1/rtl/usb_fs_nb_out_pe.sv:354 YES
src/lowrisc_ip_usb_fs_nb_pe_0.1/rtl/usb_fs_nb_out_pe.sv:362 YES
src/lowrisc_ip_usb_fs_nb_pe_0.1/rtl/usb_fs_nb_out_pe.sv:372 YES
src/lowrisc_ip_usb_fs_nb_pe_0.1/rtl/usb_fs_nb_out_pe.sv:389 YES
src/lowrisc_ip_usb_fs_nb_pe_0.1/rtl/usb_fs_nb_out_pe.sv:401 YES
src/lowrisc_ip_usb_fs_nb_pe_0.1/rtl/usb_fs_nb_out_pe.sv:420 YES
src/lowrisc_ip_usb_fs_nb_pe_0.1/rtl/usb_fs_rx.sv:125 YES
src/lowrisc_ip_usb_fs_nb_pe_0.1/rtl/usb_fs_rx.sv:134 YES
src/lowrisc_ip_usb_fs_nb_pe_0.1/rtl/usb_fs_rx.sv:156 YES
src/lowrisc_ip_usb_fs_nb_pe_0.1/rtl/usb_fs_rx.sv:174 YES
src/lowrisc_ip_usb_fs_nb_pe_0.1/rtl/usb_fs_rx.sv:251 YES
src/lowrisc_ip_usb_fs_nb_pe_0.1/rtl/usb_fs_rx.sv:293 YES
src/lowrisc_ip_usb_fs_nb_pe_0.1/rtl/usb_fs_rx.sv:302 YES
src/lowrisc_ip_usb_fs_nb_pe_0.1/rtl/usb_fs_rx.sv:328 YES
src/lowrisc_ip_usb_fs_nb_pe_0.1/rtl/usb_fs_rx.sv:349 YES
src/lowrisc_ip_usb_fs_nb_pe_0.1/rtl/usb_fs_rx.sv:373 YES
src/lowrisc_ip_usb_fs_nb_pe_0.1/rtl/usb_fs_rx.sv:381 YES
src/lowrisc_ip_usb_fs_nb_pe_0.1/rtl/usb_fs_rx.sv:399 YES
src/lowrisc_ip_usb_fs_nb_pe_0.1/rtl/usb_fs_rx.sv:408 YES
src/lowrisc_ip_usb_fs_nb_pe_0.1/rtl/usb_fs_rx.sv:432 YES
src/lowrisc_ip_usb_fs_nb_pe_0.1/rtl/usb_fs_rx.sv:439 YES
src/lowrisc_ip_usb_fs_nb_pe_0.1/rtl/usb_fs_rx.sv:463 YES
src/lowrisc_ip_usb_fs_nb_pe_0.1/rtl/usb_fs_rx.sv:483 YES
src/lowrisc_ip_usb_fs_nb_pe_0.1/rtl/usb_fs_rx.sv:487 YES
src/lowrisc_ip_usb_fs_nb_pe_0.1/rtl/usb_fs_rx.sv:505 YES
src/lowrisc_ip_usb_fs_nb_pe_0.1/rtl/usb_fs_rx.sv:509 YES
src/lowrisc_ip_usb_fs_nb_pe_0.1/rtl/usb_fs_rx.sv:554 YES
src/lowrisc_ip_usb_fs_nb_pe_0.1/rtl/usb_fs_rx.sv:558 YES
src/lowrisc_ip_usb_fs_nb_pe_0.1/rtl/usb_fs_rx.sv:569 YES
src/lowrisc_ip_usb_fs_nb_pe_0.1/rtl/usb_fs_rx.sv:598 YES
src/lowrisc_ip_usb_fs_nb_pe_0.1/rtl/usb_fs_rx.sv:602 YES
src/lowrisc_ip_usb_fs_nb_pe_0.1/rtl/usb_fs_rx.sv:621 YES
src/lowrisc_ip_usb_fs_nb_pe_0.1/rtl/usb_fs_rx.sv:625 YES
src/lowrisc_ip_usb_fs_nb_pe_0.1/rtl/usb_fs_rx.sv:634 YES
src/lowrisc_ip_usb_fs_nb_pe_0.1/rtl/usb_fs_tx.sv:86 YES
src/lowrisc_ip_usb_fs_nb_pe_0.1/rtl/usb_fs_tx.sv:110 YES
src/lowrisc_ip_usb_fs_nb_pe_0.1/rtl/usb_fs_tx.sv:150 YES
src/lowrisc_ip_usb_fs_nb_pe_0.1/rtl/usb_fs_tx.sv:240 YES
src/lowrisc_ip_usb_fs_nb_pe_0.1/rtl/usb_fs_tx.sv:270 YES
src/lowrisc_ip_usb_fs_nb_pe_0.1/rtl/usb_fs_tx.sv:286 YES
src/lowrisc_ip_usb_fs_nb_pe_0.1/rtl/usb_fs_tx.sv:290 YES
src/lowrisc_ip_usb_fs_nb_pe_0.1/rtl/usb_fs_tx.sv:299 YES
src/lowrisc_ip_usb_fs_nb_pe_0.1/rtl/usb_fs_tx.sv:347 YES
src/lowrisc_ip_usb_fs_nb_pe_0.1/rtl/usb_fs_tx.sv:379 YES
src/lowrisc_ip_usb_fs_nb_pe_0.1/rtl/usb_fs_tx.sv:409 YES
src/lowrisc_ip_usb_fs_nb_pe_0.1/rtl/usb_fs_tx.sv:414 YES
src/lowrisc_ip_usb_fs_nb_pe_0.1/rtl/usb_fs_tx.sv:458 YES
src/lowrisc_prim_measure_0/rtl/prim_clock_timeout.sv:31 YES
src/pulp-platform_riscv-dbg_0.1_0/pulp_riscv_dbg/debug_rom/debug_rom.sv:55 YES
src/pulp-platform_riscv-dbg_0.1_0/pulp_riscv_dbg/debug_rom/debug_rom.sv:67 YES
src/pulp-platform_riscv-dbg_0.1_0/pulp_riscv_dbg/src/dm_sba.sv:75 YES
src/pulp-platform_riscv-dbg_0.1_0/pulp_riscv_dbg/src/dm_sba.sv:114 YES
src/pulp-platform_riscv-dbg_0.1_0/pulp_riscv_dbg/src/dm_sba.sv:175 YES
src/pulp-platform_riscv-dbg_0.1_0/pulp_riscv_dbg/src/dm_sba.sv:183 YES
src/pulp-platform_riscv-dbg_0.1_0/pulp_riscv_dbg/src/dm_sba.sv:192 YES
src/pulp-platform_riscv-dbg_0.1_0/pulp_riscv_dbg/src/dm_csrs.sv:112 YES
src/pulp-platform_riscv-dbg_0.1_0/pulp_riscv_dbg/src/dm_csrs.sv:129 YES
src/pulp-platform_riscv-dbg_0.1_0/pulp_riscv_dbg/src/dm_csrs.sv:146 YES
src/pulp-platform_riscv-dbg_0.1_0/pulp_riscv_dbg/src/dm_csrs.sv:572 YES
src/pulp-platform_riscv-dbg_0.1_0/pulp_riscv_dbg/src/dm_csrs.sv:609 YES
src/pulp-platform_riscv-dbg_0.1_0/pulp_riscv_dbg/src/dmi_cdc.sv:54 YES
src/pulp-platform_riscv-dbg_0.1_0/pulp_riscv_dbg/src/dmi_jtag.sv:73 YES
src/pulp-platform_riscv-dbg_0.1_0/pulp_riscv_dbg/src/dmi_jtag.sv:88 YES
src/pulp-platform_riscv-dbg_0.1_0/pulp_riscv_dbg/src/dmi_jtag.sv:93 YES
src/pulp-platform_riscv-dbg_0.1_0/pulp_riscv_dbg/src/dmi_jtag.sv:151 YES
src/pulp-platform_riscv-dbg_0.1_0/pulp_riscv_dbg/src/dmi_jtag.sv:264 YES
src/pulp-platform_riscv-dbg_0.1_0/pulp_riscv_dbg/src/dmi_jtag.sv:286 YES
src/pulp-platform_riscv-dbg_0.1_0/pulp_riscv_dbg/src/dmi_jtag_tap.sv:83 YES
src/pulp-platform_riscv-dbg_0.1_0/pulp_riscv_dbg/src/dmi_jtag_tap.sv:88 YES
src/pulp-platform_riscv-dbg_0.1_0/pulp_riscv_dbg/src/dmi_jtag_tap.sv:93 YES
src/pulp-platform_riscv-dbg_0.1_0/pulp_riscv_dbg/src/dmi_jtag_tap.sv:97 YES
src/pulp-platform_riscv-dbg_0.1_0/pulp_riscv_dbg/src/dmi_jtag_tap.sv:104 YES
src/pulp-platform_riscv-dbg_0.1_0/pulp_riscv_dbg/src/dmi_jtag_tap.sv:130 YES
src/pulp-platform_riscv-dbg_0.1_0/pulp_riscv_dbg/src/dmi_jtag_tap.sv:135 YES
src/pulp-platform_riscv-dbg_0.1_0/pulp_riscv_dbg/src/dmi_jtag_tap.sv:140 YES
src/pulp-platform_riscv-dbg_0.1_0/pulp_riscv_dbg/src/dmi_jtag_tap.sv:155 YES
src/pulp-platform_riscv-dbg_0.1_0/pulp_riscv_dbg/src/dmi_jtag_tap.sv:172 YES
src/pulp-platform_riscv-dbg_0.1_0/pulp_riscv_dbg/src/dmi_jtag_tap.sv:200 YES
src/pulp-platform_riscv-dbg_0.1_0/pulp_riscv_dbg/src/dmi_jtag_tap.sv:226 YES
src/pulp-platform_riscv-dbg_0.1_0/pulp_riscv_dbg/src/dmi_jtag_tap.sv:301 YES
src/lowrisc_earlgrey_ip_flash_ctrl_prim_reg_top_1.0/rtl/flash_ctrl_prim_reg_top.sv:67 YES
src/lowrisc_earlgrey_ip_flash_ctrl_prim_reg_top_1.0/rtl/flash_ctrl_prim_reg_top.sv:2228 YES
src/lowrisc_earlgrey_ip_alert_handler_reg_0.1/rtl/alert_handler_reg_top.sv:71 YES
src/lowrisc_earlgrey_ip_alert_handler_reg_0.1/rtl/alert_handler_reg_top.sv:17933 YES
src/lowrisc_earlgrey_ip_alert_handler_reg_0.1/rtl/alert_handler_reg_top.sv:19389 YES
src/lowrisc_earlgrey_ip_alert_handler_reg_0.1/rtl/alert_handler_reg_top.sv:19397 YES
src/lowrisc_earlgrey_ip_clkmgr_reg_0.1/rtl/clkmgr_reg_top.sv:81 YES
src/lowrisc_earlgrey_ip_clkmgr_reg_0.1/rtl/clkmgr_reg_top.sv:2725 YES
src/lowrisc_earlgrey_ip_clkmgr_reg_0.1/rtl/clkmgr_reg_top.sv:2837 YES
src/lowrisc_earlgrey_ip_clkmgr_reg_0.1/rtl/clkmgr_reg_top.sv:2845 YES
src/lowrisc_earlgrey_ip_clkmgr_reg_0.1/rtl/clkmgr_reg_top.sv:2887 YES
src/lowrisc_earlgrey_ip_flash_ctrl_reg_0.1/rtl/flash_ctrl_core_reg_top.sv:76 YES
src/lowrisc_earlgrey_ip_flash_ctrl_reg_0.1/rtl/flash_ctrl_core_reg_top.sv:143 YES
src/lowrisc_earlgrey_ip_flash_ctrl_reg_0.1/rtl/flash_ctrl_core_reg_top.sv:12972 YES
src/lowrisc_earlgrey_ip_flash_ctrl_reg_0.1/rtl/flash_ctrl_core_reg_top.sv:13698 YES
src/lowrisc_earlgrey_ip_flash_ctrl_reg_0.1/rtl/flash_ctrl_core_reg_top.sv:13706 YES
src/lowrisc_earlgrey_ip_pinmux_reg_0.1/rtl/pinmux_reg_top.sv:69 YES
src/lowrisc_earlgrey_ip_pinmux_reg_0.1/rtl/pinmux_reg_top.sv:37273 YES
src/lowrisc_earlgrey_ip_pinmux_reg_0.1/rtl/pinmux_reg_top.sv:40163 YES
src/lowrisc_earlgrey_ip_pwm_0.1/rtl/pwm_chan.sv:49 YES
src/lowrisc_earlgrey_ip_pwm_0.1/rtl/pwm_chan.sv:92 YES
src/lowrisc_earlgrey_ip_pwm_0.1/rtl/pwm_chan.sv:105 YES
src/lowrisc_earlgrey_ip_pwm_0.1/rtl/pwm_chan.sv:155 YES
src/lowrisc_earlgrey_ip_pwm_0.1/rtl/pwm_chan.sv:170 YES
src/lowrisc_earlgrey_ip_pwm_0.1/rtl/pwm_chan.sv:180 YES
src/lowrisc_earlgrey_ip_pwm_0.1/rtl/pwm_chan.sv:190 YES
src/lowrisc_earlgrey_ip_pwm_0.1/rtl/pwm_chan.sv:241 YES
src/lowrisc_earlgrey_ip_pwrmgr_reg_0.1/rtl/pwrmgr_reg_top.sv:69 YES
src/lowrisc_earlgrey_ip_pwrmgr_reg_0.1/rtl/pwrmgr_reg_top.sv:1360 YES
src/lowrisc_earlgrey_ip_rstmgr_0.1/rtl/rstmgr_por.sv:48 YES
src/lowrisc_earlgrey_ip_rstmgr_0.1/rtl/rstmgr_por.sv:77 YES
src/lowrisc_earlgrey_ip_rv_core_ibex_0.1/rtl/rv_core_ibex_cfg_reg_top.sv:72 YES
src/lowrisc_earlgrey_ip_rv_core_ibex_0.1/rtl/rv_core_ibex_cfg_reg_top.sv:136 YES
src/lowrisc_earlgrey_ip_rv_core_ibex_0.1/rtl/rv_core_ibex_cfg_reg_top.sv:1496 YES
src/lowrisc_earlgrey_ip_rv_plic_0.1/rtl/rv_plic_reg_top.sv:67 YES
src/lowrisc_earlgrey_ip_rv_plic_0.1/rtl/rv_plic_reg_top.sv:18406 YES
src/lowrisc_ip_adc_ctrl_1.0/rtl/adc_ctrl_reg_top.sv:69 YES
src/lowrisc_ip_adc_ctrl_1.0/rtl/adc_ctrl_reg_top.sv:4213 YES
src/lowrisc_ip_adc_ctrl_1.0/rtl/adc_ctrl_reg_top.sv:4335 YES
src/lowrisc_ip_adc_ctrl_1.0/rtl/adc_ctrl_fsm.sv:62 YES
src/lowrisc_ip_adc_ctrl_1.0/rtl/adc_ctrl_fsm.sv:78 YES
src/lowrisc_ip_adc_ctrl_1.0/rtl/adc_ctrl_fsm.sv:91 YES
src/lowrisc_ip_adc_ctrl_1.0/rtl/adc_ctrl_fsm.sv:104 YES
src/lowrisc_ip_adc_ctrl_1.0/rtl/adc_ctrl_fsm.sv:118 YES
src/lowrisc_ip_adc_ctrl_1.0/rtl/adc_ctrl_fsm.sv:137 YES
src/lowrisc_ip_adc_ctrl_1.0/rtl/adc_ctrl_fsm.sv:158 YES
src/lowrisc_ip_adc_ctrl_1.0/rtl/adc_ctrl_fsm.sv:177 YES
src/lowrisc_ip_adc_ctrl_1.0/rtl/adc_ctrl_fsm.sv:209 YES
src/lowrisc_ip_adc_ctrl_1.0/rtl/adc_ctrl_intr.sv:50 YES
src/lowrisc_ip_adc_ctrl_1.0/rtl/adc_ctrl_intr.sv:67 YES
src/lowrisc_ip_adc_ctrl_1.0/rtl/adc_ctrl_intr.sv:94 YES
src/lowrisc_ip_aes_1.0/rtl/aes_reg_top.sv:71 YES
src/lowrisc_ip_aes_1.0/rtl/aes_reg_top.sv:1724 YES
src/lowrisc_ip_aes_1.0/rtl/aes_reg_top.sv:1892 YES
src/lowrisc_ip_aes_1.0/rtl/aes_reg_top.sv:1900 YES
src/lowrisc_ip_aes_1.0/rtl/aes_ctrl_reg_shadowed.sv:79 YES
src/lowrisc_ip_aes_1.0/rtl/aes_ctrl_reg_shadowed.sv:88 YES
src/lowrisc_ip_aes_1.0/rtl/aes_ctrl_reg_shadowed.sv:101 YES
src/lowrisc_ip_aes_1.0/rtl/aes_ctrl_reg_shadowed.sv:113 YES
src/lowrisc_ip_aes_1.0/rtl/aes_ctr_fsm.sv:63 YES
src/lowrisc_ip_aes_1.0/rtl/aes_ctr_fsm.sv:100 YES
src/lowrisc_ip_aes_1.0/rtl/aes_ctr_fsm.sv:106 YES
src/lowrisc_ip_aes_1.0/rtl/aes_ctr_fsm.sv:117 YES
src/lowrisc_ip_aes_1.0/rtl/aes_reg_status.sv:38 YES
src/lowrisc_ip_aes_1.0/rtl/aes_reg_status.sv:65 YES
src/lowrisc_ip_aes_1.0/rtl/aes_sbox_dom.sv:1054 YES
src/lowrisc_ip_aon_timer_0.1/rtl/aon_timer_core.sv:46 YES
src/lowrisc_ip_edn_0.1/rtl/edn_reg_top.sv:67 YES
src/lowrisc_ip_edn_0.1/rtl/edn_reg_top.sv:1524 YES
src/lowrisc_ip_edn_0.1/rtl/edn_ack_sm.sv:54 YES
src/lowrisc_ip_edn_0.1/rtl/edn_ack_sm.sv:62 YES
src/lowrisc_ip_edn_0.1/rtl/edn_ack_sm.sv:100 YES
src/lowrisc_ip_edn_0.1/rtl/edn_main_sm.sv:44 YES
src/lowrisc_ip_edn_0.1/rtl/edn_main_sm.sv:64 YES
src/lowrisc_ip_edn_0.1/rtl/edn_main_sm.sv:188 YES
src/lowrisc_ip_hmac_0.1/rtl/hmac_reg_top.sv:72 YES
src/lowrisc_ip_hmac_0.1/rtl/hmac_reg_top.sv:136 YES
src/lowrisc_ip_hmac_0.1/rtl/hmac_reg_top.sv:2359 YES
src/lowrisc_ip_hmac_0.1/rtl/hmac_core.sv:139 YES
src/lowrisc_ip_hmac_0.1/rtl/hmac_core.sv:211 YES
src/lowrisc_ip_hmac_0.1/rtl/hmac_core.sv:242 YES
src/lowrisc_ip_hmac_0.1/rtl/hmac_core.sv:259 YES
src/lowrisc_ip_hmac_0.1/rtl/hmac_core.sv:275 YES
src/lowrisc_ip_hmac_0.1/rtl/hmac_core.sv:281 YES
src/lowrisc_ip_hmac_0.1/rtl/hmac_core.sv:291 YES
src/lowrisc_ip_hmac_0.1/rtl/hmac_core.sv:299 YES
src/lowrisc_ip_hmac_0.1/rtl/hmac_core.sv:311 YES
src/lowrisc_ip_hmac_0.1/rtl/hmac_core.sv:332 YES
src/lowrisc_ip_hmac_0.1/rtl/hmac_core.sv:467 YES
src/lowrisc_ip_hmac_0.1/rtl/hmac_core.sv:489 YES
src/lowrisc_ip_i2c_0.1/rtl/i2c_fifos.sv:270 YES
src/lowrisc_ip_i2c_0.1/rtl/i2c_core.sv:266 YES
src/lowrisc_ip_i2c_0.1/rtl/i2c_core.sv:278 YES
src/lowrisc_ip_i2c_0.1/rtl/i2c_core.sv:465 YES
src/lowrisc_ip_i2c_0.1/rtl/i2c_core.sv:475 YES
src/lowrisc_ip_i2c_0.1/rtl/i2c_bus_monitor.sv:39 YES
src/lowrisc_ip_i2c_0.1/rtl/i2c_bus_monitor.sv:49 YES
src/lowrisc_ip_i2c_0.1/rtl/i2c_bus_monitor.sv:81 YES
src/lowrisc_ip_i2c_0.1/rtl/i2c_bus_monitor.sv:91 YES
src/lowrisc_ip_i2c_0.1/rtl/i2c_bus_monitor.sv:101 YES
src/lowrisc_ip_i2c_0.1/rtl/i2c_bus_monitor.sv:146 YES
src/lowrisc_ip_i2c_0.1/rtl/i2c_bus_monitor.sv:157 YES
src/lowrisc_ip_i2c_0.1/rtl/i2c_bus_monitor.sv:196 YES
src/lowrisc_ip_i2c_0.1/rtl/i2c_bus_monitor.sv:274 YES
src/lowrisc_ip_i2c_0.1/rtl/i2c_bus_monitor.sv:293 YES
src/lowrisc_ip_i2c_0.1/rtl/i2c_controller_fsm.sv:124 YES
src/lowrisc_ip_i2c_0.1/rtl/i2c_controller_fsm.sv:147 YES
src/lowrisc_ip_i2c_0.1/rtl/i2c_controller_fsm.sv:160 YES
src/lowrisc_ip_i2c_0.1/rtl/i2c_controller_fsm.sv:187 YES
src/lowrisc_ip_i2c_0.1/rtl/i2c_controller_fsm.sv:203 YES
src/lowrisc_ip_i2c_0.1/rtl/i2c_controller_fsm.sv:222 YES
src/lowrisc_ip_i2c_0.1/rtl/i2c_controller_fsm.sv:235 YES
src/lowrisc_ip_i2c_0.1/rtl/i2c_controller_fsm.sv:247 YES
src/lowrisc_ip_i2c_0.1/rtl/i2c_controller_fsm.sv:253 YES
src/lowrisc_ip_i2c_0.1/rtl/i2c_controller_fsm.sv:266 YES
src/lowrisc_ip_i2c_0.1/rtl/i2c_controller_fsm.sv:285 YES
src/lowrisc_ip_i2c_0.1/rtl/i2c_controller_fsm.sv:297 YES
src/lowrisc_ip_i2c_0.1/rtl/i2c_controller_fsm.sv:309 YES
src/lowrisc_ip_i2c_0.1/rtl/i2c_controller_fsm.sv:363 YES
src/lowrisc_ip_i2c_0.1/rtl/i2c_controller_fsm.sv:616 YES
src/lowrisc_ip_i2c_0.1/rtl/i2c_controller_fsm.sv:956 YES
src/lowrisc_ip_i2c_0.1/rtl/i2c_controller_fsm.sv:962 YES
src/lowrisc_ip_i2c_0.1/rtl/i2c_target_fsm.sv:133 YES
src/lowrisc_ip_i2c_0.1/rtl/i2c_target_fsm.sv:145 YES
src/lowrisc_ip_i2c_0.1/rtl/i2c_target_fsm.sv:155 YES
src/lowrisc_ip_i2c_0.1/rtl/i2c_target_fsm.sv:166 YES
src/lowrisc_ip_i2c_0.1/rtl/i2c_target_fsm.sv:183 YES
src/lowrisc_ip_i2c_0.1/rtl/i2c_target_fsm.sv:192 YES
src/lowrisc_ip_i2c_0.1/rtl/i2c_target_fsm.sv:201 YES
src/lowrisc_ip_i2c_0.1/rtl/i2c_target_fsm.sv:217 YES
src/lowrisc_ip_i2c_0.1/rtl/i2c_target_fsm.sv:240 YES
src/lowrisc_ip_i2c_0.1/rtl/i2c_target_fsm.sv:251 YES
src/lowrisc_ip_i2c_0.1/rtl/i2c_target_fsm.sv:303 YES
src/lowrisc_ip_i2c_0.1/rtl/i2c_target_fsm.sv:354 YES
src/lowrisc_ip_i2c_0.1/rtl/i2c_target_fsm.sv:625 YES
src/lowrisc_ip_i2c_0.1/rtl/i2c_target_fsm.sv:682 YES
src/lowrisc_ip_i2c_0.1/rtl/i2c_target_fsm.sv:988 YES
src/lowrisc_ip_i2c_0.1/rtl/i2c_target_fsm.sv:1008 YES
src/lowrisc_ip_i2c_0.1/rtl/i2c_target_fsm.sv:1017 YES
src/lowrisc_ip_otbn_0.1/rtl/otbn_decoder.sv:219 YES
src/lowrisc_ip_otbn_0.1/rtl/otbn_decoder.sv:368 YES
src/lowrisc_ip_otbn_0.1/rtl/otbn_decoder.sv:827 YES
src/lowrisc_ip_otbn_0.1/rtl/otbn_decoder.sv:845 YES
src/lowrisc_ip_otbn_0.1/rtl/otbn_decoder.sv:860 YES
src/lowrisc_ip_otbn_0.1/rtl/otbn_decoder.sv:890 YES
src/lowrisc_ip_otbn_0.1/rtl/otbn_instruction_fetch.sv:125 YES
src/lowrisc_ip_otbn_0.1/rtl/otbn_instruction_fetch.sv:265 YES
src/lowrisc_ip_otbn_0.1/rtl/otbn_instruction_fetch.sv:377 YES
src/lowrisc_ip_otbn_0.1/rtl/otbn_instruction_fetch.sv:394 YES
src/lowrisc_ip_otbn_0.1/rtl/otbn_instruction_fetch.sv:434 YES
src/lowrisc_ip_otbn_0.1/rtl/otbn_mac_bignum_fsm.sv:293 YES
src/lowrisc_ip_otbn_0.1/rtl/otbn_mac_bignum_fsm.sv:306 YES
src/lowrisc_ip_otbn_0.1/rtl/otbn_mac_bignum_fsm.sv:367 YES
src/lowrisc_ip_otbn_0.1/rtl/otbn_mac_bignum_fsm.sv:375 YES
src/lowrisc_ip_otbn_0.1/rtl/otbn_mai.sv:294 YES
src/lowrisc_ip_otbn_0.1/rtl/otbn_mai.sv:375 YES
src/lowrisc_ip_otbn_0.1/rtl/otbn_mai.sv:436 YES
src/lowrisc_ip_otbn_0.1/rtl/otbn_mai.sv:449 YES
src/lowrisc_ip_otbn_0.1/rtl/otbn_mai.sv:462 YES
src/lowrisc_ip_otbn_0.1/rtl/otbn_mai.sv:504 YES
src/lowrisc_ip_otbn_0.1/rtl/otbn_mai.sv:516 YES
src/lowrisc_ip_otbn_0.1/rtl/otbn_mai.sv:530 YES
src/lowrisc_ip_otbn_0.1/rtl/otbn_mai.sv:547 YES
src/lowrisc_ip_otbn_0.1/rtl/otbn_stack.sv:119 YES
src/lowrisc_ip_otbn_0.1/rtl/otbn_rnd.sv:138 YES
src/lowrisc_ip_otbn_0.1/rtl/otbn_rnd.sv:146 YES
src/lowrisc_ip_otbn_0.1/rtl/otbn_rnd.sv:198 YES
src/lowrisc_ip_otbn_0.1/rtl/otbn_rnd.sv:205 YES
src/lowrisc_ip_otbn_0.1/rtl/otbn_rnd.sv:219 YES
src/lowrisc_ip_otbn_0.1/rtl/otbn_vec_transposer.sv:53 YES
src/lowrisc_ip_otbn_0.1/rtl/otbn_reg_top.sv:72 YES
src/lowrisc_ip_otbn_0.1/rtl/otbn_reg_top.sv:139 YES
src/lowrisc_ip_otbn_0.1/rtl/otbn_reg_top.sv:1083 YES
src/lowrisc_ip_otbn_0.1/rtl/otbn_scramble_ctrl.sv:82 YES
src/lowrisc_ip_otbn_0.1/rtl/otbn_scramble_ctrl.sv:90 YES
src/lowrisc_ip_otbn_0.1/rtl/otbn_scramble_ctrl.sv:98 YES
src/lowrisc_ip_otbn_0.1/rtl/otbn_scramble_ctrl.sv:106 YES
src/lowrisc_ip_otbn_0.1/rtl/otbn_scramble_ctrl.sv:114 YES
src/lowrisc_ip_otbn_0.1/rtl/otbn_scramble_ctrl.sv:135 YES
src/lowrisc_ip_otbn_0.1/rtl/otbn_scramble_ctrl.sv:156 YES
src/lowrisc_ip_otbn_0.1/rtl/otbn_scramble_ctrl.sv:165 YES
src/lowrisc_ip_otbn_0.1/rtl/otbn_scramble_ctrl.sv:172 YES
src/lowrisc_ip_pattgen_0.1/rtl/pattgen_reg_top.sv:67 YES
src/lowrisc_ip_pattgen_0.1/rtl/pattgen_reg_top.sv:973 YES
src/lowrisc_ip_pattgen_0.1/rtl/pattgen_chan.sv:50 YES
src/lowrisc_ip_pattgen_0.1/rtl/pattgen_chan.sv:71 YES
src/lowrisc_ip_pattgen_0.1/rtl/pattgen_chan.sv:93 YES
src/lowrisc_ip_pattgen_0.1/rtl/pattgen_chan.sv:110 YES
src/lowrisc_ip_pattgen_0.1/rtl/pattgen_chan.sv:127 YES
src/lowrisc_ip_pattgen_0.1/rtl/pattgen_chan.sv:145 YES
src/lowrisc_ip_pattgen_0.1/rtl/pattgen_chan.sv:159 YES
src/lowrisc_ip_pattgen_0.1/rtl/pattgen_chan.sv:183 YES
src/lowrisc_ip_spi_device_0.1/rtl/spi_cmdparse.sv:187 YES
src/lowrisc_ip_spi_device_0.1/rtl/spi_cmdparse.sv:210 YES
src/lowrisc_ip_spi_device_0.1/rtl/spi_cmdparse.sv:217 YES
src/lowrisc_ip_spi_device_0.1/rtl/spi_cmdparse.sv:240 YES
src/lowrisc_ip_spi_device_0.1/rtl/spi_cmdparse.sv:271 YES
src/lowrisc_ip_spi_device_0.1/rtl/spi_cmdparse.sv:282 YES
src/lowrisc_ip_spi_device_0.1/rtl/spi_cmdparse.sv:306 YES
src/lowrisc_ip_spi_device_0.1/rtl/spi_cmdparse.sv:325 YES
src/lowrisc_ip_spi_device_0.1/rtl/spid_readsram.sv:165 YES
src/lowrisc_ip_spi_device_0.1/rtl/spid_readsram.sv:171 YES
src/lowrisc_ip_spi_device_0.1/rtl/spid_readsram.sv:179 YES
src/lowrisc_ip_spi_device_0.1/rtl/spid_readsram.sv:195 YES
src/lowrisc_ip_spi_device_0.1/rtl/spid_readsram.sv:224 YES
src/lowrisc_ip_spi_device_0.1/rtl/spid_readsram.sv:240 YES
src/lowrisc_ip_spi_device_0.1/rtl/spid_readbuffer.sv:104 YES
src/lowrisc_ip_spi_device_0.1/rtl/spid_readbuffer.sv:129 YES
src/lowrisc_ip_spi_device_0.1/rtl/spid_readbuffer.sv:146 YES
src/lowrisc_ip_spi_device_0.1/rtl/spid_readbuffer.sv:162 YES
src/lowrisc_ip_spi_device_0.1/rtl/spid_readbuffer.sv:179 YES
src/lowrisc_ip_spi_device_0.1/rtl/spid_readbuffer.sv:195 YES
src/lowrisc_ip_spi_device_0.1/rtl/spid_readbuffer.sv:209 YES
src/lowrisc_ip_spi_device_0.1/rtl/spi_readcmd.sv:353 YES
src/lowrisc_ip_spi_device_0.1/rtl/spi_readcmd.sv:369 YES
src/lowrisc_ip_spi_device_0.1/rtl/spi_readcmd.sv:385 YES
src/lowrisc_ip_spi_device_0.1/rtl/spi_readcmd.sv:427 YES
src/lowrisc_ip_spi_device_0.1/rtl/spi_readcmd.sv:437 YES
src/lowrisc_ip_spi_device_0.1/rtl/spi_readcmd.sv:456 YES
src/lowrisc_ip_spi_device_0.1/rtl/spi_readcmd.sv:469 YES
src/lowrisc_ip_spi_device_0.1/rtl/spi_readcmd.sv:513 YES
src/lowrisc_ip_spi_device_0.1/rtl/spi_readcmd.sv:534 YES
src/lowrisc_ip_spi_device_0.1/rtl/spi_readcmd.sv:552 YES
src/lowrisc_ip_spi_device_0.1/rtl/spi_readcmd.sv:575 YES
src/lowrisc_ip_spi_device_0.1/rtl/spi_readcmd.sv:605 YES
src/lowrisc_ip_spi_device_0.1/rtl/spi_passthrough.sv:338 YES
src/lowrisc_ip_spi_device_0.1/rtl/spi_passthrough.sv:347 YES
src/lowrisc_ip_spi_device_0.1/rtl/spi_passthrough.sv:351 YES
src/lowrisc_ip_spi_device_0.1/rtl/spi_passthrough.sv:362 YES
src/lowrisc_ip_spi_device_0.1/rtl/spi_passthrough.sv:378 YES
src/lowrisc_ip_spi_device_0.1/rtl/spi_passthrough.sv:404 YES
src/lowrisc_ip_spi_device_0.1/rtl/spi_passthrough.sv:416 YES
src/lowrisc_ip_spi_device_0.1/rtl/spi_passthrough.sv:427 YES
src/lowrisc_ip_spi_device_0.1/rtl/spi_passthrough.sv:454 YES
src/lowrisc_ip_spi_device_0.1/rtl/spi_passthrough.sv:470 YES
src/lowrisc_ip_spi_device_0.1/rtl/spi_passthrough.sv:480 YES
src/lowrisc_ip_spi_device_0.1/rtl/spi_passthrough.sv:488 YES
src/lowrisc_ip_spi_device_0.1/rtl/spi_passthrough.sv:508 YES
src/lowrisc_ip_spi_device_0.1/rtl/spi_passthrough.sv:522 YES
src/lowrisc_ip_spi_device_0.1/rtl/spi_passthrough.sv:530 YES
src/lowrisc_ip_spi_device_0.1/rtl/spi_passthrough.sv:535 YES
src/lowrisc_ip_spi_device_0.1/rtl/spi_passthrough.sv:541 YES
src/lowrisc_ip_spi_device_0.1/rtl/spi_passthrough.sv:563 YES
src/lowrisc_ip_spi_device_0.1/rtl/spi_passthrough.sv:584 YES
src/lowrisc_ip_spi_device_0.1/rtl/spi_passthrough.sv:598 YES
src/lowrisc_ip_spi_device_0.1/rtl/spi_passthrough.sv:615 YES
src/lowrisc_ip_spi_device_0.1/rtl/spi_passthrough.sv:696 YES
src/lowrisc_ip_spi_device_0.1/rtl/spi_passthrough.sv:715 YES
src/lowrisc_ip_spi_device_0.1/rtl/spi_passthrough.sv:747 YES
src/lowrisc_ip_spi_device_0.1/rtl/spi_passthrough.sv:781 YES
src/lowrisc_ip_spi_device_0.1/rtl/spid_status.sv:165 YES
src/lowrisc_ip_spi_device_0.1/rtl/spid_status.sv:176 YES
src/lowrisc_ip_spi_device_0.1/rtl/spid_status.sv:189 YES
src/lowrisc_ip_spi_device_0.1/rtl/spid_status.sv:203 YES
src/lowrisc_ip_spi_device_0.1/rtl/spid_status.sv:208 YES
src/lowrisc_ip_spi_device_0.1/rtl/spid_status.sv:263 YES
src/lowrisc_ip_spi_device_0.1/rtl/spid_status.sv:308 YES
src/lowrisc_ip_spi_device_0.1/rtl/spid_status.sv:321 YES
src/lowrisc_ip_spi_device_0.1/rtl/spid_status.sv:335 YES
src/lowrisc_ip_spi_device_0.1/rtl/spid_status.sv:346 YES
src/lowrisc_ip_spi_device_0.1/rtl/spid_status.sv:364 YES
src/lowrisc_ip_spi_device_0.1/rtl/spid_status.sv:376 YES
src/lowrisc_ip_spi_device_0.1/rtl/spid_jedec.sv:72 YES
src/lowrisc_ip_spi_device_0.1/rtl/spid_jedec.sv:82 YES
src/lowrisc_ip_spi_device_0.1/rtl/spid_jedec.sv:90 YES
src/lowrisc_ip_spi_device_0.1/rtl/spid_jedec.sv:103 YES
src/lowrisc_ip_spi_device_0.1/rtl/spid_jedec.sv:120 YES
src/lowrisc_ip_spi_device_0.1/rtl/spid_jedec.sv:131 YES
src/lowrisc_ip_spi_device_0.1/rtl/spid_jedec.sv:143 YES
src/lowrisc_ip_spi_device_0.1/rtl/spid_addr_4b.sv:52 YES
src/lowrisc_ip_spi_device_0.1/rtl/spid_addr_4b.sv:62 YES
src/lowrisc_ip_spi_device_0.1/rtl/spid_addr_4b.sv:112 YES
src/lowrisc_ip_spi_device_0.1/rtl/spid_addr_4b.sv:126 YES
src/lowrisc_ip_spi_device_0.1/rtl/spid_addr_4b.sv:138 YES
src/lowrisc_ip_spi_device_0.1/rtl/spid_csb_sync.sv:31 YES
src/lowrisc_ip_spi_device_0.1/rtl/spid_csb_sync.sv:43 YES
src/lowrisc_ip_spi_device_0.1/rtl/spid_csb_sync.sv:62 YES
src/lowrisc_ip_spi_device_0.1/rtl/spid_upload.sv:255 YES
src/lowrisc_ip_spi_device_0.1/rtl/spid_upload.sv:263 YES
src/lowrisc_ip_spi_device_0.1/rtl/spid_upload.sv:267 YES
src/lowrisc_ip_spi_device_0.1/rtl/spid_upload.sv:321 YES
src/lowrisc_ip_spi_device_0.1/rtl/spid_upload.sv:345 YES
src/lowrisc_ip_spi_device_0.1/rtl/spid_upload.sv:366 YES
src/lowrisc_ip_spi_device_0.1/rtl/spid_upload.sv:389 YES
src/lowrisc_ip_spi_device_0.1/rtl/spid_upload.sv:407 YES
src/lowrisc_ip_spi_device_0.1/rtl/spid_upload.sv:417 YES
src/lowrisc_ip_spi_device_0.1/rtl/spid_upload.sv:427 YES
src/lowrisc_ip_spi_device_0.1/rtl/spid_upload.sv:452 YES
src/lowrisc_ip_spi_device_0.1/rtl/spi_tpm.sv:526 YES
src/lowrisc_ip_spi_device_0.1/rtl/spi_tpm.sv:543 YES
src/lowrisc_ip_spi_device_0.1/rtl/spi_tpm.sv:556 YES
src/lowrisc_ip_spi_device_0.1/rtl/spi_tpm.sv:595 YES
src/lowrisc_ip_spi_device_0.1/rtl/spi_tpm.sv:603 YES
src/lowrisc_ip_spi_device_0.1/rtl/spi_tpm.sv:612 YES
src/lowrisc_ip_spi_device_0.1/rtl/spi_tpm.sv:621 YES
src/lowrisc_ip_spi_device_0.1/rtl/spi_tpm.sv:649 YES
src/lowrisc_ip_spi_device_0.1/rtl/spi_tpm.sv:659 YES
src/lowrisc_ip_spi_device_0.1/rtl/spi_tpm.sv:684 YES
src/lowrisc_ip_spi_device_0.1/rtl/spi_tpm.sv:710 YES
src/lowrisc_ip_spi_device_0.1/rtl/spi_tpm.sv:724 YES
src/lowrisc_ip_spi_device_0.1/rtl/spi_tpm.sv:746 YES
src/lowrisc_ip_spi_device_0.1/rtl/spi_tpm.sv:752 YES
src/lowrisc_ip_spi_device_0.1/rtl/spi_tpm.sv:764 YES
src/lowrisc_ip_spi_device_0.1/rtl/spi_tpm.sv:786 YES
src/lowrisc_ip_spi_device_0.1/rtl/spi_tpm.sv:797 YES
src/lowrisc_ip_spi_device_0.1/rtl/spi_tpm.sv:803 YES
src/lowrisc_ip_spi_device_0.1/rtl/spi_tpm.sv:814 YES
src/lowrisc_ip_spi_device_0.1/rtl/spi_tpm.sv:824 YES
src/lowrisc_ip_spi_device_0.1/rtl/spi_tpm.sv:833 YES
src/lowrisc_ip_spi_device_0.1/rtl/spi_tpm.sv:853 YES
src/lowrisc_ip_spi_device_0.1/rtl/spi_tpm.sv:864 YES
src/lowrisc_ip_spi_device_0.1/rtl/spi_tpm.sv:874 YES
src/lowrisc_ip_spi_device_0.1/rtl/spi_tpm.sv:897 YES
src/lowrisc_ip_spi_device_0.1/rtl/spi_tpm.sv:939 YES
src/lowrisc_ip_spi_device_0.1/rtl/spi_tpm.sv:1013 YES
src/lowrisc_ip_spi_device_0.1/rtl/spi_tpm.sv:1025 YES
src/lowrisc_ip_spi_device_0.1/rtl/spi_tpm.sv:1053 YES
src/lowrisc_ip_spi_device_0.1/rtl/spi_tpm.sv:1065 YES
src/lowrisc_ip_spi_device_0.1/rtl/spi_tpm.sv:1096 YES
src/lowrisc_ip_spi_device_0.1/rtl/spi_tpm.sv:1144 YES
src/lowrisc_ip_spi_device_0.1/rtl/spi_tpm.sv:1383 YES
src/lowrisc_ip_spi_device_0.1/rtl/spi_tpm.sv:1395 YES
src/lowrisc_ip_spi_device_0.1/rtl/spi_tpm.sv:1410 YES
src/lowrisc_ip_spi_device_0.1/rtl/spi_tpm.sv:1471 YES
src/lowrisc_ip_spi_device_0.1/rtl/spi_tpm.sv:1481 YES
src/lowrisc_ip_spi_device_0.1/rtl/spi_s2p.sv:45 YES
src/lowrisc_ip_spi_device_0.1/rtl/spi_s2p.sv:64 YES
src/lowrisc_ip_spi_device_0.1/rtl/spi_s2p.sv:76 YES
src/lowrisc_ip_spi_device_0.1/rtl/spi_s2p.sv:93 YES
src/lowrisc_ip_spi_device_0.1/rtl/spi_p2s.sv:62 YES
src/lowrisc_ip_spi_device_0.1/rtl/spi_p2s.sv:102 YES
src/lowrisc_ip_spi_device_0.1/rtl/spi_p2s.sv:111 YES
src/lowrisc_ip_spi_device_0.1/rtl/spi_p2s.sv:138 YES
src/lowrisc_ip_spi_device_0.1/rtl/spi_p2s.sv:171 YES
src/lowrisc_ip_spi_device_0.1/rtl/spi_p2s.sv:187 YES
src/lowrisc_ip_spi_host_1.0/rtl/spi_host_shift_register.sv:101 YES
src/lowrisc_ip_spi_host_1.0/rtl/spi_host_byte_merge.sv:42 YES
src/lowrisc_ip_sysrst_ctrl_1.0/rtl/sysrst_ctrl_reg_top.sv:69 YES
src/lowrisc_ip_sysrst_ctrl_1.0/rtl/sysrst_ctrl_reg_top.sv:6929 YES
src/lowrisc_ip_sysrst_ctrl_1.0/rtl/sysrst_ctrl_reg_top.sv:7106 YES
src/lowrisc_ip_sysrst_ctrl_1.0/rtl/sysrst_ctrl_comboact.sv:78 YES
src/lowrisc_ip_sysrst_ctrl_1.0/rtl/sysrst_ctrl_intr.sv:60 YES
src/lowrisc_ip_sysrst_ctrl_1.0/rtl/sysrst_ctrl_intr.sv:77 YES
src/lowrisc_ip_sysrst_ctrl_1.0/rtl/sysrst_ctrl_intr.sv:104 YES
src/lowrisc_ip_uart_0.1/rtl/uart_rx.sv:37 YES
src/lowrisc_ip_uart_0.1/rtl/uart_rx.sv:54 YES
src/lowrisc_ip_uart_0.1/rtl/uart_rx.sv:92 YES
src/lowrisc_ip_uart_0.1/rtl/uart_tx.sv:34 YES
src/lowrisc_ip_uart_0.1/rtl/uart_tx.sv:45 YES
src/lowrisc_ip_uart_0.1/rtl/uart_tx.sv:58 YES
src/lowrisc_ip_uart_0.1/rtl/uart_core.sv:108 YES
src/lowrisc_ip_uart_0.1/rtl/uart_core.sv:117 YES
src/lowrisc_ip_uart_0.1/rtl/uart_core.sv:125 YES
src/lowrisc_ip_uart_0.1/rtl/uart_core.sv:169 YES
src/lowrisc_ip_uart_0.1/rtl/uart_core.sv:218 YES
src/lowrisc_ip_uart_0.1/rtl/uart_core.sv:249 YES
src/lowrisc_ip_uart_0.1/rtl/uart_core.sv:305 YES
src/lowrisc_ip_uart_0.1/rtl/uart_core.sv:318 YES
src/lowrisc_ip_uart_0.1/rtl/uart_core.sv:330 YES
src/lowrisc_ip_uart_0.1/rtl/uart_core.sv:341 YES
src/lowrisc_ip_uart_0.1/rtl/uart_core.sv:355 YES
src/lowrisc_ip_uart_0.1/rtl/uart_core.sv:389 YES
src/lowrisc_ip_usbdev_0.1/rtl/usbdev_reg_top.sv:74 YES
src/lowrisc_ip_usbdev_0.1/rtl/usbdev_reg_top.sv:138 YES
src/lowrisc_ip_usbdev_0.1/rtl/usbdev_reg_top.sv:9101 YES
src/lowrisc_ip_usbdev_0.1/rtl/usbdev_reg_top.sv:9543 YES
src/lowrisc_ip_usbdev_0.1/rtl/usbdev_usbif.sv:160 YES
src/lowrisc_ip_usbdev_0.1/rtl/usbdev_usbif.sv:188 YES
src/lowrisc_ip_usbdev_0.1/rtl/usbdev_usbif.sv:197 YES
src/lowrisc_ip_usbdev_0.1/rtl/usbdev_usbif.sv:248 YES
src/lowrisc_ip_usbdev_0.1/rtl/usbdev_usbif.sv:292 YES
src/lowrisc_ip_usbdev_0.1/rtl/usbdev_usbif.sv:411 YES
src/lowrisc_ip_usbdev_0.1/rtl/usbdev_usbif.sv:418 YES
src/lowrisc_ip_usbdev_0.1/rtl/usbdev_usbif.sv:458 YES
src/lowrisc_ip_usbdev_0.1/rtl/usbdev_linkstate.sv:144 YES
src/lowrisc_ip_usbdev_0.1/rtl/usbdev_linkstate.sv:230 YES
src/lowrisc_ip_usbdev_0.1/rtl/usbdev_linkstate.sv:250 YES
src/lowrisc_ip_usbdev_0.1/rtl/usbdev_linkstate.sv:291 YES
src/lowrisc_ip_usbdev_0.1/rtl/usbdev_linkstate.sv:311 YES
src/lowrisc_ip_usbdev_0.1/rtl/usbdev_linkstate.sv:347 YES
src/lowrisc_ip_usbdev_0.1/rtl/usbdev_linkstate.sv:366 YES
src/lowrisc_ip_usbdev_0.1/rtl/usbdev_linkstate.sv:379 YES
src/lowrisc_ip_usbdev_0.1/rtl/usbdev_iomux.sv:88 YES
src/lowrisc_ip_usbdev_0.1/rtl/usbdev_aon_wake.sv:122 YES
src/lowrisc_ip_usbdev_0.1/rtl/usbdev_aon_wake.sv:139 YES
src/lowrisc_ip_usbdev_0.1/rtl/usbdev_aon_wake.sv:162 YES
src/lowrisc_ip_usbdev_0.1/rtl/usbdev_aon_wake.sv:191 YES
src/lowrisc_systems_top_earlgrey_ast_0.1/rtl/ast.sv:862 YES
src/lowrisc_systems_top_earlgrey_ast_0.1/rtl/ast.sv:872 YES
src/lowrisc_systems_top_earlgrey_ast_0.1/rtl/ast.sv:880 YES
src/lowrisc_systems_top_earlgrey_ast_0.1/rtl/ast.sv:888 YES
src/lowrisc_systems_top_earlgrey_ast_0.1/rtl/ast_reg_top.sv:67 YES
src/lowrisc_systems_top_earlgrey_ast_0.1/rtl/ast_reg_top.sv:2311 YES
src/lowrisc_systems_top_earlgrey_ast_0.1/rtl/adc.sv:33 YES
src/lowrisc_systems_top_earlgrey_ast_0.1/rtl/adc.sv:49 YES
src/lowrisc_systems_top_earlgrey_ast_0.1/rtl/adc.sv:81 YES
src/lowrisc_systems_top_earlgrey_ast_0.1/rtl/ast_alert.sv:47 YES
src/lowrisc_systems_top_earlgrey_ast_0.1/rtl/ast_alert.sv:65 YES
src/lowrisc_systems_top_earlgrey_ast_0.1/rtl/aon_osc.sv:68 YES
src/lowrisc_systems_top_earlgrey_ast_0.1/rtl/aon_osc.sv:104 YES
src/lowrisc_systems_top_earlgrey_ast_0.1/rtl/io_osc.sv:67 YES
src/lowrisc_systems_top_earlgrey_ast_0.1/rtl/io_osc.sv:103 YES
src/lowrisc_systems_top_earlgrey_ast_0.1/rtl/sys_osc.sv:94 YES
src/lowrisc_systems_top_earlgrey_ast_0.1/rtl/sys_osc.sv:130 YES
src/lowrisc_systems_top_earlgrey_ast_0.1/rtl/usb_osc.sv:80 YES
src/lowrisc_systems_top_earlgrey_ast_0.1/rtl/usb_osc.sv:119 YES
src/lowrisc_systems_top_earlgrey_ast_0.1/rtl/usb_osc.sv:155 YES
src/lowrisc_systems_top_earlgrey_ast_0.1/rtl/gfr_clk_mux2.sv:37 YES
src/lowrisc_systems_top_earlgrey_ast_0.1/rtl/gfr_clk_mux2.sv:47 YES
src/lowrisc_systems_top_earlgrey_ast_0.1/rtl/gfr_clk_mux2.sv:65 YES
src/lowrisc_systems_top_earlgrey_ast_0.1/rtl/gfr_clk_mux2.sv:75 YES
src/lowrisc_systems_top_earlgrey_ast_0.1/rtl/ast_clks_byp.sv:82 YES
src/lowrisc_systems_top_earlgrey_ast_0.1/rtl/ast_clks_byp.sv:113 YES
src/lowrisc_systems_top_earlgrey_ast_0.1/rtl/ast_clks_byp.sv:475 YES
src/lowrisc_systems_top_earlgrey_ast_0.1/rtl/ast_clks_byp.sv:706 YES
src/lowrisc_systems_top_earlgrey_ast_0.1/rtl/ast_clks_byp.sv:738 YES
src/lowrisc_systems_top_earlgrey_ast_0.1/rtl/ast_clks_byp.sv:771 YES
src/lowrisc_systems_top_earlgrey_ast_0.1/rtl/ast_pulse_sync.sv:65 YES
src/lowrisc_systems_top_earlgrey_ast_0.1/rtl/ast_pulse_sync.sv:81 YES
src/lowrisc_systems_top_earlgrey_ast_0.1/rtl/ast_pulse_sync.sv:127 YES
src/lowrisc_systems_top_earlgrey_ast_0.1/rtl/ast_entropy.sv:46 YES
src/lowrisc_systems_top_earlgrey_ast_0.1/rtl/dev_entropy.sv:67 YES
src/lowrisc_systems_top_earlgrey_ast_0.1/rtl/dev_entropy.sv:80 YES
src/lowrisc_systems_top_earlgrey_ast_0.1/rtl/dev_entropy.sv:101 YES
src/lowrisc_systems_top_earlgrey_ast_0.1/rtl/dev_entropy.sv:124 YES
src/lowrisc_systems_top_earlgrey_ast_0.1/rtl/dev_entropy.sv:138 YES
src/lowrisc_systems_top_earlgrey_ast_0.1/rtl/dev_entropy.sv:188 YES
src/lowrisc_systems_top_earlgrey_ast_0.1/rtl/dev_entropy.sv:216 YES
src/lowrisc_systems_top_earlgrey_ast_0.1/rtl/rng.sv:95 YES
src/lowrisc_systems_top_earlgrey_ast_0.1/rtl/rng.sv:131 YES
src/lowrisc_systems_top_earlgrey_ast_0.1/rtl/rng.sv:140 YES
src/lowrisc_systems_top_earlgrey_sensor_ctrl_reg_0.1/rtl/sensor_ctrl_reg_top.sv:67 YES
src/lowrisc_systems_top_earlgrey_sensor_ctrl_reg_0.1/rtl/sensor_ctrl_reg_top.sv:2778 YES
src/lowrisc_top_earlgrey_xbar_main_0.1/rtl/autogen/xbar_main.sv:681 YES
src/lowrisc_top_earlgrey_xbar_main_0.1/rtl/autogen/xbar_main.sv:702 YES
src/lowrisc_top_earlgrey_xbar_main_0.1/rtl/autogen/xbar_main.sv:805 YES
src/lowrisc_top_earlgrey_xbar_peri_0.1/rtl/autogen/xbar_peri.sv:213 YES
src/lowrisc_fpv_spi_host_csr_assert_0/spi_host_csr_assert_fpv.sv:92 YES
src/lowrisc_fpv_spi_host_csr_assert_0/spi_host_csr_assert_fpv.sv:154 YES
src/lowrisc_earlgrey_ip_alert_handler_component_0.1/rtl/alert_handler_ping_timer.sv:84 YES
src/lowrisc_earlgrey_ip_alert_handler_component_0.1/rtl/alert_handler_ping_timer.sv:140 YES
src/lowrisc_earlgrey_ip_alert_handler_component_0.1/rtl/alert_handler_ping_timer.sv:341 YES
src/lowrisc_earlgrey_ip_alert_handler_component_0.1/rtl/alert_handler_ping_timer.sv:412 YES
src/lowrisc_earlgrey_ip_alert_handler_component_0.1/rtl/alert_handler_ping_timer.sv:426 YES
src/lowrisc_earlgrey_ip_clkmgr_0.1/rtl/clkmgr_clk_status.sv:38 YES
src/lowrisc_earlgrey_ip_clkmgr_0.1/rtl/clkmgr_clk_status.sv:48 YES
src/lowrisc_earlgrey_ip_clkmgr_0.1/rtl/clkmgr_meas_chk.sv:81 YES
src/lowrisc_earlgrey_ip_clkmgr_0.1/rtl/clkmgr_meas_chk.sv:92 YES
src/lowrisc_earlgrey_ip_clkmgr_0.1/rtl/clkmgr_trans.sv:139 YES
src/lowrisc_earlgrey_ip_clkmgr_0.1/rtl/clkmgr_trans.sv:157 YES
src/lowrisc_earlgrey_ip_flash_ctrl_0.1/rtl/flash_ctrl_prog.sv:54 YES
src/lowrisc_earlgrey_ip_flash_ctrl_0.1/rtl/flash_ctrl_prog.sv:89 YES
src/lowrisc_earlgrey_ip_flash_ctrl_0.1/rtl/flash_ctrl_prog.sv:100 YES
src/lowrisc_earlgrey_ip_flash_ctrl_0.1/rtl/flash_ctrl_prog.sv:138 YES
src/lowrisc_earlgrey_ip_flash_ctrl_0.1/rtl/flash_ctrl_rd.sv:51 YES
src/lowrisc_earlgrey_ip_flash_ctrl_0.1/rtl/flash_ctrl_rd.sv:59 YES
src/lowrisc_earlgrey_ip_flash_ctrl_0.1/rtl/flash_ctrl_rd.sv:96 YES
src/lowrisc_earlgrey_ip_flash_ctrl_0.1/rtl/flash_ctrl_rd.sv:119 YES
src/lowrisc_earlgrey_ip_flash_ctrl_0.1/rtl/flash_ctrl_arb.sv:123 YES
src/lowrisc_earlgrey_ip_flash_ctrl_0.1/rtl/flash_ctrl_arb.sv:132 YES
src/lowrisc_earlgrey_ip_flash_ctrl_0.1/rtl/flash_ctrl_arb.sv:206 YES
src/lowrisc_earlgrey_ip_flash_ctrl_0.1/rtl/flash_ctrl_arb.sv:244 YES
src/lowrisc_earlgrey_ip_flash_ctrl_0.1/rtl/flash_ctrl_lcmgr.sv:152 YES
src/lowrisc_earlgrey_ip_flash_ctrl_0.1/rtl/flash_ctrl_lcmgr.sv:173 YES
src/lowrisc_earlgrey_ip_flash_ctrl_0.1/rtl/flash_ctrl_lcmgr.sv:226 YES
src/lowrisc_earlgrey_ip_flash_ctrl_0.1/rtl/flash_ctrl_lcmgr.sv:250 YES
src/lowrisc_earlgrey_ip_flash_ctrl_0.1/rtl/flash_ctrl_lcmgr.sv:263 YES
src/lowrisc_earlgrey_ip_flash_ctrl_0.1/rtl/flash_ctrl_lcmgr.sv:358 YES
src/lowrisc_earlgrey_ip_flash_ctrl_0.1/rtl/flash_ctrl_lcmgr.sv:427 YES
src/lowrisc_earlgrey_ip_flash_ctrl_0.1/rtl/flash_ctrl_lcmgr.sv:569 YES
src/lowrisc_earlgrey_ip_flash_ctrl_0.1/rtl/flash_ctrl_lcmgr.sv:613 YES
src/lowrisc_earlgrey_ip_flash_ctrl_0.1/rtl/flash_ctrl_lcmgr.sv:672 YES
src/lowrisc_earlgrey_ip_flash_ctrl_0.1/rtl/flash_ctrl_lcmgr.sv:687 YES
src/lowrisc_earlgrey_ip_flash_ctrl_0.1/rtl/flash_ctrl_lcmgr.sv:704 YES
src/lowrisc_earlgrey_ip_flash_ctrl_0.1/rtl/flash_ctrl_lcmgr.sv:777 YES
src/lowrisc_earlgrey_ip_flash_ctrl_0.1/rtl/flash_ctrl_lcmgr.sv:931 YES
src/lowrisc_earlgrey_ip_flash_ctrl_0.1/rtl/flash_phy_rd_buffers.sv:37 YES
src/lowrisc_earlgrey_ip_flash_ctrl_0.1/rtl/flash_phy_prog.sv:129 YES
src/lowrisc_earlgrey_ip_flash_ctrl_0.1/rtl/flash_phy_prog.sv:150 YES
src/lowrisc_earlgrey_ip_flash_ctrl_0.1/rtl/flash_phy_prog.sv:164 YES
src/lowrisc_earlgrey_ip_flash_ctrl_0.1/rtl/flash_phy_prog.sv:186 YES
src/lowrisc_earlgrey_ip_flash_ctrl_0.1/rtl/flash_phy_prog.sv:298 YES
src/lowrisc_earlgrey_ip_flash_ctrl_0.1/rtl/flash_phy_prog.sv:322 YES
src/lowrisc_earlgrey_ip_flash_ctrl_0.1/rtl/flash_phy_prog.sv:368 YES
src/lowrisc_earlgrey_ip_flash_ctrl_0.1/rtl/flash_phy_erase.sv:38 YES
src/lowrisc_earlgrey_ip_flash_ctrl_0.1/rtl/flash_phy_erase.sv:52 YES
src/lowrisc_earlgrey_ip_pinmux_0.1/rtl/pinmux_wkup.sv:57 YES
src/lowrisc_earlgrey_ip_pinmux_0.1/rtl/pinmux_wkup.sv:81 YES
src/lowrisc_earlgrey_ip_pwrmgr_0.1/rtl/pwrmgr_slow_fsm.sv:115 YES
src/lowrisc_earlgrey_ip_pwrmgr_0.1/rtl/pwrmgr_slow_fsm.sv:144 YES
src/lowrisc_earlgrey_ip_pwrmgr_0.1/rtl/pwrmgr_slow_fsm.sv:162 YES
src/lowrisc_earlgrey_ip_pwrmgr_0.1/rtl/pwrmgr_slow_fsm.sv:273 YES
src/lowrisc_earlgrey_ip_pwrmgr_0.1/rtl/pwrmgr_slow_fsm.sv:293 YES
src/lowrisc_earlgrey_ip_pwrmgr_0.1/rtl/pwrmgr_slow_fsm.sv:310 YES
src/lowrisc_earlgrey_ip_pwrmgr_0.1/rtl/pwrmgr_fsm.sv:155 YES
src/lowrisc_earlgrey_ip_pwrmgr_0.1/rtl/pwrmgr_fsm.sv:178 YES
src/lowrisc_earlgrey_ip_pwrmgr_0.1/rtl/pwrmgr_fsm.sv:180 YES
src/lowrisc_earlgrey_ip_pwrmgr_0.1/rtl/pwrmgr_fsm.sv:280 YES
src/lowrisc_earlgrey_ip_pwrmgr_0.1/rtl/pwrmgr_fsm.sv:487 YES
src/lowrisc_earlgrey_ip_pwrmgr_0.1/rtl/pwrmgr_wake_info.sv:28 YES
src/lowrisc_earlgrey_ip_pwrmgr_0.1/rtl/pwrmgr_wake_info.sv:41 YES
src/lowrisc_earlgrey_ip_pwrmgr_0.1/rtl/pwrmgr_wake_info.sv:56 YES
src/lowrisc_ip_csrng_0.1/rtl/csrng_reg_top.sv:67 YES
src/lowrisc_ip_csrng_0.1/rtl/csrng_reg_top.sv:1911 YES
src/lowrisc_ip_csrng_0.1/rtl/csrng_main_sm.sv:39 YES
src/lowrisc_ip_csrng_0.1/rtl/csrng_main_sm.sv:51 YES
src/lowrisc_ip_csrng_0.1/rtl/csrng_cmd_stage.sv:102 YES
src/lowrisc_ip_csrng_0.1/rtl/csrng_cmd_stage.sv:256 YES
src/lowrisc_ip_csrng_0.1/rtl/csrng_cmd_stage.sv:278 YES
src/lowrisc_ip_entropy_src_0.1/rtl/entropy_src_reg_top.sv:67 YES
src/lowrisc_ip_entropy_src_0.1/rtl/entropy_src_reg_top.sv:3359 YES
src/lowrisc_ip_entropy_src_0.1/rtl/entropy_src_watermark_reg.sv:31 YES
src/lowrisc_ip_entropy_src_0.1/rtl/entropy_src_watermark_reg.sv:45 YES
src/lowrisc_ip_entropy_src_0.1/rtl/entropy_src_ack_sm.sv:27 YES
src/lowrisc_ip_entropy_src_0.1/rtl/entropy_src_ack_sm.sv:34 YES
src/lowrisc_ip_entropy_src_0.1/rtl/entropy_src_ack_sm.sv:61 YES
src/lowrisc_ip_entropy_src_0.1/rtl/entropy_src_main_sm.sv:44 YES
src/lowrisc_ip_entropy_src_0.1/rtl/entropy_src_main_sm.sv:60 YES
src/lowrisc_ip_entropy_src_0.1/rtl/entropy_src_main_sm.sv:282 YES
src/lowrisc_ip_entropy_src_0.1/rtl/entropy_src_repcnts_ht.sv:38 YES
src/lowrisc_ip_entropy_src_0.1/rtl/entropy_src_enable_delay.sv:70 YES
src/lowrisc_ip_keymgr_0.1/rtl/keymgr_cfg_en.sv:40 YES
src/lowrisc_ip_keymgr_0.1/rtl/keymgr_cfg_en.sv:51 YES
src/lowrisc_ip_keymgr_0.1/rtl/keymgr_data_en_state.sv:69 YES
src/lowrisc_ip_keymgr_0.1/rtl/keymgr_data_en_state.sv:83 YES
src/lowrisc_ip_keymgr_0.1/rtl/keymgr_err.sv:77 YES
src/lowrisc_ip_keymgr_0.1/rtl/keymgr_err.sv:95 YES
src/lowrisc_ip_keymgr_0.1/rtl/keymgr_err.sv:108 YES
src/lowrisc_ip_keymgr_0.1/rtl/keymgr_kmac_if.sv:161 YES
src/lowrisc_ip_keymgr_0.1/rtl/keymgr_kmac_if.sv:170 YES
src/lowrisc_ip_keymgr_0.1/rtl/keymgr_kmac_if.sv:191 YES
src/lowrisc_ip_keymgr_0.1/rtl/keymgr_kmac_if.sv:280 YES
src/lowrisc_ip_keymgr_0.1/rtl/keymgr_kmac_if.sv:299 YES
src/lowrisc_ip_keymgr_0.1/rtl/keymgr_kmac_if.sv:332 YES
src/lowrisc_ip_keymgr_0.1/rtl/keymgr_kmac_if.sv:370 YES
src/lowrisc_ip_keymgr_0.1/rtl/keymgr_kmac_if.sv:386 YES
src/lowrisc_ip_keymgr_0.1/rtl/keymgr_op_state_ctrl.sv:44 YES
src/lowrisc_ip_keymgr_0.1/rtl/keymgr_op_state_ctrl.sv:62 YES
src/lowrisc_ip_keymgr_0.1/rtl/keymgr_reg_top.sv:71 YES
src/lowrisc_ip_keymgr_0.1/rtl/keymgr_reg_top.sv:3359 YES
src/lowrisc_ip_keymgr_0.1/rtl/keymgr_reg_top.sv:3646 YES
src/lowrisc_ip_keymgr_0.1/rtl/keymgr_reg_top.sv:3654 YES
src/lowrisc_ip_keymgr_0.1/rtl/keymgr_reseed_ctrl.sv:48 YES
src/lowrisc_ip_keymgr_0.1/rtl/keymgr_reseed_ctrl.sv:85 YES
src/lowrisc_ip_keymgr_0.1/rtl/keymgr_sideload_key.sv:32 YES
src/lowrisc_ip_keymgr_0.1/rtl/keymgr_sideload_key.sv:42 YES
src/lowrisc_ip_kmac_0.1/rtl/kmac_reg_top.sv:76 YES
src/lowrisc_ip_kmac_0.1/rtl/kmac_reg_top.sv:143 YES
src/lowrisc_ip_kmac_0.1/rtl/kmac_reg_top.sv:2986 YES
src/lowrisc_ip_kmac_0.1/rtl/kmac_reg_top.sv:3253 YES
src/lowrisc_ip_kmac_0.1/rtl/kmac_reg_top.sv:3261 YES
src/lowrisc_ip_lc_ctrl_0.1/rtl/lc_ctrl_regs_reg_top.sv:67 YES
src/lowrisc_ip_lc_ctrl_0.1/rtl/lc_ctrl_regs_reg_top.sv:1334 YES
src/lowrisc_ip_lc_ctrl_0.1/rtl/lc_ctrl_signal_decode.sv:86 YES
src/lowrisc_ip_lc_ctrl_0.1/rtl/lc_ctrl_kmac_if.sv:89 YES
src/lowrisc_ip_lc_ctrl_0.1/rtl/lc_ctrl_kmac_if.sv:170 YES
src/lowrisc_ip_lc_ctrl_0.1/rtl/lc_ctrl_kmac_if.sv:209 YES
src/lowrisc_ip_lc_ctrl_0.1/rtl/lc_ctrl_kmac_if.sv:211 YES
src/lowrisc_ip_rom_ctrl_0.1/rtl/rom_ctrl_regs_reg_top.sv:67 YES
src/lowrisc_ip_rom_ctrl_0.1/rtl/rom_ctrl_regs_reg_top.sv:764 YES
src/lowrisc_ip_rom_ctrl_0.1/rtl/rom_ctrl_compare.sv:85 YES
src/lowrisc_ip_rom_ctrl_0.1/rtl/rom_ctrl_compare.sv:90 YES
src/lowrisc_ip_rom_ctrl_0.1/rtl/rom_ctrl_compare.sv:154 YES
src/lowrisc_ip_rom_ctrl_0.1/rtl/rom_ctrl_counter.sv:75 YES
src/lowrisc_ip_rom_ctrl_0.1/rtl/rom_ctrl_counter.sv:83 YES
src/lowrisc_ip_rom_ctrl_0.1/rtl/rom_ctrl_counter.sv:93 YES
src/lowrisc_ip_rom_ctrl_0.1/rtl/rom_ctrl_fsm.sv:174 YES
src/lowrisc_ip_rom_ctrl_0.1/rtl/rom_ctrl_fsm.sv:180 YES
src/lowrisc_ip_rom_ctrl_0.1/rtl/rom_ctrl_fsm.sv:233 YES
src/lowrisc_ip_rom_ctrl_0.1/rtl/rom_ctrl_fsm.sv:242 YES
src/lowrisc_ip_rom_ctrl_0.1/rtl/rom_ctrl_fsm.sv:248 YES
src/lowrisc_ip_rom_ctrl_0.1/rtl/rom_ctrl_fsm.sv:303 YES
src/lowrisc_ip_rom_ctrl_0.1/rtl/rom_ctrl_fsm.sv:306 YES
src/lowrisc_ip_rom_ctrl_0.1/rtl/rom_ctrl_fsm.sv:310 YES
src/lowrisc_ip_rom_ctrl_0.1/rtl/rom_ctrl_fsm.sv:328 YES
src/lowrisc_ip_rom_ctrl_0.1/rtl/rom_ctrl_mux.sv:103 YES
src/lowrisc_earlgrey_ip_otp_ctrl_1.0/rtl/otp_ctrl_core_reg_top.sv:72 YES
src/lowrisc_earlgrey_ip_otp_ctrl_1.0/rtl/otp_ctrl_core_reg_top.sv:136 YES
src/lowrisc_earlgrey_ip_otp_ctrl_1.0/rtl/otp_ctrl_core_reg_top.sv:2331 YES
src/lowrisc_earlgrey_ip_otp_ctrl_1.0/rtl/otp_ctrl_lfsr_timer.sv:270 YES
src/lowrisc_earlgrey_ip_otp_ctrl_1.0/rtl/otp_ctrl_lfsr_timer.sv:357 YES
src/lowrisc_earlgrey_ip_otp_ctrl_1.0/rtl/otp_ctrl_lfsr_timer.sv:368 YES
src/lowrisc_earlgrey_ip_otp_ctrl_1.0/rtl/otp_ctrl_lfsr_timer.sv:370 YES
src/lowrisc_earlgrey_ip_otp_ctrl_1.0/rtl/otp_ctrl_lci.sv:144 YES
src/lowrisc_earlgrey_ip_otp_ctrl_1.0/rtl/otp_ctrl_lci.sv:228 YES
src/lowrisc_earlgrey_ip_otp_ctrl_1.0/rtl/otp_ctrl_lci.sv:280 YES
src/lowrisc_earlgrey_ip_otp_ctrl_1.0/rtl/otp_ctrl_lci.sv:282 YES
src/lowrisc_dv_top_earlgrey_sva_0.1/clk_ctrl_and_main_pd_sva_if.sv:84 YES
src/lowrisc_dv_top_earlgrey_sva_0.1/clk_ctrl_and_main_pd_sva_if.sv:85 YES
src/lowrisc_dv_top_earlgrey_sva_0.1/clk_ctrl_and_main_pd_sva_if.sv:86 YES
src/lowrisc_systems_top_earlgrey_ast_0.1/rtl/rglts_pdm_3p3v.sv:138 YES
src/lowrisc_systems_top_earlgrey_ast_0.1/rtl/rglts_pdm_3p3v.sv:146 YES
src/lowrisc_systems_top_earlgrey_ast_0.1/rtl/rglts_pdm_3p3v.sv:156 YES
src/lowrisc_systems_top_earlgrey_ast_0.1/rtl/rglts_pdm_3p3v.sv:355 YES
src/lowrisc_systems_top_earlgrey_ast_0.1/rtl/rglts_pdm_3p3v.sv:366 YES
src/lowrisc_systems_top_earlgrey_ast_0.1/rtl/rglts_pdm_3p3v.sv:384 YES
src/lowrisc_prim_generic_clock_div_0/rtl/prim_clock_div.sv:54 YES
src/lowrisc_prim_generic_clock_div_0/rtl/prim_clock_div.sv:84 YES
src/lowrisc_prim_generic_clock_div_0/rtl/prim_clock_div.sv:96 YES
src/lowrisc_prim_mubi_0.1/rtl/prim_mubi4_sync.sv:116 YES
src/lowrisc_prim_mubi_0.1/rtl/prim_mubi4_sync.sv:127 YES
src/lowrisc_prim_mubi_0.1/rtl/prim_mubi4_sync.sv:144 YES
src/lowrisc_prim_mubi_0.1/rtl/prim_mubi4_sender.sv:54 YES
src/lowrisc_prim_multibit_sync_0.1/rtl/prim_multibit_sync.sv:91 YES
src/lowrisc_prim_all_0.1/rtl/prim_packer_fifo.sv:81 YES
src/lowrisc_prim_all_0.1/rtl/prim_packer_fifo.sv:126 YES
src/lowrisc_prim_lfsr_0.1/rtl/prim_lfsr.sv:485 YES
src/lowrisc_prim_lfsr_0.1/rtl/prim_lfsr.sv:513 YES
src/lowrisc_prim_lfsr_0.1/rtl/prim_lfsr.sv:616 YES
src/lowrisc_tlul_trans_intg_0.1/rtl/tlul_rsp_intg_gen.sv:82 YES
src/lowrisc_tlul_trans_intg_0.1/rtl/tlul_rsp_intg_gen.sv:83 YES
src/lowrisc_tlul_adapter_reg_0.1/rtl/tlul_adapter_reg.sv:169 YES
src/lowrisc_tlul_adapter_reg_0.1/rtl/tlul_adapter_reg.sv:175 YES
src/lowrisc_tlul_adapter_reg_0.1/rtl/tlul_adapter_reg.sv:190 YES
src/lowrisc_tlul_adapter_reg_0.1/rtl/tlul_adapter_reg.sv:207 YES
src/lowrisc_tlul_adapter_reg_0.1/rtl/tlul_adapter_reg.sv:216 YES
src/lowrisc_tlul_adapter_reg_0.1/rtl/tlul_adapter_reg.sv:260 YES
src/lowrisc_tlul_adapter_reg_0.1/rtl/tlul_adapter_reg.sv:288 YES
src/lowrisc_prim_subreg_0/rtl/prim_subreg.sv:55 YES
src/lowrisc_ip_uart_0.1/rtl/uart_reg_top.sv:77 YES
src/lowrisc_ip_uart_0.1/rtl/uart_reg_top.sv:1614 YES
src/lowrisc_ip_uart_0.1/rtl/uart_reg_top.sv:1784 YES
src/lowrisc_prim_fifo_0/rtl/prim_fifo_sync.sv:85 YES
src/lowrisc_prim_fifo_0/rtl/prim_fifo_sync.sv:94 YES
src/lowrisc_prim_fifo_0/rtl/prim_fifo_sync.sv:128 YES
src/lowrisc_prim_fifo_0/rtl/prim_fifo_sync.sv:149 YES
src/lowrisc_prim_fifo_0/rtl/prim_fifo_sync.sv:190 YES
src/lowrisc_prim_all_0.1/rtl/prim_intr_hw.sv:76 YES
src/lowrisc_prim_all_0.1/rtl/prim_intr_hw.sv:96 YES
src/lowrisc_earlgrey_ip_gpio_0.1/rtl/gpio.sv:75 YES
src/lowrisc_earlgrey_ip_gpio_0.1/rtl/gpio.sv:128 YES
src/lowrisc_earlgrey_ip_gpio_0.1/rtl/gpio.sv:151 YES
src/lowrisc_earlgrey_ip_gpio_0.1/rtl/gpio_reg_top.sv:77 YES
src/lowrisc_earlgrey_ip_gpio_0.1/rtl/gpio_reg_top.sv:749 YES
src/lowrisc_earlgrey_ip_gpio_0.1/rtl/gpio_reg_top.sv:889 YES
src/lowrisc_ip_spi_device_0.1/rtl/spi_device.sv:585 YES
src/lowrisc_ip_spi_device_0.1/rtl/spi_device.sv:874 YES
src/lowrisc_ip_spi_device_0.1/rtl/spi_device.sv:891 YES
src/lowrisc_ip_spi_device_0.1/rtl/spi_device.sv:932 YES
src/lowrisc_ip_spi_device_0.1/rtl/spi_device.sv:948 YES
src/lowrisc_ip_spi_device_0.1/rtl/spi_device.sv:1075 YES
src/lowrisc_ip_spi_device_0.1/rtl/spi_device.sv:1091 YES
src/lowrisc_ip_spi_device_0.1/rtl/spi_device.sv:1124 YES
src/lowrisc_ip_spi_device_0.1/rtl/spi_device.sv:1786 YES
src/lowrisc_ip_spi_device_0.1/rtl/spi_device.sv:1796 YES
src/lowrisc_prim_edge_detector_0.1/rtl/prim_edge_detector.sv:47 YES
src/lowrisc_prim_all_0.1/rtl/prim_sync_reqack.sv:226 YES
src/lowrisc_prim_all_0.1/rtl/prim_sync_reqack.sv:270 YES
src/lowrisc_prim_all_0.1/rtl/prim_sync_reqack.sv:307 YES
src/lowrisc_prim_all_0.1/rtl/prim_sync_reqack.sv:316 YES
src/lowrisc_prim_all_0.1/rtl/prim_sync_reqack.sv:339 YES
src/lowrisc_prim_all_0.1/rtl/prim_sync_reqack.sv:373 YES
src/lowrisc_prim_all_0.1/rtl/prim_sync_reqack.sv:382 YES
src/lowrisc_prim_generic_flop_en_0/rtl/prim_flop_en.sv:31 YES
src/lowrisc_prim_fifo_0/rtl/prim_fifo_async.sv:58 YES
src/lowrisc_prim_fifo_0/rtl/prim_fifo_async.sv:67 YES
src/lowrisc_prim_fifo_0/rtl/prim_fifo_async.sv:91 YES
src/lowrisc_prim_fifo_0/rtl/prim_fifo_async.sv:100 YES
src/lowrisc_prim_fifo_0/rtl/prim_fifo_async.sv:116 YES
src/lowrisc_prim_fifo_0/rtl/prim_fifo_async.sv:181 YES
src/lowrisc_prim_fifo_0/rtl/prim_fifo_async.sv:191 YES
src/lowrisc_prim_fifo_0/rtl/prim_fifo_async_sram_adapter.sv:125 YES
src/lowrisc_prim_fifo_0/rtl/prim_fifo_async_sram_adapter.sv:167 YES
src/lowrisc_prim_fifo_0/rtl/prim_fifo_async_sram_adapter.sv:203 YES
src/lowrisc_prim_fifo_0/rtl/prim_fifo_async_sram_adapter.sv:278 YES
src/lowrisc_prim_fifo_0/rtl/prim_fifo_async_sram_adapter.sv:322 YES
src/lowrisc_prim_fifo_0/rtl/prim_fifo_async_sram_adapter.sv:372 YES
src/lowrisc_ip_spi_device_0.1/rtl/spid_fifo2sram_adapter.sv:81 YES
src/lowrisc_ip_spi_device_0.1/rtl/spid_fifo2sram_adapter.sv:98 YES
src/lowrisc_prim_all_0.1/rtl/prim_sync_reqack_data.sv:82 YES
src/lowrisc_prim_all_0.1/rtl/prim_sync_reqack_data.sv:109 YES
src/lowrisc_prim_all_0.1/rtl/prim_sync_reqack_data.sv:158 YES
src/lowrisc_tlul_adapter_sram_0.1/rtl/tlul_adapter_sram.sv:101 YES
src/lowrisc_tlul_adapter_sram_0.1/rtl/tlul_adapter_sram.sv:131 YES
src/lowrisc_tlul_adapter_sram_0.1/rtl/tlul_adapter_sram.sv:300 YES
src/lowrisc_tlul_adapter_sram_0.1/rtl/tlul_adapter_sram.sv:320 YES
src/lowrisc_tlul_adapter_sram_0.1/rtl/tlul_adapter_sram.sv:380 YES
src/lowrisc_tlul_adapter_sram_0.1/rtl/tlul_adapter_sram.sv:445 YES
src/lowrisc_tlul_adapter_sram_0.1/rtl/tlul_adapter_sram.sv:457 YES
src/lowrisc_tlul_adapter_sram_0.1/rtl/tlul_adapter_sram.sv:515 YES
src/lowrisc_tlul_adapter_sram_0.1/rtl/tlul_sram_byte.sv:108 YES
src/lowrisc_tlul_adapter_sram_0.1/rtl/tlul_sram_byte.sv:281 YES
src/lowrisc_tlul_adapter_sram_0.1/rtl/tlul_sram_byte.sv:655 YES
src/lowrisc_tlul_adapter_sram_0.1/rtl/tlul_sram_byte.sv:667 YES
src/lowrisc_tlul_adapter_sram_0.1/rtl/tlul_sram_byte.sv:718 YES
src/lowrisc_ip_spi_device_0.1/rtl/spid_dpram.sv:113 YES
src/lowrisc_ip_spi_device_0.1/rtl/spid_dpram.sv:122 YES
src/lowrisc_ip_spi_device_0.1/rtl/spi_device_reg_top.sv:82 YES
src/lowrisc_ip_spi_device_0.1/rtl/spi_device_reg_top.sv:149 YES
src/lowrisc_ip_spi_device_0.1/rtl/spi_device_reg_top.sv:19573 YES
src/lowrisc_ip_spi_device_0.1/rtl/spi_device_reg_top.sv:21125 YES
src/lowrisc_tlul_socket_1n_0.1/rtl/tlul_socket_1n.sv:115 YES
src/lowrisc_tlul_socket_1n_0.1/rtl/tlul_socket_1n.sv:183 YES
src/lowrisc_tlul_socket_1n_0.1/rtl/tlul_socket_1n.sv:185 YES
src/lowrisc_tlul_socket_1n_0.1/rtl/tlul_socket_1n.sv:194 YES
src/lowrisc_ip_i2c_0.1/rtl/i2c_reg_top.sv:77 YES
src/lowrisc_ip_i2c_0.1/rtl/i2c_reg_top.sv:3457 YES
src/lowrisc_ip_i2c_0.1/rtl/i2c_reg_top.sv:3791 YES
src/lowrisc_ip_i2c_0.1/rtl/i2c_fifo_sync_sram_adapter.sv:165 YES
src/lowrisc_ip_i2c_0.1/rtl/i2c_fifo_sync_sram_adapter.sv:185 YES
src/lowrisc_ip_i2c_0.1/rtl/i2c_fifo_sync_sram_adapter.sv:193 YES
src/lowrisc_prim_arbiter_0/rtl/prim_arbiter_tree.sv:190 YES
src/lowrisc_prim_ram_1p_adv_0.1/rtl/prim_ram_1p_adv.sv:139 YES
src/lowrisc_prim_ram_1p_adv_0.1/rtl/prim_ram_1p_adv.sv:182 YES
src/lowrisc_prim_ram_1p_adv_0.1/rtl/prim_ram_1p_adv.sv:190 YES
src/lowrisc_prim_ram_1p_adv_0.1/rtl/prim_ram_1p_adv.sv:352 YES
src/lowrisc_prim_ram_1p_adv_0.1/rtl/prim_ram_1p_adv.sv:363 YES
src/lowrisc_prim_ram_1p_adv_0.1/rtl/prim_ram_1p_adv.sv:398 YES
src/lowrisc_prim_ram_1p_adv_0.1/rtl/prim_ram_1p_adv.sv:407 YES
src/lowrisc_ip_rv_timer_0.1/rtl/rv_timer_reg_top.sv:77 YES
src/lowrisc_ip_rv_timer_0.1/rtl/rv_timer_reg_top.sv:525 YES
src/lowrisc_ip_rv_timer_0.1/rtl/rv_timer_reg_top.sv:622 YES
src/lowrisc_earlgrey_ip_otp_ctrl_1.0/rtl/otp_ctrl.sv:336 YES
src/lowrisc_earlgrey_ip_otp_ctrl_1.0/rtl/otp_ctrl.sv:356 YES
src/lowrisc_earlgrey_ip_otp_ctrl_1.0/rtl/otp_ctrl.sv:384 YES
src/lowrisc_earlgrey_ip_otp_ctrl_1.0/rtl/otp_ctrl.sv:391 YES
src/lowrisc_earlgrey_ip_otp_ctrl_1.0/rtl/otp_ctrl.sv:404 YES
src/lowrisc_earlgrey_ip_otp_ctrl_1.0/rtl/otp_ctrl.sv:492 YES
src/lowrisc_earlgrey_ip_otp_ctrl_1.0/rtl/otp_ctrl.sv:534 YES
src/lowrisc_earlgrey_ip_otp_ctrl_1.0/rtl/otp_ctrl.sv:554 YES
src/lowrisc_earlgrey_ip_otp_ctrl_1.0/rtl/otp_ctrl.sv:557 YES
src/lowrisc_earlgrey_ip_otp_ctrl_1.0/rtl/otp_ctrl.sv:583 YES
src/lowrisc_earlgrey_ip_otp_ctrl_1.0/rtl/otp_ctrl.sv:1047 YES
src/lowrisc_prim_lc_sync_0.1/rtl/prim_lc_sync.sv:67 YES
src/lowrisc_prim_lc_sync_0.1/rtl/prim_lc_sync.sv:83 YES
src/lowrisc_prim_edn_req_0.1/rtl/prim_edn_req.sv:80 YES
src/lowrisc_prim_edn_req_0.1/rtl/prim_edn_req.sv:88 YES
src/lowrisc_prim_edn_req_0.1/rtl/prim_edn_req.sv:102 YES
src/lowrisc_prim_edn_req_0.1/rtl/prim_edn_req.sv:142 YES
src/lowrisc_prim_edn_req_0.1/rtl/prim_edn_req.sv:162 YES
src/lowrisc_earlgrey_ip_otp_ctrl_1.0/rtl/otp_ctrl_scrmbl.sv:324 YES
src/lowrisc_earlgrey_ip_otp_ctrl_1.0/rtl/otp_ctrl_scrmbl.sv:440 YES
src/lowrisc_earlgrey_ip_otp_ctrl_1.0/rtl/otp_ctrl_scrmbl.sv:482 YES
src/lowrisc_earlgrey_ip_otp_ctrl_1.0/rtl/otp_ctrl_scrmbl.sv:484 YES
src/lowrisc_earlgrey_ip_otp_ctrl_1.0/rtl/otp_ctrl_dai.sv:187 YES
src/lowrisc_earlgrey_ip_otp_ctrl_1.0/rtl/otp_ctrl_dai.sv:245 YES
src/lowrisc_earlgrey_ip_otp_ctrl_1.0/rtl/otp_ctrl_dai.sv:799 YES
src/lowrisc_earlgrey_ip_otp_ctrl_1.0/rtl/otp_ctrl_dai.sv:809 YES
src/lowrisc_earlgrey_ip_otp_ctrl_1.0/rtl/otp_ctrl_dai.sv:895 YES
src/lowrisc_earlgrey_ip_otp_ctrl_1.0/rtl/otp_ctrl_dai.sv:971 YES
src/lowrisc_earlgrey_ip_otp_ctrl_1.0/rtl/otp_ctrl_dai.sv:973 YES
src/lowrisc_prim_sum_tree_0/rtl/prim_sum_tree.sv:133 YES
src/lowrisc_earlgrey_ip_otp_ctrl_1.0/rtl/otp_ctrl_kdi.sv:263 YES
src/lowrisc_earlgrey_ip_otp_ctrl_1.0/rtl/otp_ctrl_kdi.sv:266 YES
src/lowrisc_earlgrey_ip_otp_ctrl_1.0/rtl/otp_ctrl_kdi.sv:269 YES
src/lowrisc_earlgrey_ip_otp_ctrl_1.0/rtl/otp_ctrl_kdi.sv:393 YES
src/lowrisc_earlgrey_ip_otp_ctrl_1.0/rtl/otp_ctrl_kdi.sv:563 YES
src/lowrisc_earlgrey_ip_otp_ctrl_1.0/rtl/otp_ctrl_kdi.sv:574 YES
src/lowrisc_earlgrey_ip_otp_ctrl_1.0/rtl/otp_ctrl_kdi.sv:576 YES
src/lowrisc_prim_lc_sender_0.1/rtl/prim_lc_sender.sv:57 YES
src/lowrisc_ip_otp_macro_0.1/rtl/otp_macro.sv:261 YES
src/lowrisc_ip_otp_macro_0.1/rtl/otp_macro.sv:499 YES
src/lowrisc_ip_otp_macro_0.1/rtl/otp_macro.sv:501 YES
src/lowrisc_tlul_lc_gate_0.1/rtl/tlul_lc_gate.sv:152 YES
src/lowrisc_tlul_lc_gate_0.1/rtl/tlul_lc_gate.sv:160 YES
src/lowrisc_tlul_lc_gate_0.1/rtl/tlul_lc_gate.sv:179 YES
src/lowrisc_tlul_lc_gate_0.1/rtl/tlul_lc_gate.sv:242 YES
src/lowrisc_tlul_lc_gate_0.1/rtl/tlul_lc_gate.sv:247 YES
src/lowrisc_ip_otp_macro_0.1/rtl/otp_macro_prim_reg_top.sv:77 YES
src/lowrisc_ip_otp_macro_0.1/rtl/otp_macro_prim_reg_top.sv:1312 YES
src/lowrisc_ip_otp_macro_0.1/rtl/otp_macro_prim_reg_top.sv:1430 YES
src/lowrisc_ip_lc_ctrl_0.1/rtl/lc_ctrl.sv:403 YES
src/lowrisc_ip_lc_ctrl_0.1/rtl/lc_ctrl.sv:437 YES
src/lowrisc_ip_lc_ctrl_0.1/rtl/lc_ctrl.sv:448 YES
src/lowrisc_ip_lc_ctrl_0.1/rtl/lc_ctrl.sv:522 YES
src/lowrisc_ip_lc_ctrl_0.1/rtl/lc_ctrl.sv:729 YES
src/lowrisc_ip_lc_ctrl_0.1/rtl/lc_ctrl_fsm.sv:248 YES
src/lowrisc_ip_lc_ctrl_0.1/rtl/lc_ctrl_fsm.sv:573 YES
src/lowrisc_ip_lc_ctrl_0.1/rtl/lc_ctrl_fsm.sv:590 YES
src/lowrisc_ip_lc_ctrl_0.1/rtl/lc_ctrl_fsm.sv:591 YES
src/lowrisc_ip_lc_ctrl_0.1/rtl/lc_ctrl_fsm.sv:592 YES
src/lowrisc_ip_lc_ctrl_0.1/rtl/lc_ctrl_fsm.sv:594 YES
src/lowrisc_ip_lc_ctrl_0.1/rtl/lc_ctrl_fsm.sv:690 YES
src/lowrisc_ip_lc_ctrl_0.1/rtl/lc_ctrl_fsm.sv:693 YES
src/lowrisc_ip_lc_ctrl_0.1/rtl/lc_ctrl_fsm.sv:697 YES
src/lowrisc_ip_lc_ctrl_0.1/rtl/lc_ctrl_fsm.sv:700 YES
src/lowrisc_ip_lc_ctrl_0.1/rtl/lc_ctrl_fsm.sv:704 YES
src/lowrisc_ip_lc_ctrl_0.1/rtl/lc_ctrl_fsm.sv:707 YES
src/lowrisc_ip_lc_ctrl_0.1/rtl/lc_ctrl_fsm.sv:891 YES
src/lowrisc_ip_lc_ctrl_0.1/rtl/lc_ctrl_state_decode.sv:57 YES
src/lowrisc_ip_lc_ctrl_0.1/rtl/lc_ctrl_state_transition.sv:73 YES
src/lowrisc_ip_lc_ctrl_0.1/rtl/lc_ctrl_state_transition.sv:125 YES
src/lowrisc_earlgrey_ip_alert_handler_component_0.1/rtl/alert_handler_reg_wrap.sv:336 YES
src/lowrisc_prim_subreg_0/rtl/prim_subreg_shadow.sv:93 YES
src/lowrisc_prim_subreg_0/rtl/prim_subreg_shadow.sv:108 YES
src/lowrisc_prim_subreg_0/rtl/prim_subreg_shadow.sv:141 YES
src/lowrisc_prim_subreg_0/rtl/prim_subreg_shadow.sv:204 YES
src/lowrisc_earlgrey_ip_alert_handler_component_0.1/rtl/alert_handler_lpg_ctrl.sv:86 YES
src/lowrisc_ip_spi_host_1.0/rtl/spi_host.sv:222 YES
src/lowrisc_ip_spi_host_1.0/rtl/spi_host.sv:239 YES
src/lowrisc_ip_spi_host_1.0/rtl/spi_host.sv:407 YES
src/lowrisc_ip_spi_host_1.0/rtl/spi_host.sv:612 YES
src/lowrisc_ip_spi_host_1.0/rtl/spi_host_reg_top.sv:82 YES
src/lowrisc_ip_spi_host_1.0/rtl/spi_host_reg_top.sv:149 YES
src/lowrisc_ip_spi_host_1.0/rtl/spi_host_reg_top.sv:1767 YES
src/lowrisc_ip_spi_host_1.0/rtl/spi_host_reg_top.sv:1927 YES
src/lowrisc_ip_spi_host_1.0/rtl/spi_host_fsm.sv:148 YES
src/lowrisc_ip_spi_host_1.0/rtl/spi_host_fsm.sv:199 YES
src/lowrisc_ip_spi_host_1.0/rtl/spi_host_fsm.sv:213 YES
src/lowrisc_ip_spi_host_1.0/rtl/spi_host_fsm.sv:244 YES
src/lowrisc_ip_spi_host_1.0/rtl/spi_host_fsm.sv:331 YES
src/lowrisc_ip_spi_host_1.0/rtl/spi_host_fsm.sv:359 YES
src/lowrisc_ip_spi_host_1.0/rtl/spi_host_fsm.sv:401 YES
src/lowrisc_ip_spi_host_1.0/rtl/spi_host_fsm.sv:446 YES
src/lowrisc_ip_spi_host_1.0/rtl/spi_host_fsm.sv:468 YES
src/lowrisc_ip_spi_host_1.0/rtl/spi_host_fsm.sv:499 YES
src/lowrisc_ip_spi_host_1.0/rtl/spi_host_fsm.sv:523 YES
src/lowrisc_ip_spi_host_1.0/rtl/spi_host_fsm.sv:536 YES
src/lowrisc_ip_spi_host_1.0/rtl/spi_host_fsm.sv:558 YES
src/lowrisc_ip_spi_host_1.0/rtl/spi_host_fsm.sv:576 YES
src/lowrisc_ip_spi_host_1.0/rtl/spi_host_fsm.sv:591 YES
src/lowrisc_ip_usbdev_0.1/rtl/usbdev.sv:222 YES
src/lowrisc_ip_usbdev_0.1/rtl/usbdev.sv:435 YES
src/lowrisc_ip_usbdev_0.1/rtl/usbdev.sv:467 YES
src/lowrisc_ip_usbdev_0.1/rtl/usbdev.sv:495 YES
src/lowrisc_ip_usbdev_0.1/rtl/usbdev.sv:519 YES
src/lowrisc_ip_usbdev_0.1/rtl/usbdev.sv:527 YES
src/lowrisc_ip_usbdev_0.1/rtl/usbdev.sv:545 YES
src/lowrisc_ip_usbdev_0.1/rtl/usbdev.sv:737 YES
src/lowrisc_ip_usbdev_0.1/rtl/usbdev.sv:840 YES
src/lowrisc_ip_usbdev_0.1/rtl/usbdev.sv:1247 YES
src/lowrisc_ip_usbdev_0.1/rtl/usbdev.sv:1254 YES
src/lowrisc_ip_usbdev_0.1/rtl/usbdev.sv:1281 YES
src/lowrisc_prim_all_0.1/rtl/prim_filter.sv:47 YES
src/lowrisc_prim_all_0.1/rtl/prim_filter.sv:58 YES
src/lowrisc_prim_subreg_0/rtl/prim_reg_cdc.sv:70 YES
src/lowrisc_prim_subreg_0/rtl/prim_reg_cdc.sv:132 YES
src/lowrisc_prim_subreg_0/rtl/prim_reg_cdc_arb.sv:105 YES
src/lowrisc_prim_subreg_0/rtl/prim_reg_cdc_arb.sv:114 YES
src/lowrisc_prim_subreg_0/rtl/prim_reg_cdc_arb.sv:139 YES
src/lowrisc_prim_subreg_0/rtl/prim_reg_cdc_arb.sv:155 YES
src/lowrisc_prim_subreg_0/rtl/prim_reg_cdc_arb.sv:199 YES
src/lowrisc_ip_usbdev_0.1/rtl/usbdev_counter.sv:44 YES
src/lowrisc_ip_usbdev_0.1/rtl/usbdev_counter.sv:69 YES
src/lowrisc_earlgrey_ip_pwrmgr_0.1/rtl/pwrmgr.sv:182 YES
src/lowrisc_earlgrey_ip_pwrmgr_0.1/rtl/pwrmgr.sv:217 YES
src/lowrisc_earlgrey_ip_pwrmgr_0.1/rtl/pwrmgr.sv:344 YES
src/lowrisc_earlgrey_ip_pwrmgr_0.1/rtl/pwrmgr.sv:742 YES
src/lowrisc_earlgrey_ip_pwrmgr_0.1/rtl/pwrmgr_cdc.sv:150 YES
src/lowrisc_earlgrey_ip_pwrmgr_0.1/rtl/pwrmgr_cdc.sv:160 YES
src/lowrisc_earlgrey_ip_pwrmgr_0.1/rtl/pwrmgr_cdc.sv:172 YES
src/lowrisc_earlgrey_ip_pwrmgr_0.1/rtl/pwrmgr_cdc.sv:262 YES
src/lowrisc_earlgrey_ip_pwrmgr_0.1/rtl/pwrmgr_cdc.sv:272 YES
src/lowrisc_earlgrey_ip_rstmgr_0.1/rtl/rstmgr_leaf_rst.sv:67 YES
src/lowrisc_earlgrey_ip_rstmgr_0.1/rtl/rstmgr_crash_info.sv:31 YES
src/lowrisc_earlgrey_ip_clkmgr_0.1/rtl/clkmgr.sv:558 YES
src/lowrisc_prim_measure_0/rtl/prim_clock_meas.sv:87 YES
src/lowrisc_prim_measure_0/rtl/prim_clock_meas.sv:103 YES
src/lowrisc_prim_measure_0/rtl/prim_clock_meas.sv:182 YES
src/lowrisc_ip_sysrst_ctrl_1.0/rtl/sysrst_ctrl_detect.sv:70 YES
src/lowrisc_ip_sysrst_ctrl_1.0/rtl/sysrst_ctrl_detect.sv:105 YES
src/lowrisc_ip_sysrst_ctrl_1.0/rtl/sysrst_ctrl_detect.sv:142 YES
src/lowrisc_ip_sysrst_ctrl_1.0/rtl/sysrst_ctrl_detect.sv:220 YES
src/lowrisc_earlgrey_ip_pwm_0.1/rtl/pwm_reg_top.sv:78 YES
src/lowrisc_earlgrey_ip_pwm_0.1/rtl/pwm_reg_top.sv:3150 YES
src/lowrisc_earlgrey_ip_pwm_0.1/rtl/pwm_reg_top.sv:3325 YES
src/lowrisc_earlgrey_ip_pwm_0.1/rtl/pwm_reg_top.sv:3412 YES
src/lowrisc_earlgrey_ip_pwm_0.1/rtl/pwm_core.sv:37 YES
src/lowrisc_earlgrey_ip_pwm_0.1/rtl/pwm_core.sv:93 YES
src/lowrisc_earlgrey_ip_pwm_0.1/rtl/pwm_core.sv:121 YES
src/lowrisc_earlgrey_ip_pwm_0.1/rtl/pwm_core.sv:138 YES
src/lowrisc_earlgrey_ip_pinmux_0.1/rtl/pinmux.sv:166 YES
src/lowrisc_earlgrey_ip_pinmux_0.1/rtl/pinmux.sv:438 YES
src/lowrisc_earlgrey_ip_pinmux_0.1/rtl/pinmux.sv:569 YES
src/lowrisc_earlgrey_ip_pinmux_0.1/rtl/pinmux_strap_sampling.sv:287 YES
src/lowrisc_earlgrey_ip_pinmux_0.1/rtl/pinmux_strap_sampling.sv:293 YES
src/lowrisc_earlgrey_ip_pinmux_0.1/rtl/pinmux_strap_sampling.sv:301 YES
src/lowrisc_earlgrey_ip_pinmux_0.1/rtl/pinmux_strap_sampling.sv:340 YES
src/lowrisc_ip_aon_timer_0.1/rtl/aon_timer.sv:273 YES
src/lowrisc_ip_aon_timer_0.1/rtl/aon_timer_reg_top.sv:79 YES
src/lowrisc_ip_aon_timer_0.1/rtl/aon_timer_reg_top.sv:1139 YES
src/lowrisc_ip_aon_timer_0.1/rtl/aon_timer_reg_top.sv:1250 YES
src/lowrisc_ip_aon_timer_0.1/rtl/aon_timer_reg_top.sv:1314 YES
src/lowrisc_systems_top_earlgrey_sensor_ctrl_0.1/rtl/sensor_ctrl.sv:332 YES
src/lowrisc_systems_top_earlgrey_sensor_ctrl_0.1/rtl/sensor_ctrl.sv:343 YES
src/lowrisc_systems_top_earlgrey_sensor_ctrl_0.1/rtl/sensor_ctrl.sv:358 YES
src/lowrisc_ip_sram_ctrl_0.1/rtl/sram_ctrl.sv:283 YES
src/lowrisc_ip_sram_ctrl_0.1/rtl/sram_ctrl.sv:360 YES
src/lowrisc_ip_sram_ctrl_0.1/rtl/sram_ctrl_regs_reg_top.sv:77 YES
src/lowrisc_ip_sram_ctrl_0.1/rtl/sram_ctrl_regs_reg_top.sv:689 YES
src/lowrisc_ip_sram_ctrl_0.1/rtl/sram_ctrl_regs_reg_top.sv:778 YES
src/lowrisc_prim_ram_1p_scr_0.1/rtl/prim_ram_1p_scr.sv:454 YES
src/lowrisc_prim_ram_1p_scr_0.1/rtl/prim_ram_1p_scr.sv:526 YES
src/lowrisc_prim_util_get_scramble_params_0/rtl/prim_util_get_scramble_params.svh:11 YES
src/lowrisc_prim_util_get_scramble_params_0/rtl/prim_util_get_scramble_params.svh:20 YES
src/lowrisc_prim_ram_1p_scr_0.1/rtl/prim_ram_1p_scr.sv:454 YES
src/lowrisc_prim_ram_1p_scr_0.1/rtl/prim_ram_1p_scr.sv:526 YES
src/lowrisc_prim_util_get_scramble_params_0/rtl/prim_util_get_scramble_params.svh:11 YES
src/lowrisc_prim_util_get_scramble_params_0/rtl/prim_util_get_scramble_params.svh:20 YES
src/lowrisc_prim_ram_1p_scr_0.1/rtl/prim_ram_1p_scr.sv:454 YES
src/lowrisc_prim_ram_1p_scr_0.1/rtl/prim_ram_1p_scr.sv:526 YES
src/lowrisc_prim_util_get_scramble_params_0/rtl/prim_util_get_scramble_params.svh:11 YES
src/lowrisc_prim_util_get_scramble_params_0/rtl/prim_util_get_scramble_params.svh:20 YES
src/lowrisc_prim_ram_1p_scr_0.1/rtl/prim_ram_1p_scr.sv:454 YES
src/lowrisc_prim_ram_1p_scr_0.1/rtl/prim_ram_1p_scr.sv:526 YES
src/lowrisc_prim_util_get_scramble_params_0/rtl/prim_util_get_scramble_params.svh:11 YES
src/lowrisc_prim_util_get_scramble_params_0/rtl/prim_util_get_scramble_params.svh:20 YES
src/lowrisc_earlgrey_ip_flash_ctrl_0.1/rtl/flash_ctrl.sv:633 YES
src/lowrisc_earlgrey_ip_flash_ctrl_0.1/rtl/flash_ctrl.sv:756 YES
src/lowrisc_earlgrey_ip_flash_ctrl_0.1/rtl/flash_mp.sv:242 YES
src/lowrisc_earlgrey_ip_flash_ctrl_0.1/rtl/flash_mp.sv:306 YES
src/lowrisc_earlgrey_ip_flash_ctrl_0.1/rtl/flash_mp_data_region_sel.sv:51 YES
src/lowrisc_earlgrey_ip_flash_ctrl_0.1/rtl/flash_phy_scramble.sv:117 YES
src/lowrisc_earlgrey_ip_flash_ctrl_0.1/rtl/flash_phy_scramble.sv:173 YES
src/lowrisc_earlgrey_ip_flash_ctrl_0.1/rtl/flash_phy_scramble.sv:189 YES
src/lowrisc_ip_rv_dm_0.1/rtl/rv_dm.sv:344 YES
src/lowrisc_ip_rv_dm_0.1/rtl/rv_dm_regs_reg_top.sv:76 YES
src/lowrisc_ip_rv_dm_0.1/rtl/rv_dm_regs_reg_top.sv:254 YES
src/lowrisc_ip_rv_dm_0.1/rtl/rv_dm_regs_reg_top.sv:314 YES
src/lowrisc_prim_mubi_0.1/rtl/prim_mubi32_sync.sv:144 YES
src/pulp-platform_riscv-dbg_0.1_0/pulp_riscv_dbg/src/dm_mem.sv:155 YES
src/pulp-platform_riscv-dbg_0.1_0/pulp_riscv_dbg/src/dm_mem.sv:206 YES
src/pulp-platform_riscv-dbg_0.1_0/pulp_riscv_dbg/src/dm_mem.sv:211 YES
src/pulp-platform_riscv-dbg_0.1_0/pulp_riscv_dbg/src/dm_mem.sv:216 YES
src/pulp-platform_riscv-dbg_0.1_0/pulp_riscv_dbg/src/dm_mem.sv:389 NO "a range in a case-inside" (390)
src/pulp-platform_riscv-dbg_0.1_0/pulp_riscv_dbg/src/dm_mem.sv:404 YES
src/pulp-platform_riscv-dbg_0.1_0/pulp_riscv_dbg/src/dm_mem.sv:410 YES
src/pulp-platform_riscv-dbg_0.1_0/pulp_riscv_dbg/src/dm_mem.sv:440 YES
src/pulp-platform_riscv-dbg_0.1_0/pulp_riscv_dbg/src/dm_mem.sv:586 YES
src/pulp-platform_riscv-dbg_0.1_0/pulp_riscv_dbg/src/dm_mem.sv:600 YES
src/lowrisc_earlgrey_ip_rv_plic_0.1/rtl/rv_plic.sv:83 YES
src/lowrisc_earlgrey_ip_rv_plic_0.1/rtl/rv_plic.sv:89 YES
src/lowrisc_ip_aes_1.0/rtl/aes.sv:144 YES
src/lowrisc_ip_aes_1.0/rtl/aes_core.sv:338 YES
src/lowrisc_ip_aes_1.0/rtl/aes_core.sv:346 YES
src/lowrisc_ip_aes_1.0/rtl/aes_core.sv:363 YES
src/lowrisc_ip_aes_1.0/rtl/aes_core.sv:374 YES
src/lowrisc_ip_aes_1.0/rtl/aes_core.sv:389 YES
src/lowrisc_ip_aes_1.0/rtl/aes_core.sv:396 YES
src/lowrisc_ip_aes_1.0/rtl/aes_core.sv:450 YES
src/lowrisc_ip_aes_1.0/rtl/aes_core.sv:459 YES
src/lowrisc_ip_aes_1.0/rtl/aes_core.sv:569 YES
src/lowrisc_ip_aes_1.0/rtl/aes_core.sv:1007 YES
src/lowrisc_ip_aes_1.0/rtl/aes_core.sv:1019 YES
src/lowrisc_ip_aes_1.0/rtl/aes_core.sv:1067 YES
src/lowrisc_ip_aes_1.0/rtl/aes_prng_clearing.sv:82 YES
src/lowrisc_ip_aes_1.0/rtl/aes_ctr.sv:190 YES
src/lowrisc_ip_aes_1.0/rtl/aes_cipher_core.sv:248 YES
src/lowrisc_ip_aes_1.0/rtl/aes_cipher_core.sv:256 YES
src/lowrisc_ip_aes_1.0/rtl/aes_cipher_core.sv:334 YES
src/lowrisc_ip_aes_1.0/rtl/aes_cipher_core.sv:419 YES
src/lowrisc_ip_aes_1.0/rtl/aes_cipher_core.sv:438 YES
src/lowrisc_ip_aes_1.0/rtl/aes_cipher_core.sv:447 YES
src/lowrisc_ip_aes_1.0/rtl/aes_cipher_core.sv:459 YES
src/lowrisc_ip_aes_1.0/rtl/aes_cipher_core.sv:466 YES
src/lowrisc_ip_aes_1.0/rtl/aes_cipher_core.sv:517 YES
src/lowrisc_ip_aes_1.0/rtl/aes_cipher_core.sv:537 YES
src/lowrisc_ip_aes_1.0/rtl/aes_cipher_core.sv:771 YES
src/lowrisc_ip_aes_1.0/rtl/aes_key_expand.sv:92 YES
src/lowrisc_ip_aes_1.0/rtl/aes_key_expand.sv:99 YES
src/lowrisc_ip_aes_1.0/rtl/aes_key_expand.sv:108 YES
src/lowrisc_ip_aes_1.0/rtl/aes_key_expand.sv:124 YES
src/lowrisc_ip_aes_1.0/rtl/aes_key_expand.sv:139 YES
src/lowrisc_ip_aes_1.0/rtl/aes_key_expand.sv:238 YES
src/lowrisc_ip_aes_1.0/rtl/aes_key_expand.sv:301 YES
src/lowrisc_ip_aes_1.0/rtl/aes_cipher_control.sv:330 YES
src/lowrisc_ip_aes_1.0/rtl/aes_cipher_control.sv:354 YES
src/lowrisc_ip_aes_1.0/rtl/aes_cipher_control.sv:360 YES
src/lowrisc_ip_aes_1.0/rtl/aes_control.sv:554 YES
src/lowrisc_ip_hmac_0.1/rtl/hmac.sv:154 YES
src/lowrisc_ip_hmac_0.1/rtl/hmac.sv:191 YES
src/lowrisc_ip_hmac_0.1/rtl/hmac.sv:205 YES
src/lowrisc_ip_hmac_0.1/rtl/hmac.sv:218 YES
src/lowrisc_ip_hmac_0.1/rtl/hmac.sv:240 YES
src/lowrisc_ip_hmac_0.1/rtl/hmac.sv:256 YES
src/lowrisc_ip_hmac_0.1/rtl/hmac.sv:289 YES
src/lowrisc_ip_hmac_0.1/rtl/hmac.sv:303 YES
src/lowrisc_ip_hmac_0.1/rtl/hmac.sv:312 YES
src/lowrisc_ip_hmac_0.1/rtl/hmac.sv:354 YES
src/lowrisc_ip_hmac_0.1/rtl/hmac.sv:364 YES
src/lowrisc_ip_hmac_0.1/rtl/hmac.sv:403 YES
src/lowrisc_ip_hmac_0.1/rtl/hmac.sv:474 YES
src/lowrisc_ip_hmac_0.1/rtl/hmac.sv:543 YES
src/lowrisc_ip_hmac_0.1/rtl/hmac.sv:629 YES
src/lowrisc_ip_hmac_0.1/rtl/hmac.sv:636 YES
src/lowrisc_ip_hmac_0.1/rtl/hmac.sv:645 YES
src/lowrisc_ip_hmac_0.1/rtl/hmac.sv:817 YES
src/lowrisc_ip_hmac_0.1/rtl/hmac.sv:840 YES
src/lowrisc_ip_hmac_0.1/rtl/hmac.sv:886 YES
src/lowrisc_ip_hmac_0.1/rtl/hmac.sv:914 YES
src/lowrisc_ip_hmac_0.1/rtl/hmac.sv:921 YES
src/lowrisc_prim_all_0.1/rtl/prim_packer.sv:80 YES
src/lowrisc_prim_all_0.1/rtl/prim_packer.sv:89 YES
src/lowrisc_prim_all_0.1/rtl/prim_packer.sv:122 YES
src/lowrisc_prim_all_0.1/rtl/prim_packer.sv:159 YES
src/lowrisc_prim_all_0.1/rtl/prim_packer.sv:185 YES
src/lowrisc_prim_all_0.1/rtl/prim_packer.sv:213 YES
src/lowrisc_prim_all_0.1/rtl/prim_packer.sv:234 YES
src/lowrisc_prim_all_0.1/rtl/prim_packer.sv:248 YES
src/lowrisc_prim_sha2_0/rtl/prim_sha2_32.sv:74 YES
src/lowrisc_prim_sha2_0/rtl/prim_sha2_32.sv:77 YES
src/lowrisc_prim_sha2_0/rtl/prim_sha2_32.sv:175 YES
src/lowrisc_prim_sha2_0/rtl/prim_sha2_32.sv:184 YES
src/lowrisc_prim_sha2_0/rtl/prim_sha2_32.sv:189 YES
src/lowrisc_prim_sha2_0/rtl/prim_sha2_32.sv:221 YES
src/lowrisc_prim_sha2_0/rtl/prim_sha2_32.sv:226 YES
src/lowrisc_prim_sha2_0/rtl/prim_sha2_32.sv:231 YES
src/lowrisc_prim_sha2_0/rtl/prim_sha2_32.sv:236 YES
src/lowrisc_ip_kmac_0.1/rtl/kmac.sv:434 YES
src/lowrisc_ip_kmac_0.1/rtl/kmac.sv:487 YES
src/lowrisc_ip_kmac_0.1/rtl/kmac.sv:500 YES
src/lowrisc_ip_kmac_0.1/rtl/kmac.sv:560 YES
src/lowrisc_ip_kmac_0.1/rtl/kmac.sv:650 YES
src/lowrisc_ip_kmac_0.1/rtl/kmac.sv:689 YES
src/lowrisc_ip_kmac_0.1/rtl/kmac.sv:767 YES
src/lowrisc_ip_kmac_0.1/rtl/kmac.sv:776 YES
src/lowrisc_ip_kmac_0.1/rtl/kmac.sv:849 YES
src/lowrisc_ip_kmac_0.1/rtl/kmac.sv:1440 YES
src/lowrisc_ip_kmac_0.1/rtl/kmac.sv:1463 YES
src/lowrisc_ip_kmac_0.1/rtl/kmac.sv:1492 YES
src/lowrisc_ip_kmac_0.1/rtl/kmac.sv:1502 YES
src/lowrisc_ip_kmac_0.1/rtl/kmac_core.sv:161 YES
src/lowrisc_ip_kmac_0.1/rtl/kmac_core.sv:178 YES
src/lowrisc_ip_kmac_0.1/rtl/kmac_core.sv:240 YES
src/lowrisc_ip_kmac_0.1/rtl/kmac_core.sv:267 YES
src/lowrisc_ip_kmac_0.1/rtl/kmac_core.sv:307 YES
src/lowrisc_ip_kmac_0.1/rtl/kmac_core.sv:338 YES
src/lowrisc_ip_kmac_0.1/rtl/kmac_core.sv:420 YES
src/lowrisc_ip_sha3_0.1/rtl/sha3.sv:183 YES
src/lowrisc_ip_sha3_0.1/rtl/sha3.sv:197 YES
src/lowrisc_ip_sha3_0.1/rtl/sha3.sv:206 YES
src/lowrisc_ip_sha3_0.1/rtl/sha3.sv:227 YES
src/lowrisc_ip_sha3_0.1/rtl/sha3.sv:252 YES
src/lowrisc_ip_sha3_0.1/rtl/sha3.sv:321 YES
src/lowrisc_ip_sha3_0.1/rtl/sha3.sv:332 YES
src/lowrisc_ip_sha3_0.1/rtl/sha3.sv:351 YES
src/lowrisc_ip_sha3_0.1/rtl/sha3pad.sv:157 YES
src/lowrisc_ip_sha3_0.1/rtl/sha3pad.sv:266 YES
src/lowrisc_ip_sha3_0.1/rtl/sha3pad.sv:279 YES
src/lowrisc_ip_sha3_0.1/rtl/sha3pad.sv:292 YES
src/lowrisc_ip_sha3_0.1/rtl/sha3pad.sv:316 YES
src/lowrisc_ip_sha3_0.1/rtl/sha3pad.sv:494 YES
src/lowrisc_ip_sha3_0.1/rtl/sha3pad.sv:558 YES
src/lowrisc_ip_sha3_0.1/rtl/sha3pad.sv:591 YES
src/lowrisc_ip_sha3_0.1/rtl/sha3pad.sv:603 YES
src/lowrisc_ip_sha3_0.1/rtl/sha3pad.sv:615 YES
src/lowrisc_ip_sha3_0.1/rtl/sha3pad.sv:663 YES
src/lowrisc_ip_sha3_0.1/rtl/sha3pad.sv:680 YES
src/lowrisc_ip_sha3_0.1/rtl/sha3pad.sv:719 YES
src/lowrisc_ip_sha3_0.1/rtl/sha3pad.sv:778 YES
src/lowrisc_ip_sha3_0.1/rtl/sha3pad.sv:787 YES
src/lowrisc_ip_sha3_0.1/rtl/sha3pad.sv:797 YES
src/lowrisc_ip_sha3_0.1/rtl/keccak_round.sv:180 YES
src/lowrisc_ip_sha3_0.1/rtl/keccak_round.sv:208 YES
src/lowrisc_ip_sha3_0.1/rtl/keccak_round.sv:400 YES
src/lowrisc_ip_sha3_0.1/rtl/keccak_round.sv:410 YES
src/lowrisc_ip_sha3_0.1/rtl/keccak_round.sv:423 YES
src/lowrisc_ip_sha3_0.1/rtl/keccak_round.sv:467 YES
src/lowrisc_ip_sha3_0.1/rtl/keccak_round.sv:486 YES
src/lowrisc_ip_sha3_0.1/rtl/keccak_round.sv:509 YES
src/lowrisc_ip_sha3_0.1/rtl/keccak_round.sv:574 YES
src/lowrisc_ip_sha3_0.1/rtl/keccak_2share.sv:107 YES
src/lowrisc_ip_sha3_0.1/rtl/keccak_2share.sv:389 YES
src/lowrisc_ip_kmac_0.1/rtl/kmac_app.sv:238 YES
src/lowrisc_ip_kmac_0.1/rtl/kmac_app.sv:303 YES
src/lowrisc_ip_kmac_0.1/rtl/kmac_app.sv:323 YES
src/lowrisc_ip_kmac_0.1/rtl/kmac_app.sv:347 YES
src/lowrisc_ip_kmac_0.1/rtl/kmac_app.sv:443 YES
src/lowrisc_ip_kmac_0.1/rtl/kmac_app.sv:487 YES
src/lowrisc_ip_kmac_0.1/rtl/kmac_app.sv:536 YES
src/lowrisc_ip_kmac_0.1/rtl/kmac_app.sv:845 YES
src/lowrisc_ip_kmac_0.1/rtl/kmac_app.sv:867 YES
src/lowrisc_ip_kmac_0.1/rtl/kmac_app.sv:923 YES
src/lowrisc_ip_kmac_0.1/rtl/kmac_app.sv:988 YES
src/lowrisc_ip_kmac_0.1/rtl/kmac_app.sv:1038 YES
src/lowrisc_ip_kmac_0.1/rtl/kmac_app.sv:1103 YES
src/lowrisc_ip_kmac_0.1/rtl/kmac_app.sv:1139 YES
src/lowrisc_ip_kmac_0.1/rtl/kmac_app.sv:1223 YES
src/lowrisc_ip_kmac_0.1/rtl/kmac_app.sv:1296 YES
src/lowrisc_ip_kmac_0.1/rtl/kmac_app.sv:1345 YES
src/lowrisc_ip_kmac_0.1/rtl/kmac_app.sv:1370 YES
src/lowrisc_ip_kmac_0.1/rtl/kmac_msgfifo.sv:231 YES
src/lowrisc_ip_kmac_0.1/rtl/kmac_msgfifo.sv:244 YES
src/lowrisc_ip_kmac_0.1/rtl/kmac_msgfifo.sv:301 YES
src/lowrisc_ip_kmac_0.1/rtl/kmac_msgfifo.sv:341 YES
src/lowrisc_ip_kmac_0.1/rtl/kmac_staterd.sv:87 YES
src/lowrisc_ip_kmac_0.1/rtl/kmac_staterd.sv:101 YES
src/lowrisc_ip_kmac_0.1/rtl/kmac_errchk.sv:190 YES
src/lowrisc_ip_kmac_0.1/rtl/kmac_errchk.sv:243 YES
src/lowrisc_ip_kmac_0.1/rtl/kmac_errchk.sv:252 YES
src/lowrisc_ip_kmac_0.1/rtl/kmac_errchk.sv:268 YES
src/lowrisc_ip_kmac_0.1/rtl/kmac_errchk.sv:277 YES
src/lowrisc_ip_kmac_0.1/rtl/kmac_errchk.sv:288 YES
src/lowrisc_ip_kmac_0.1/rtl/kmac_errchk.sv:315 YES
src/lowrisc_ip_kmac_0.1/rtl/kmac_errchk.sv:330 YES
src/lowrisc_ip_kmac_0.1/rtl/kmac_errchk.sv:397 YES
src/lowrisc_ip_kmac_0.1/rtl/kmac_errchk.sv:410 YES
src/lowrisc_ip_kmac_0.1/rtl/kmac_errchk.sv:459 YES
src/lowrisc_ip_kmac_0.1/rtl/kmac_errchk.sv:463 YES
src/lowrisc_ip_otbn_0.1/rtl/otbn.sv:167 YES
src/lowrisc_ip_otbn_0.1/rtl/otbn.sv:437 YES
src/lowrisc_ip_otbn_0.1/rtl/otbn.sv:462 YES
src/lowrisc_ip_otbn_0.1/rtl/otbn.sv:604 YES
src/lowrisc_ip_otbn_0.1/rtl/otbn.sv:692 YES
src/lowrisc_ip_otbn_0.1/rtl/otbn.sv:706 YES
src/lowrisc_ip_otbn_0.1/rtl/otbn.sv:830 YES
src/lowrisc_ip_otbn_0.1/rtl/otbn.sv:862 YES
src/lowrisc_ip_otbn_0.1/rtl/otbn.sv:887 YES
src/lowrisc_ip_otbn_0.1/rtl/otbn.sv:914 YES
src/lowrisc_ip_otbn_0.1/rtl/otbn.sv:972 YES
src/lowrisc_ip_otbn_0.1/rtl/otbn.sv:984 YES
src/lowrisc_ip_otbn_0.1/rtl/otbn.sv:1106 YES
src/lowrisc_ip_otbn_0.1/rtl/otbn.sv:1182 YES
src/lowrisc_ip_otbn_0.1/rtl/otbn.sv:1200 YES
src/lowrisc_prim_crc32_0/rtl/prim_crc32.sv:32 YES
src/lowrisc_prim_crc32_0/rtl/prim_crc32.sv:308 YES
src/lowrisc_prim_crc32_0/rtl/prim_crc32.sv:315 YES
src/lowrisc_ip_otbn_0.1/rtl/otbn_core.sv:682 YES
src/lowrisc_ip_otbn_0.1/rtl/otbn_core.sv:729 YES
src/lowrisc_ip_otbn_0.1/rtl/otbn_core.sv:842 YES
src/lowrisc_ip_otbn_0.1/rtl/otbn_core.sv:896 YES
src/lowrisc_ip_otbn_0.1/rtl/otbn_core.sv:904 YES
src/lowrisc_ip_otbn_0.1/rtl/otbn_core.sv:917 YES
src/lowrisc_ip_otbn_0.1/rtl/otbn_core.sv:1161 YES
src/lowrisc_ip_otbn_0.1/rtl/otbn_start_stop_control.sv:136 YES
src/lowrisc_ip_otbn_0.1/rtl/otbn_start_stop_control.sv:158 YES
src/lowrisc_ip_otbn_0.1/rtl/otbn_start_stop_control.sv:192 YES
src/lowrisc_ip_otbn_0.1/rtl/otbn_start_stop_control.sv:391 YES
src/lowrisc_ip_otbn_0.1/rtl/otbn_start_stop_control.sv:405 YES
src/lowrisc_ip_otbn_0.1/rtl/otbn_start_stop_control.sv:409 YES
src/lowrisc_ip_otbn_0.1/rtl/otbn_start_stop_control.sv:414 YES
src/lowrisc_ip_otbn_0.1/rtl/otbn_start_stop_control.sv:440 YES
src/lowrisc_ip_otbn_0.1/rtl/otbn_start_stop_control.sv:480 YES
src/lowrisc_ip_otbn_0.1/rtl/otbn_predecode.sv:256 YES
src/lowrisc_ip_otbn_0.1/rtl/otbn_predecode.sv:757 YES
src/lowrisc_ip_otbn_0.1/rtl/otbn_controller.sv:333 YES
src/lowrisc_ip_otbn_0.1/rtl/otbn_controller.sv:347 YES
src/lowrisc_ip_otbn_0.1/rtl/otbn_controller.sv:360 YES
src/lowrisc_ip_otbn_0.1/rtl/otbn_controller.sv:429 YES
src/lowrisc_ip_otbn_0.1/rtl/otbn_controller.sv:446 YES
src/lowrisc_ip_otbn_0.1/rtl/otbn_controller.sv:518 YES
src/lowrisc_ip_otbn_0.1/rtl/otbn_controller.sv:530 YES
src/lowrisc_ip_otbn_0.1/rtl/otbn_controller.sv:563 YES
src/lowrisc_ip_otbn_0.1/rtl/otbn_controller.sv:581 YES
src/lowrisc_ip_otbn_0.1/rtl/otbn_controller.sv:651 YES
src/lowrisc_ip_otbn_0.1/rtl/otbn_controller.sv:706 YES
src/lowrisc_ip_otbn_0.1/rtl/otbn_controller.sv:715 YES
src/lowrisc_ip_otbn_0.1/rtl/otbn_controller.sv:724 YES
src/lowrisc_ip_otbn_0.1/rtl/otbn_controller.sv:791 YES
src/lowrisc_ip_otbn_0.1/rtl/otbn_controller.sv:830 YES
src/lowrisc_ip_otbn_0.1/rtl/otbn_controller.sv:877 YES
src/lowrisc_ip_otbn_0.1/rtl/otbn_controller.sv:899 YES
src/lowrisc_ip_otbn_0.1/rtl/otbn_controller.sv:909 YES
src/lowrisc_ip_otbn_0.1/rtl/otbn_controller.sv:943 YES
src/lowrisc_ip_otbn_0.1/rtl/otbn_controller.sv:1029 YES
src/lowrisc_ip_otbn_0.1/rtl/otbn_controller.sv:1114 YES
src/lowrisc_ip_otbn_0.1/rtl/otbn_controller.sv:1172 YES
src/lowrisc_ip_otbn_0.1/rtl/otbn_controller.sv:1222 YES
src/lowrisc_ip_otbn_0.1/rtl/otbn_controller.sv:1295 YES
src/lowrisc_ip_otbn_0.1/rtl/otbn_controller.sv:1410 YES
src/lowrisc_ip_otbn_0.1/rtl/otbn_controller.sv:1426 YES
src/lowrisc_ip_otbn_0.1/rtl/otbn_controller.sv:1448 YES
src/lowrisc_ip_otbn_0.1/rtl/otbn_controller.sv:1524 YES
src/lowrisc_ip_otbn_0.1/rtl/otbn_lsu.sv:65 YES
src/lowrisc_ip_otbn_0.1/rtl/otbn_lsu.sv:81 YES
src/lowrisc_ip_otbn_0.1/rtl/otbn_lsu.sv:111 YES
src/lowrisc_ip_otbn_0.1/rtl/otbn_alu_base.sv:96 YES
src/lowrisc_ip_otbn_0.1/rtl/otbn_alu_bignum.sv:391 YES
src/lowrisc_ip_otbn_0.1/rtl/otbn_alu_bignum.sv:441 YES
src/lowrisc_ip_otbn_0.1/rtl/otbn_alu_bignum.sv:449 YES
src/lowrisc_ip_otbn_0.1/rtl/otbn_alu_bignum.sv:462 YES
src/lowrisc_ip_otbn_0.1/rtl/otbn_alu_bignum.sv:485 YES
src/lowrisc_ip_otbn_0.1/rtl/otbn_alu_bignum.sv:1000 YES
src/lowrisc_ip_otbn_0.1/rtl/otbn_alu_bignum.sv:1321 YES
src/lowrisc_ip_otbn_0.1/rtl/otbn_mod_result_selector.sv:103 YES
src/lowrisc_ip_otbn_0.1/rtl/otbn_mac_bignum.sv:178 YES
src/lowrisc_ip_otbn_0.1/rtl/otbn_mac_bignum.sv:212 YES
src/lowrisc_ip_otbn_0.1/rtl/otbn_mac_bignum.sv:218 YES
src/lowrisc_ip_otbn_0.1/rtl/otbn_mac_bignum.sv:252 YES
src/lowrisc_ip_otbn_0.1/rtl/otbn_mac_bignum.sv:258 YES
src/lowrisc_ip_otbn_0.1/rtl/otbn_mac_bignum.sv:350 YES
src/lowrisc_ip_otbn_0.1/rtl/otbn_mac_bignum.sv:421 YES
src/lowrisc_ip_otbn_0.1/rtl/otbn_mac_bignum.sv:594 YES
src/lowrisc_ip_keymgr_0.1/rtl/keymgr.sv:729 YES
src/lowrisc_ip_keymgr_0.1/rtl/keymgr_ctrl.sv:247 YES
src/lowrisc_ip_keymgr_0.1/rtl/keymgr_ctrl.sv:261 YES
src/lowrisc_ip_keymgr_0.1/rtl/keymgr_ctrl.sv:263 YES
src/lowrisc_ip_keymgr_0.1/rtl/keymgr_ctrl.sv:289 YES
src/lowrisc_ip_keymgr_0.1/rtl/keymgr_ctrl.sv:355 YES
src/lowrisc_ip_keymgr_0.1/rtl/keymgr_ctrl.sv:493 YES
src/lowrisc_ip_keymgr_0.1/rtl/keymgr_ctrl.sv:680 YES
src/lowrisc_ip_keymgr_0.1/rtl/keymgr_ctrl.sv:692 YES
src/lowrisc_ip_keymgr_0.1/rtl/keymgr_ctrl.sv:726 YES
src/lowrisc_ip_keymgr_0.1/rtl/keymgr_ctrl.sv:807 YES
src/lowrisc_ip_keymgr_0.1/rtl/keymgr_ctrl.sv:895 YES
src/lowrisc_ip_keymgr_0.1/rtl/keymgr_sideload_key_ctrl.sv:66 YES
src/lowrisc_ip_keymgr_0.1/rtl/keymgr_sideload_key_ctrl.sv:96 YES
src/lowrisc_ip_keymgr_0.1/rtl/keymgr_sideload_key_ctrl.sv:192 YES
src/lowrisc_ip_csrng_0.1/rtl/csrng_core.sv:211 YES
src/lowrisc_ip_csrng_0.1/rtl/csrng_state_db.sv:59 YES
src/lowrisc_ip_csrng_0.1/rtl/csrng_state_db.sv:72 YES
src/lowrisc_ip_csrng_0.1/rtl/csrng_state_db.sv:85 YES
src/lowrisc_ip_csrng_0.1/rtl/csrng_state_db.sv:95 YES
src/lowrisc_ip_csrng_0.1/rtl/csrng_state_db.sv:110 YES
src/lowrisc_ip_csrng_0.1/rtl/csrng_state_db.sv:134 YES
src/lowrisc_ip_csrng_0.1/rtl/csrng_ctr_drbg.sv:101 YES
src/lowrisc_ip_csrng_0.1/rtl/csrng_ctr_drbg.sv:143 YES
src/lowrisc_ip_csrng_0.1/rtl/csrng_ctr_drbg.sv:166 YES
src/lowrisc_ip_csrng_0.1/rtl/csrng_ctr_drbg.sv:216 YES
src/lowrisc_ip_csrng_0.1/rtl/csrng_ctr_drbg.sv:283 YES
src/lowrisc_ip_csrng_0.1/rtl/csrng_ctr_drbg.sv:319 YES
src/lowrisc_ip_csrng_0.1/rtl/csrng_ctr_drbg.sv:462 YES
src/lowrisc_ip_csrng_0.1/rtl/csrng_ctr_drbg.sv:490 YES
src/lowrisc_ip_entropy_src_0.1/rtl/entropy_src_core.sv:487 YES
src/lowrisc_ip_entropy_src_0.1/rtl/entropy_src_core.sv:1788 YES
src/lowrisc_ip_entropy_src_0.1/rtl/entropy_src_core.sv:1803 YES
src/lowrisc_ip_entropy_src_0.1/rtl/entropy_src_core.sv:1815 YES
src/lowrisc_ip_entropy_src_0.1/rtl/entropy_src_core.sv:2234 YES
src/lowrisc_ip_entropy_src_0.1/rtl/entropy_src_core.sv:2382 YES
src/lowrisc_ip_entropy_src_0.1/rtl/entropy_src_core.sv:2900 YES
src/lowrisc_ip_entropy_src_0.1/rtl/entropy_src_core.sv:2952 YES
src/lowrisc_ip_entropy_src_0.1/rtl/entropy_src_core.sv:3105 YES
src/lowrisc_ip_entropy_src_0.1/rtl/entropy_src_core.sv:3126 YES
src/lowrisc_ip_entropy_src_0.1/rtl/entropy_src_core.sv:3171 YES
src/lowrisc_ip_entropy_src_0.1/rtl/entropy_src_core.sv:3192 YES
src/lowrisc_ip_entropy_src_0.1/rtl/entropy_src_core.sv:3204 YES
src/lowrisc_ip_entropy_src_0.1/rtl/entropy_src_core.sv:3209 YES
src/lowrisc_ip_entropy_src_0.1/rtl/entropy_src_core.sv:3214 YES
src/lowrisc_ip_entropy_src_0.1/rtl/entropy_src_core.sv:3223 YES
src/lowrisc_ip_entropy_src_0.1/rtl/entropy_src_core.sv:3258 YES
src/lowrisc_ip_entropy_src_0.1/rtl/entropy_src_core.sv:3293 YES
src/lowrisc_ip_entropy_src_0.1/rtl/entropy_src_repcnt_ht.sv:44 YES
src/lowrisc_ip_entropy_src_0.1/rtl/entropy_src_repcnt_ht.sv:115 YES
src/lowrisc_ip_entropy_src_0.1/rtl/entropy_src_adaptp_ht.sv:120 YES
src/lowrisc_ip_entropy_src_0.1/rtl/entropy_src_markov_ht.sv:48 YES
src/lowrisc_ip_entropy_src_0.1/rtl/entropy_src_markov_ht.sv:150 YES
src/lowrisc_ip_edn_0.1/rtl/edn_core.sv:223 YES
src/lowrisc_earlgrey_ip_rv_core_ibex_0.1/rtl/rv_core_ibex.sv:587 YES
src/lowrisc_earlgrey_ip_rv_core_ibex_0.1/rtl/rv_core_ibex.sv:613 YES
src/lowrisc_earlgrey_ip_rv_core_ibex_0.1/rtl/rv_core_ibex.sv:954 YES
src/lowrisc_earlgrey_ip_rv_core_ibex_0.1/rtl/rv_core_ibex.sv:965 YES
src/lowrisc_earlgrey_ip_rv_core_ibex_0.1/rtl/rv_core_ibex.sv:1067 YES
src/lowrisc_earlgrey_ip_rv_core_ibex_0.1/rtl/rv_core_ibex.sv:1144 YES
src/lowrisc_earlgrey_ip_rv_core_ibex_0.1/rtl/rv_core_ibex.sv:1293 YES
src/lowrisc_earlgrey_ip_rv_core_ibex_0.1/rtl/rv_core_ibex.sv:1453 YES
src/lowrisc_ibex_ibex_top_0.1/rtl/ibex_top.sv:543 YES
src/lowrisc_ibex_ibex_top_0.1/rtl/ibex_top.sv:553 YES
src/lowrisc_ibex_ibex_top_0.1/rtl/ibex_top.sv:679 YES
src/lowrisc_ibex_ibex_top_0.1/rtl/ibex_top.sv:1195 YES
src/lowrisc_ibex_ibex_top_0.1/rtl/ibex_top.sv:1206 YES
src/lowrisc_ibex_ibex_top_0.1/rtl/ibex_top.sv:1219 YES
src/lowrisc_ibex_ibex_top_0.1/rtl/ibex_top.sv:1228 YES
src/lowrisc_tlul_common_0.1/rtl/tlul_assert.sv:89 YES
src/lowrisc_dv_spi_host_sva_0.1/spi_host_data_stable_sva.sv:85 YES
src/lowrisc_dv_spi_host_sva_0.1/spi_host_data_stable_sva.sv:88 YES
src/lowrisc_prim_count_0/rtl/prim_count.sv:147 YES
src/lowrisc_earlgrey_dv_pwrmgr_sva_0.1/pwrmgr_rstreqs_sva_if.sv:64 YES
src/lowrisc_prim_alert_0/rtl/prim_alert_sender.sv:203 YES
src/lowrisc_prim_alert_0/rtl/prim_alert_sender.sv:259 YES
src/lowrisc_prim_alert_0/rtl/prim_alert_sender.sv:279 YES
src/lowrisc_prim_diff_decode_0/rtl/prim_diff_decode.sv:126 YES
src/lowrisc_prim_diff_decode_0/rtl/prim_diff_decode.sv:189 YES
src/lowrisc_prim_diff_decode_0/rtl/prim_diff_decode.sv:233 YES
src/lowrisc_prim_fifo_0/rtl/prim_fifo_sync_cnt.sv:118 YES
src/lowrisc_prim_fifo_0/rtl/prim_fifo_sync_cnt.sv:130 YES
src/lowrisc_prim_all_0.1/rtl/prim_filter_ctr.sv:49 YES
src/lowrisc_prim_all_0.1/rtl/prim_filter_ctr.sv:57 YES
src/lowrisc_prim_all_0.1/rtl/prim_filter_ctr.sv:65 YES
src/lowrisc_prim_arbiter_0/rtl/prim_arbiter_ppc.sv:89 YES
src/lowrisc_prim_arbiter_0/rtl/prim_arbiter_ppc.sv:105 YES
src/lowrisc_prim_fifo_0/rtl/prim_fifo_sync.sv:149 YES
src/lowrisc_prim_fifo_0/rtl/prim_fifo_sync.sv:190 YES
src/lowrisc_prim_ram_2p_async_adv_0.1/rtl/prim_ram_2p_async_adv.sv:137 YES
src/lowrisc_prim_ram_2p_async_adv_0.1/rtl/prim_ram_2p_async_adv.sv:144 YES
src/lowrisc_prim_generic_ram_2p_0/rtl/prim_ram_2p.sv:77 YES
src/lowrisc_prim_generic_ram_2p_0/rtl/prim_ram_2p.sv:92 YES
src/lowrisc_prim_util_memload_0/rtl/prim_util_memload.svh:39 YES
src/lowrisc_prim_util_memload_0/rtl/prim_util_memload.svh:49 YES
src/lowrisc_tlul_socket_1n_0.1/rtl/tlul_err_resp.sv:37 YES
src/lowrisc_prim_generic_ram_1p_0/rtl/prim_ram_1p.sv:65 YES
src/lowrisc_prim_util_memload_0/rtl/prim_util_memload.svh:39 YES
src/lowrisc_prim_util_memload_0/rtl/prim_util_memload.svh:49 YES
src/lowrisc_prim_generic_ram_1p_0/rtl/prim_ram_1p.sv:65 YES
src/lowrisc_prim_util_memload_0/rtl/prim_util_memload.svh:39 YES
src/lowrisc_prim_util_memload_0/rtl/prim_util_memload.svh:49 YES
src/lowrisc_prim_generic_ram_1p_0/rtl/prim_ram_1p.sv:65 YES
src/lowrisc_prim_util_memload_0/rtl/prim_util_memload.svh:39 YES
src/lowrisc_prim_util_memload_0/rtl/prim_util_memload.svh:49 YES
src/lowrisc_prim_generic_ram_1p_0/rtl/prim_ram_1p.sv:65 YES
src/lowrisc_prim_util_memload_0/rtl/prim_util_memload.svh:39 YES
src/lowrisc_prim_util_memload_0/rtl/prim_util_memload.svh:49 YES
src/lowrisc_prim_generic_ram_1p_0/rtl/prim_ram_1p.sv:65 YES
src/lowrisc_prim_util_memload_0/rtl/prim_util_memload.svh:39 YES
src/lowrisc_prim_util_memload_0/rtl/prim_util_memload.svh:49 YES
src/lowrisc_ip_rv_timer_0.1/rtl/timer_core.sv:27 YES
src/lowrisc_prim_mubi_0.1/rtl/prim_mubi8_sender.sv:54 YES
src/lowrisc_earlgrey_ip_otp_ctrl_1.0/rtl/otp_ctrl_part_unbuf.sv:177 YES
src/lowrisc_earlgrey_ip_otp_ctrl_1.0/rtl/otp_ctrl_part_unbuf.sv:288 YES
src/lowrisc_earlgrey_ip_otp_ctrl_1.0/rtl/otp_ctrl_part_unbuf.sv:464 YES
src/lowrisc_earlgrey_ip_otp_ctrl_1.0/rtl/otp_ctrl_part_unbuf.sv:471 YES
src/lowrisc_earlgrey_ip_otp_ctrl_1.0/rtl/otp_ctrl_part_unbuf.sv:480 YES
src/lowrisc_earlgrey_ip_otp_ctrl_1.0/rtl/otp_ctrl_part_unbuf.sv:486 YES
src/lowrisc_earlgrey_ip_otp_ctrl_1.0/rtl/otp_ctrl_part_unbuf.sv:625 YES
src/lowrisc_earlgrey_ip_otp_ctrl_1.0/rtl/otp_ctrl_part_unbuf.sv:627 YES
src/lowrisc_earlgrey_ip_otp_ctrl_1.0/rtl/otp_ctrl_part_buf.sv:340 YES
src/lowrisc_earlgrey_ip_otp_ctrl_1.0/rtl/otp_ctrl_part_buf.sv:750 YES
src/lowrisc_earlgrey_ip_otp_ctrl_1.0/rtl/otp_ctrl_part_buf.sv:757 YES
src/lowrisc_earlgrey_ip_otp_ctrl_1.0/rtl/otp_ctrl_part_buf.sv:774 YES
src/lowrisc_earlgrey_ip_otp_ctrl_1.0/rtl/otp_ctrl_part_buf.sv:925 YES
src/lowrisc_earlgrey_ip_otp_ctrl_1.0/rtl/otp_ctrl_part_buf.sv:927 YES
src/lowrisc_prim_lfsr_0.1/rtl/prim_lfsr.sv:485 YES
src/lowrisc_prim_lfsr_0.1/rtl/prim_lfsr.sv:513 YES
src/lowrisc_prim_lfsr_0.1/rtl/prim_lfsr.sv:616 YES
src/lowrisc_prim_all_0.1/rtl/prim_sync_reqack.sv:79 YES
src/lowrisc_prim_all_0.1/rtl/prim_sync_reqack.sv:115 YES
src/lowrisc_prim_all_0.1/rtl/prim_sync_reqack.sv:130 YES
src/lowrisc_prim_all_0.1/rtl/prim_sync_reqack.sv:167 YES
src/lowrisc_prim_all_0.1/rtl/prim_sync_reqack.sv:339 YES
src/lowrisc_tlul_adapter_host_0.1/rtl/tlul_adapter_host.sv:70 YES
src/lowrisc_tlul_adapter_host_0.1/rtl/tlul_adapter_host.sv:81 YES
src/lowrisc_tlul_adapter_host_0.1/rtl/tlul_adapter_host.sv:132 YES
src/lowrisc_tlul_adapter_host_0.1/rtl/tlul_adapter_host.sv:171 YES
src/lowrisc_tlul_adapter_host_0.1/rtl/tlul_adapter_host.sv:178 YES
src/lowrisc_prim_alert_0/rtl/prim_alert_receiver.sv:171 YES
src/lowrisc_prim_alert_0/rtl/prim_alert_receiver.sv:234 YES
src/lowrisc_prim_alert_0/rtl/prim_alert_receiver.sv:255 YES
src/lowrisc_earlgrey_ip_alert_handler_component_0.1/rtl/alert_handler_esc_timer.sv:144 YES
src/lowrisc_earlgrey_ip_alert_handler_component_0.1/rtl/alert_handler_esc_timer.sv:283 YES
src/lowrisc_earlgrey_ip_alert_handler_component_0.1/rtl/alert_handler_esc_timer.sv:305 YES
src/lowrisc_prim_mubi_0.1/rtl/prim_mubi4_sync.sv:127 YES
src/lowrisc_tlul_adapter_sram_0.1/rtl/tlul_adapter_sram.sv:131 YES
src/lowrisc_tlul_adapter_sram_0.1/rtl/tlul_adapter_sram.sv:300 YES
src/lowrisc_tlul_adapter_sram_0.1/rtl/tlul_adapter_sram.sv:320 YES
src/lowrisc_tlul_adapter_sram_0.1/rtl/tlul_adapter_sram.sv:380 YES
src/lowrisc_tlul_adapter_sram_0.1/rtl/tlul_adapter_sram.sv:445 YES
src/lowrisc_tlul_adapter_sram_0.1/rtl/tlul_adapter_sram.sv:457 YES
src/lowrisc_prim_ram_1p_adv_0.1/rtl/prim_ram_1p_adv.sv:139 YES
src/lowrisc_prim_ram_1p_adv_0.1/rtl/prim_ram_1p_adv.sv:182 YES
src/lowrisc_prim_ram_1p_adv_0.1/rtl/prim_ram_1p_adv.sv:190 YES
src/lowrisc_prim_mubi_0.1/rtl/prim_mubi4_sender.sv:54 YES
src/lowrisc_earlgrey_ip_rstmgr_cnsty_chk_0.1/rtl/rstmgr_cnsty_chk.sv:40 YES
src/lowrisc_earlgrey_ip_rstmgr_cnsty_chk_0.1/rtl/rstmgr_cnsty_chk.sv:49 YES
src/lowrisc_earlgrey_ip_rstmgr_cnsty_chk_0.1/rtl/rstmgr_cnsty_chk.sv:126 YES
src/lowrisc_earlgrey_ip_rstmgr_cnsty_chk_0.1/rtl/rstmgr_cnsty_chk.sv:139 YES
src/lowrisc_earlgrey_ip_rstmgr_cnsty_chk_0.1/rtl/rstmgr_cnsty_chk.sv:171 YES
src/lowrisc_ip_sysrst_ctrl_1.0/rtl/sysrst_ctrl_detect.sv:70 YES
src/lowrisc_ip_sysrst_ctrl_1.0/rtl/sysrst_ctrl_detect.sv:105 YES
src/lowrisc_ip_sysrst_ctrl_1.0/rtl/sysrst_ctrl_detect.sv:142 YES
src/lowrisc_ip_sysrst_ctrl_1.0/rtl/sysrst_ctrl_detect.sv:220 YES
src/lowrisc_prim_mubi_0.1/rtl/prim_mubi8_sync.sv:127 YES
src/lowrisc_prim_cipher_0/rtl/prim_prince.sv:61 YES
src/lowrisc_prim_cipher_0/rtl/prim_prince.sv:77 YES
src/lowrisc_prim_cipher_0/rtl/prim_prince.sv:84 YES
src/lowrisc_prim_cipher_0/rtl/prim_prince.sv:172 YES
src/lowrisc_earlgrey_ip_flash_ctrl_0.1/rtl/flash_phy_core.sv:151 YES
src/lowrisc_earlgrey_ip_flash_ctrl_0.1/rtl/flash_phy_core.sv:165 YES
src/lowrisc_earlgrey_ip_flash_ctrl_0.1/rtl/flash_phy_core.sv:203 YES
src/lowrisc_earlgrey_ip_flash_ctrl_0.1/rtl/flash_phy_core.sv:215 YES
src/lowrisc_earlgrey_ip_flash_ctrl_0.1/rtl/flash_phy_core.sv:229 YES
src/lowrisc_earlgrey_ip_flash_ctrl_0.1/rtl/flash_phy_core.sv:332 YES
src/lowrisc_prim_arbiter_0/rtl/prim_arbiter_tree_dup.sv:138 YES
src/lowrisc_earlgrey_ip_flash_ctrl_0.1/rtl/flash_phy_rd.sv:256 YES
src/lowrisc_earlgrey_ip_flash_ctrl_0.1/rtl/flash_phy_rd.sv:360 YES
src/lowrisc_earlgrey_ip_flash_ctrl_0.1/rtl/flash_phy_rd.sv:603 YES
src/lowrisc_earlgrey_ip_flash_ctrl_0.1/rtl/flash_phy_rd.sv:678 YES
src/lowrisc_earlgrey_ip_flash_ctrl_0.1/rtl/flash_phy_rd_buf_dep.sv:51 YES
src/lowrisc_earlgrey_ip_flash_ctrl_0.1/rtl/flash_phy_rd_buf_dep.sv:54 YES
src/lowrisc_earlgrey_ip_flash_ctrl_0.1/rtl/flash_phy_rd_buf_dep.sv:75 YES
src/lowrisc_prim_gf_mult_0/rtl/prim_gf_mult.sv:108 YES
src/lowrisc_prim_gf_mult_0/rtl/prim_gf_mult.sv:118 YES
src/lowrisc_prim_generic_flash_0/rtl/prim_generic_flash_bank.sv:189 YES
src/lowrisc_prim_generic_flash_0/rtl/prim_generic_flash_bank.sv:194 YES
src/lowrisc_prim_generic_flash_0/rtl/prim_generic_flash_bank.sv:210 YES
src/lowrisc_prim_generic_flash_0/rtl/prim_generic_flash_bank.sv:221 YES
src/lowrisc_prim_generic_flash_0/rtl/prim_generic_flash_bank.sv:236 YES
src/lowrisc_prim_generic_flash_0/rtl/prim_generic_flash_bank.sv:272 YES
src/lowrisc_prim_generic_flash_0/rtl/prim_generic_flash_bank.sv:391 YES
src/lowrisc_prim_max_tree_0/rtl/prim_max_tree.sv:116 YES
src/lowrisc_prim_max_tree_0/rtl/prim_max_tree.sv:128 YES
src/lowrisc_ip_aes_1.0/rtl/aes_sel_buf_chk.sv:65 YES
src/lowrisc_ip_aes_1.0/rtl/aes_sel_buf_chk.sv:85 YES
src/lowrisc_ip_aes_1.0/rtl/aes_sel_buf_chk.sv:107 YES
src/lowrisc_ip_aes_1.0/rtl/aes_sel_buf_chk.sv:131 YES
src/lowrisc_prim_trivium_0.1/rtl/prim_trivium.sv:172 YES
src/lowrisc_prim_trivium_0.1/rtl/prim_trivium.sv:193 YES
src/lowrisc_prim_trivium_0.1/rtl/prim_trivium.sv:203 YES
src/lowrisc_prim_trivium_0.1/rtl/prim_trivium.sv:287 YES
src/lowrisc_ip_aes_1.0/rtl/aes_cipher_control_fsm.sv:150 YES
src/lowrisc_ip_aes_1.0/rtl/aes_cipher_control_fsm.sv:445 YES
src/lowrisc_ip_aes_1.0/rtl/aes_cipher_control_fsm.sv:451 YES
src/lowrisc_ip_aes_1.0/rtl/aes_cipher_control_fsm.sv:454 YES
src/lowrisc_ip_aes_1.0/rtl/aes_cipher_control_fsm.sv:469 YES
src/lowrisc_ip_aes_1.0/rtl/aes_control_fsm.sv:431 YES
src/lowrisc_ip_aes_1.0/rtl/aes_control_fsm.sv:890 YES
src/lowrisc_ip_aes_1.0/rtl/aes_control_fsm.sv:897 YES
src/lowrisc_ip_aes_1.0/rtl/aes_control_fsm.sv:899 YES
src/lowrisc_ip_aes_1.0/rtl/aes_control_fsm.sv:1000 YES
src/lowrisc_ip_aes_1.0/rtl/aes_control_fsm.sv:1025 YES
src/lowrisc_ip_aes_1.0/rtl/aes_control_fsm.sv:1051 YES
src/lowrisc_ip_aes_1.0/rtl/aes_control_fsm.sv:1144 YES
src/lowrisc_prim_sha2_0/rtl/prim_sha2.sv:95 YES
src/lowrisc_prim_sha2_0/rtl/prim_sha2.sv:118 YES
src/lowrisc_prim_sha2_0/rtl/prim_sha2.sv:126 YES
src/lowrisc_prim_sha2_0/rtl/prim_sha2.sv:141 YES
src/lowrisc_prim_sha2_0/rtl/prim_sha2.sv:149 YES
src/lowrisc_prim_sha2_0/rtl/prim_sha2.sv:175 YES
src/lowrisc_prim_sha2_0/rtl/prim_sha2.sv:291 YES
src/lowrisc_prim_sha2_0/rtl/prim_sha2.sv:306 YES
src/lowrisc_prim_sha2_0/rtl/prim_sha2.sv:316 YES
src/lowrisc_prim_sha2_0/rtl/prim_sha2.sv:324 YES
src/lowrisc_prim_sha2_0/rtl/prim_sha2.sv:333 YES
src/lowrisc_prim_sha2_0/rtl/prim_sha2.sv:343 YES
src/lowrisc_prim_sha2_0/rtl/prim_sha2.sv:385 YES
src/lowrisc_prim_sha2_0/rtl/prim_sha2.sv:393 YES
src/lowrisc_prim_sha2_0/rtl/prim_sha2.sv:407 YES
src/lowrisc_prim_sha2_0/rtl/prim_sha2.sv:414 YES
src/lowrisc_prim_sha2_0/rtl/prim_sha2.sv:428 YES
src/lowrisc_prim_sha2_0/rtl/prim_sha2.sv:466 YES
src/lowrisc_prim_sha2_0/rtl/prim_sha2.sv:481 YES
src/lowrisc_prim_sha2_0/rtl/prim_sha2_pad.sv:80 YES
src/lowrisc_prim_sha2_0/rtl/prim_sha2_pad.sv:101 YES
src/lowrisc_prim_sha2_0/rtl/prim_sha2_pad.sv:184 YES
src/lowrisc_prim_sha2_0/rtl/prim_sha2_pad.sv:197 YES
src/lowrisc_prim_sha2_0/rtl/prim_sha2_pad.sv:335 YES
src/lowrisc_prim_sha2_0/rtl/prim_sha2_pad.sv:348 YES
src/lowrisc_prim_sha2_0/rtl/prim_sha2_pad.sv:363 YES
src/lowrisc_prim_sha2_0/rtl/prim_sha2_pad.sv:372 YES
src/lowrisc_ip_kmac_0.1/rtl/kmac_entropy.sv:240 YES
src/lowrisc_ip_kmac_0.1/rtl/kmac_entropy.sv:249 YES
src/lowrisc_ip_kmac_0.1/rtl/kmac_entropy.sv:258 YES
src/lowrisc_ip_kmac_0.1/rtl/kmac_entropy.sv:272 YES
src/lowrisc_ip_kmac_0.1/rtl/kmac_entropy.sv:283 YES
src/lowrisc_ip_kmac_0.1/rtl/kmac_entropy.sv:303 YES
src/lowrisc_ip_kmac_0.1/rtl/kmac_entropy.sv:339 YES
src/lowrisc_ip_kmac_0.1/rtl/kmac_entropy.sv:345 YES
src/lowrisc_ip_kmac_0.1/rtl/kmac_entropy.sv:390 YES
src/lowrisc_ip_kmac_0.1/rtl/kmac_entropy.sv:406 YES
src/lowrisc_ip_kmac_0.1/rtl/kmac_entropy.sv:421 YES
src/lowrisc_ip_kmac_0.1/rtl/kmac_entropy.sv:436 YES
src/lowrisc_ip_kmac_0.1/rtl/kmac_entropy.sv:467 YES
src/lowrisc_ip_kmac_0.1/rtl/kmac_entropy.sv:487 YES
src/lowrisc_ip_kmac_0.1/rtl/kmac_entropy.sv:526 YES
src/lowrisc_ip_kmac_0.1/rtl/kmac_entropy.sv:734 YES
src/lowrisc_ip_otbn_0.1/rtl/otbn_mask_accelerator.sv:94 YES
src/lowrisc_ip_otbn_0.1/rtl/otbn_mask_accelerator.sv:125 YES
src/lowrisc_ip_otbn_0.1/rtl/otbn_rf_base_ff.sv:54 YES
src/lowrisc_ip_otbn_0.1/rtl/otbn_rf_base_ff.sv:93 YES
src/lowrisc_ip_otbn_0.1/rtl/otbn_rf_bignum_ff.sv:56 YES
src/lowrisc_ip_otbn_0.1/rtl/otbn_rf_bignum_ff.sv:62 YES
src/lowrisc_ibex_ibex_top_0.1/rtl/ibex_register_file_ff.sv:61 YES
src/lowrisc_ibex_ibex_top_0.1/rtl/ibex_register_file_ff.sv:82 YES
src/lowrisc_prim_ram_1p_scr_0.1/rtl/prim_ram_1p_scr.sv:454 YES
src/lowrisc_prim_ram_1p_scr_0.1/rtl/prim_ram_1p_scr.sv:526 YES
src/lowrisc_prim_util_get_scramble_params_0/rtl/prim_util_get_scramble_params.svh:11 YES
src/lowrisc_prim_util_get_scramble_params_0/rtl/prim_util_get_scramble_params.svh:20 YES
src/lowrisc_prim_ram_1p_scr_0.1/rtl/prim_ram_1p_scr.sv:454 YES
src/lowrisc_prim_ram_1p_scr_0.1/rtl/prim_ram_1p_scr.sv:526 YES
src/lowrisc_prim_util_get_scramble_params_0/rtl/prim_util_get_scramble_params.svh:11 YES
src/lowrisc_prim_util_get_scramble_params_0/rtl/prim_util_get_scramble_params.svh:20 YES
src/lowrisc_ibex_ibex_top_0.1/rtl/ibex_lockstep.sv:184 YES
src/lowrisc_ibex_ibex_top_0.1/rtl/ibex_lockstep.sv:299 YES
src/lowrisc_ibex_ibex_top_0.1/rtl/ibex_lockstep.sv:386 YES
src/lowrisc_ibex_ibex_top_0.1/rtl/ibex_lockstep.sv:564 YES
src/lowrisc_ibex_ibex_core_0.1/rtl/ibex_core.sv:1022 YES
src/lowrisc_ibex_ibex_core_0.1/rtl/ibex_if_stage.sv:196 YES
src/lowrisc_ibex_ibex_core_0.1/rtl/ibex_if_stage.sv:201 YES
src/lowrisc_ibex_ibex_core_0.1/rtl/ibex_if_stage.sv:217 YES
src/lowrisc_ibex_ibex_core_0.1/rtl/ibex_if_stage.sv:464 YES
src/lowrisc_ibex_ibex_core_0.1/rtl/ibex_if_stage.sv:498 YES
src/lowrisc_ibex_ibex_core_0.1/rtl/ibex_if_stage.sv:516 YES
src/lowrisc_ibex_ibex_core_0.1/rtl/ibex_if_stage.sv:572 YES
src/lowrisc_ibex_ibex_core_0.1/rtl/ibex_compressed_decoder.sv:43 NO "a disabled 'break', 'continue', or 'return' statement" (45)
src/lowrisc_ibex_ibex_core_0.1/rtl/ibex_compressed_decoder.sv:67 NO "a disabled 'break', 'continue', or 'return' statement" (72)
src/lowrisc_ibex_ibex_core_0.1/rtl/ibex_compressed_decoder.sv:168 YES
src/lowrisc_ibex_ibex_core_0.1/rtl/ibex_compressed_decoder.sv:223 YES
src/lowrisc_ibex_ibex_core_0.1/rtl/ibex_compressed_decoder.sv:798 YES
src/lowrisc_ibex_ibex_core_0.1/rtl/ibex_compressed_decoder.sv:807 YES
src/lowrisc_ibex_ibex_core_0.1/rtl/ibex_id_stage.sv:318 YES
src/lowrisc_ibex_ibex_core_0.1/rtl/ibex_id_stage.sv:330 YES
src/lowrisc_ibex_ibex_core_0.1/rtl/ibex_id_stage.sv:339 YES
src/lowrisc_ibex_ibex_core_0.1/rtl/ibex_id_stage.sv:350 YES
src/lowrisc_ibex_ibex_core_0.1/rtl/ibex_id_stage.sv:405 YES
src/lowrisc_ibex_ibex_core_0.1/rtl/ibex_id_stage.sv:425 YES
src/lowrisc_ibex_ibex_core_0.1/rtl/ibex_id_stage.sv:683 YES
src/lowrisc_ibex_ibex_core_0.1/rtl/ibex_id_stage.sv:703 YES
src/lowrisc_ibex_ibex_core_0.1/rtl/ibex_id_stage.sv:727 YES
src/lowrisc_ibex_ibex_core_0.1/rtl/ibex_id_stage.sv:768 YES
src/lowrisc_ibex_ibex_core_0.1/rtl/ibex_id_stage.sv:793 YES
src/lowrisc_ibex_ibex_core_0.1/rtl/ibex_decoder.sv:149 YES
src/lowrisc_ibex_ibex_core_0.1/rtl/ibex_decoder.sv:198 YES
src/lowrisc_ibex_ibex_core_0.1/rtl/ibex_decoder.sv:240 YES
src/lowrisc_ibex_ibex_core_0.1/rtl/ibex_decoder.sv:649 YES
src/lowrisc_ibex_ibex_core_0.1/rtl/ibex_decoder.sv:658 YES
src/lowrisc_ibex_ibex_core_0.1/rtl/ibex_decoder.sv:692 YES
src/lowrisc_ibex_ibex_core_0.1/rtl/ibex_controller.sv:174 YES
src/lowrisc_ibex_ibex_core_0.1/rtl/ibex_controller.sv:252 YES
src/lowrisc_ibex_ibex_core_0.1/rtl/ibex_controller.sv:326 YES
src/lowrisc_ibex_ibex_core_0.1/rtl/ibex_controller.sv:343 YES
src/lowrisc_ibex_ibex_core_0.1/rtl/ibex_controller.sv:421 YES
src/lowrisc_ibex_ibex_core_0.1/rtl/ibex_controller.sv:439 YES
src/lowrisc_ibex_ibex_core_0.1/rtl/ibex_controller.sv:494 YES
src/lowrisc_ibex_ibex_core_0.1/rtl/ibex_controller.sv:840 YES
src/lowrisc_ibex_ibex_core_0.1/rtl/ibex_controller.sv:874 YES
src/lowrisc_ibex_ibex_core_0.1/rtl/ibex_alu.sv:60 YES
src/lowrisc_ibex_ibex_core_0.1/rtl/ibex_alu.sv:85 YES
src/lowrisc_ibex_ibex_core_0.1/rtl/ibex_alu.sv:97 YES
src/lowrisc_ibex_ibex_core_0.1/rtl/ibex_alu.sv:120 YES
src/lowrisc_ibex_ibex_core_0.1/rtl/ibex_alu.sv:137 YES
src/lowrisc_ibex_ibex_core_0.1/rtl/ibex_alu.sv:160 YES
src/lowrisc_ibex_ibex_core_0.1/rtl/ibex_alu.sv:283 YES
src/lowrisc_ibex_ibex_core_0.1/rtl/ibex_alu.sv:305 YES
src/lowrisc_ibex_ibex_core_0.1/rtl/ibex_alu.sv:317 YES
src/lowrisc_ibex_ibex_core_0.1/rtl/ibex_alu.sv:335 YES
src/lowrisc_ibex_ibex_core_0.1/rtl/ibex_alu.sv:372 YES
src/lowrisc_ibex_ibex_core_0.1/rtl/ibex_alu.sv:392 YES
src/lowrisc_ibex_ibex_core_0.1/rtl/ibex_alu.sv:459 YES
src/lowrisc_ibex_ibex_core_0.1/rtl/ibex_alu.sv:564 YES
src/lowrisc_ibex_ibex_core_0.1/rtl/ibex_alu.sv:583 YES
src/lowrisc_ibex_ibex_core_0.1/rtl/ibex_alu.sv:611 YES
src/lowrisc_ibex_ibex_core_0.1/rtl/ibex_alu.sv:617 YES
src/lowrisc_ibex_ibex_core_0.1/rtl/ibex_alu.sv:623 YES
src/lowrisc_ibex_ibex_core_0.1/rtl/ibex_alu.sv:629 YES
src/lowrisc_ibex_ibex_core_0.1/rtl/ibex_alu.sv:636 YES
src/lowrisc_ibex_ibex_core_0.1/rtl/ibex_alu.sv:677 YES
src/lowrisc_ibex_ibex_core_0.1/rtl/ibex_alu.sv:686 YES
src/lowrisc_ibex_ibex_core_0.1/rtl/ibex_alu.sv:698 YES
src/lowrisc_ibex_ibex_core_0.1/rtl/ibex_alu.sv:703 YES
src/lowrisc_ibex_ibex_core_0.1/rtl/ibex_alu.sv:708 YES
src/lowrisc_ibex_ibex_core_0.1/rtl/ibex_alu.sv:713 YES
src/lowrisc_ibex_ibex_core_0.1/rtl/ibex_alu.sv:719 YES
src/lowrisc_ibex_ibex_core_0.1/rtl/ibex_alu.sv:778 YES
src/lowrisc_ibex_ibex_core_0.1/rtl/ibex_alu.sv:933 YES
src/lowrisc_ibex_ibex_core_0.1/rtl/ibex_alu.sv:942 YES
src/lowrisc_ibex_ibex_core_0.1/rtl/ibex_alu.sv:980 YES
src/lowrisc_ibex_ibex_core_0.1/rtl/ibex_alu.sv:1206 YES
src/lowrisc_ibex_ibex_core_0.1/rtl/ibex_alu.sv:1322 YES
src/lowrisc_ibex_ibex_core_0.1/rtl/ibex_load_store_unit.sv:119 YES
src/lowrisc_ibex_ibex_core_0.1/rtl/ibex_load_store_unit.sv:176 YES
src/lowrisc_ibex_ibex_core_0.1/rtl/ibex_load_store_unit.sv:190 YES
src/lowrisc_ibex_ibex_core_0.1/rtl/ibex_load_store_unit.sv:199 YES
src/lowrisc_ibex_ibex_core_0.1/rtl/ibex_load_store_unit.sv:219 YES
src/lowrisc_ibex_ibex_core_0.1/rtl/ibex_load_store_unit.sv:229 YES
src/lowrisc_ibex_ibex_core_0.1/rtl/ibex_load_store_unit.sv:244 YES
src/lowrisc_ibex_ibex_core_0.1/rtl/ibex_load_store_unit.sv:283 YES
src/lowrisc_ibex_ibex_core_0.1/rtl/ibex_load_store_unit.sv:322 YES
src/lowrisc_ibex_ibex_core_0.1/rtl/ibex_load_store_unit.sv:383 YES
src/lowrisc_ibex_ibex_core_0.1/rtl/ibex_load_store_unit.sv:490 YES
src/lowrisc_ibex_ibex_core_0.1/rtl/ibex_load_store_unit.sv:584 YES
src/lowrisc_ibex_ibex_core_0.1/rtl/ibex_wb_stage.sv:95 YES
src/lowrisc_ibex_ibex_core_0.1/rtl/ibex_wb_stage.sv:104 YES
src/lowrisc_ibex_ibex_core_0.1/rtl/ibex_wb_stage.sv:175 YES
src/lowrisc_ibex_ibex_core_0.1/rtl/ibex_cs_registers.sv:137 YES
src/lowrisc_ibex_ibex_core_0.1/rtl/ibex_cs_registers.sv:335 YES
src/lowrisc_ibex_ibex_core_0.1/rtl/ibex_cs_registers.sv:609 YES
src/lowrisc_ibex_ibex_core_0.1/rtl/ibex_cs_registers.sv:716 YES
src/lowrisc_ibex_ibex_core_0.1/rtl/ibex_cs_registers.sv:812 YES
src/lowrisc_ibex_ibex_core_0.1/rtl/ibex_cs_registers.sv:827 YES
src/lowrisc_ibex_ibex_core_0.1/rtl/ibex_cs_registers.sv:1150 YES
src/lowrisc_ibex_ibex_core_0.1/rtl/ibex_cs_registers.sv:1272 YES
src/lowrisc_ibex_ibex_core_0.1/rtl/ibex_cs_registers.sv:1315 YES
src/lowrisc_ibex_ibex_core_0.1/rtl/ibex_cs_registers.sv:1429 YES
src/lowrisc_earlgrey_ip_flash_ctrl_0.1/rtl/flash_phy_core.sv:151 YES
src/lowrisc_earlgrey_ip_flash_ctrl_0.1/rtl/flash_phy_core.sv:165 YES
src/lowrisc_earlgrey_ip_flash_ctrl_0.1/rtl/flash_phy_core.sv:203 YES
src/lowrisc_earlgrey_ip_flash_ctrl_0.1/rtl/flash_phy_core.sv:215 YES
src/lowrisc_earlgrey_ip_flash_ctrl_0.1/rtl/flash_phy_core.sv:229 YES
src/lowrisc_earlgrey_ip_flash_ctrl_0.1/rtl/flash_phy_core.sv:332 YES
src/lowrisc_prim_count_0/rtl/prim_count.sv:147 YES
src/lowrisc_earlgrey_ip_otp_ctrl_1.0/rtl/otp_ctrl_ecc_reg.sv:51 YES
src/lowrisc_earlgrey_ip_otp_ctrl_1.0/rtl/otp_ctrl_ecc_reg.sv:65 YES
src/lowrisc_earlgrey_ip_otp_ctrl_1.0/rtl/otp_ctrl_ecc_reg.sv:89 YES
src/lowrisc_prim_generic_ram_1p_0/rtl/prim_ram_1p.sv:65 YES
src/lowrisc_prim_util_memload_0/rtl/prim_util_memload.svh:39 YES
src/lowrisc_prim_util_memload_0/rtl/prim_util_memload.svh:49 YES
src/lowrisc_prim_generic_ram_1p_0/rtl/prim_ram_1p.sv:65 YES
src/lowrisc_prim_util_memload_0/rtl/prim_util_memload.svh:39 YES
src/lowrisc_prim_util_memload_0/rtl/prim_util_memload.svh:49 YES
src/lowrisc_prim_generic_ram_1p_0/rtl/prim_ram_1p.sv:65 YES
src/lowrisc_prim_util_memload_0/rtl/prim_util_memload.svh:39 YES
src/lowrisc_prim_util_memload_0/rtl/prim_util_memload.svh:49 YES
src/lowrisc_prim_arbiter_0/rtl/prim_arbiter_tree.sv:190 YES
src/lowrisc_ibex_ibex_core_0.1/rtl/ibex_pmp.sv:66 YES
src/lowrisc_ibex_ibex_core_0.1/rtl/ibex_pmp.sv:145 YES
src/lowrisc_ibex_ibex_core_0.1/rtl/ibex_pmp.sv:203 YES
src/lowrisc_ibex_ibex_icache_0.1/rtl/ibex_icache.sv:227 YES
src/lowrisc_ibex_ibex_icache_0.1/rtl/ibex_icache.sv:361 YES
src/lowrisc_ibex_ibex_icache_0.1/rtl/ibex_icache.sv:407 YES
src/lowrisc_ibex_ibex_icache_0.1/rtl/ibex_icache.sv:465 YES
src/lowrisc_ibex_ibex_icache_0.1/rtl/ibex_icache.sv:474 YES
src/lowrisc_ibex_ibex_icache_0.1/rtl/ibex_icache.sv:509 YES
src/lowrisc_ibex_ibex_icache_0.1/rtl/ibex_icache.sv:525 YES
src/lowrisc_ibex_ibex_icache_0.1/rtl/ibex_icache.sv:594 YES
src/lowrisc_ibex_ibex_icache_0.1/rtl/ibex_icache.sv:604 YES
src/lowrisc_ibex_ibex_icache_0.1/rtl/ibex_icache.sv:621 YES
src/lowrisc_ibex_ibex_icache_0.1/rtl/ibex_icache.sv:692 YES
src/lowrisc_ibex_ibex_icache_0.1/rtl/ibex_icache.sv:880 YES
src/lowrisc_ibex_ibex_icache_0.1/rtl/ibex_icache.sv:916 YES
src/lowrisc_ibex_ibex_icache_0.1/rtl/ibex_icache.sv:931 YES
src/lowrisc_ibex_ibex_icache_0.1/rtl/ibex_icache.sv:951 YES
src/lowrisc_ibex_ibex_icache_0.1/rtl/ibex_icache.sv:966 YES
src/lowrisc_ibex_ibex_icache_0.1/rtl/ibex_icache.sv:992 YES
src/lowrisc_ibex_ibex_icache_0.1/rtl/ibex_icache.sv:1004 YES
src/lowrisc_ibex_ibex_icache_0.1/rtl/ibex_icache.sv:1017 YES
src/lowrisc_ibex_ibex_icache_0.1/rtl/ibex_icache.sv:1052 YES
src/lowrisc_ibex_ibex_icache_0.1/rtl/ibex_icache.sv:1075 YES
src/lowrisc_ibex_ibex_icache_0.1/rtl/ibex_icache.sv:1116 YES
src/lowrisc_ibex_ibex_icache_0.1/rtl/ibex_icache.sv:1149 YES
src/lowrisc_ibex_ibex_icache_0.1/rtl/ibex_icache.sv:1172 YES
src/lowrisc_ibex_ibex_icache_0.1/rtl/ibex_icache.sv:1181 YES
src/lowrisc_ibex_ibex_icache_0.1/rtl/ibex_icache.sv:1185 YES
src/lowrisc_ibex_ibex_icache_0.1/rtl/ibex_icache.sv:1219 YES
src/lowrisc_ibex_ibex_icache_0.1/rtl/ibex_icache.sv:1273 YES
src/lowrisc_ibex_ibex_icache_0.1/rtl/ibex_icache.sv:1282 YES
src/lowrisc_prim_lfsr_0.1/rtl/prim_lfsr.sv:485 YES
src/lowrisc_prim_lfsr_0.1/rtl/prim_lfsr.sv:513 YES
src/lowrisc_prim_lfsr_0.1/rtl/prim_lfsr.sv:616 YES
src/lowrisc_ibex_ibex_core_0.1/rtl/ibex_multdiv_fast.sv:101 YES
src/lowrisc_ibex_ibex_core_0.1/rtl/ibex_multdiv_fast.sv:208 YES
src/lowrisc_ibex_ibex_core_0.1/rtl/ibex_multdiv_fast.sv:245 YES
src/lowrisc_ibex_ibex_core_0.1/rtl/ibex_multdiv_fast.sv:399 YES
src/lowrisc_ibex_ibex_core_0.1/rtl/ibex_multdiv_fast.sv:425 YES
src/lowrisc_ibex_ibex_core_0.1/rtl/ibex_csr.sv:28 YES
src/lowrisc_ibex_ibex_core_0.1/rtl/ibex_counter.sv:38 YES
src/lowrisc_ibex_ibex_core_0.1/rtl/ibex_counter.sv:44 YES
src/lowrisc_ibex_ibex_core_0.1/rtl/ibex_counter.sv:76 YES
src/lowrisc_prim_generic_flop_0/rtl/prim_flop.sv:17 YES
src/lowrisc_prim_measure_0/rtl/prim_clock_timeout.sv:31 YES
src/lowrisc_earlgrey_ip_clkmgr_0.1/rtl/clkmgr_clk_status.sv:38 YES
src/lowrisc_earlgrey_ip_clkmgr_0.1/rtl/clkmgr_clk_status.sv:48 YES
src/lowrisc_earlgrey_ip_clkmgr_0.1/rtl/clkmgr_meas_chk.sv:81 YES
src/lowrisc_earlgrey_ip_clkmgr_0.1/rtl/clkmgr_meas_chk.sv:92 YES
src/lowrisc_earlgrey_ip_clkmgr_0.1/rtl/clkmgr_trans.sv:139 YES
src/lowrisc_earlgrey_ip_clkmgr_0.1/rtl/clkmgr_trans.sv:157 YES
src/lowrisc_ip_otbn_0.1/rtl/otbn_stack.sv:119 YES
src/lowrisc_ip_keymgr_0.1/rtl/keymgr_sideload_key.sv:32 YES
src/lowrisc_ip_keymgr_0.1/rtl/keymgr_sideload_key.sv:42 YES
src/lowrisc_prim_all_0.1/rtl/prim_packer_fifo.sv:81 YES
src/lowrisc_prim_all_0.1/rtl/prim_packer_fifo.sv:126 YES
src/lowrisc_tlul_adapter_reg_0.1/rtl/tlul_adapter_reg.sv:169 YES
src/lowrisc_tlul_adapter_reg_0.1/rtl/tlul_adapter_reg.sv:175 YES
src/lowrisc_tlul_adapter_reg_0.1/rtl/tlul_adapter_reg.sv:216 YES
src/lowrisc_tlul_adapter_reg_0.1/rtl/tlul_adapter_reg.sv:288 YES
src/lowrisc_prim_subreg_0/rtl/prim_subreg.sv:55 YES
src/lowrisc_prim_fifo_0/rtl/prim_fifo_sync.sv:85 YES
src/lowrisc_prim_fifo_0/rtl/prim_fifo_sync.sv:94 YES
src/lowrisc_prim_fifo_0/rtl/prim_fifo_sync.sv:128 YES
src/lowrisc_prim_all_0.1/rtl/prim_intr_hw.sv:96 YES
src/lowrisc_prim_edge_detector_0.1/rtl/prim_edge_detector.sv:47 YES
src/lowrisc_prim_generic_flop_en_0/rtl/prim_flop_en.sv:31 YES
src/lowrisc_prim_fifo_0/rtl/prim_fifo_async.sv:58 YES
src/lowrisc_prim_fifo_0/rtl/prim_fifo_async.sv:67 YES
src/lowrisc_prim_fifo_0/rtl/prim_fifo_async.sv:91 YES
src/lowrisc_prim_fifo_0/rtl/prim_fifo_async.sv:100 YES
src/lowrisc_prim_fifo_0/rtl/prim_fifo_async.sv:116 YES
src/lowrisc_prim_fifo_0/rtl/prim_fifo_async.sv:181 YES
src/lowrisc_prim_fifo_0/rtl/prim_fifo_async.sv:191 YES
src/lowrisc_prim_all_0.1/rtl/prim_sync_reqack_data.sv:158 YES
src/lowrisc_tlul_socket_1n_0.1/rtl/tlul_socket_1n.sv:115 YES
src/lowrisc_tlul_socket_1n_0.1/rtl/tlul_socket_1n.sv:183 YES
src/lowrisc_tlul_socket_1n_0.1/rtl/tlul_socket_1n.sv:185 YES
src/lowrisc_tlul_socket_1n_0.1/rtl/tlul_socket_1n.sv:194 YES
src/lowrisc_prim_edn_req_0.1/rtl/prim_edn_req.sv:142 YES
src/lowrisc_prim_edn_req_0.1/rtl/prim_edn_req.sv:162 YES
src/lowrisc_tlul_lc_gate_0.1/rtl/tlul_lc_gate.sv:152 YES
src/lowrisc_tlul_lc_gate_0.1/rtl/tlul_lc_gate.sv:160 YES
src/lowrisc_tlul_lc_gate_0.1/rtl/tlul_lc_gate.sv:179 YES
src/lowrisc_tlul_lc_gate_0.1/rtl/tlul_lc_gate.sv:242 YES
src/lowrisc_tlul_lc_gate_0.1/rtl/tlul_lc_gate.sv:247 YES
src/lowrisc_prim_fifo_0/rtl/prim_fifo_async_simple.sv:61 YES
src/lowrisc_prim_fifo_0/rtl/prim_fifo_async_simple.sv:72 YES
src/lowrisc_prim_fifo_0/rtl/prim_fifo_async_simple.sv:105 YES
src/lowrisc_prim_fifo_0/rtl/prim_fifo_async_simple.sv:117 YES
src/lowrisc_prim_fifo_0/rtl/prim_fifo_async_simple.sv:129 YES
src/lowrisc_prim_subreg_0/rtl/prim_subreg_shadow.sv:93 YES
src/lowrisc_prim_subreg_0/rtl/prim_subreg_shadow.sv:108 YES
src/lowrisc_prim_subreg_0/rtl/prim_subreg_shadow.sv:141 YES
src/lowrisc_prim_all_0.1/rtl/prim_filter.sv:47 YES
src/lowrisc_prim_all_0.1/rtl/prim_filter.sv:58 YES
src/lowrisc_prim_subreg_0/rtl/prim_reg_cdc.sv:70 YES
src/lowrisc_prim_subreg_0/rtl/prim_reg_cdc.sv:132 YES
src/lowrisc_prim_subreg_0/rtl/prim_reg_cdc_arb.sv:105 YES
src/lowrisc_prim_subreg_0/rtl/prim_reg_cdc_arb.sv:114 YES
src/lowrisc_prim_subreg_0/rtl/prim_reg_cdc_arb.sv:139 YES
src/lowrisc_prim_subreg_0/rtl/prim_reg_cdc_arb.sv:155 YES
src/lowrisc_prim_subreg_0/rtl/prim_reg_cdc_arb.sv:199 YES
src/lowrisc_ip_usbdev_0.1/rtl/usbdev_counter.sv:44 YES
src/lowrisc_ip_usbdev_0.1/rtl/usbdev_counter.sv:69 YES
src/lowrisc_prim_measure_0/rtl/prim_clock_meas.sv:87 YES
src/lowrisc_prim_measure_0/rtl/prim_clock_meas.sv:103 YES
src/lowrisc_prim_measure_0/rtl/prim_clock_meas.sv:182 YES
src/lowrisc_ip_aes_1.0/rtl/aes_cipher_control.sv:330 YES
src/lowrisc_ip_aes_1.0/rtl/aes_cipher_control.sv:354 YES
src/lowrisc_ip_aes_1.0/rtl/aes_cipher_control.sv:360 YES
src/lowrisc_ip_aes_1.0/rtl/aes_reg_status.sv:38 YES
src/lowrisc_ip_aes_1.0/rtl/aes_reg_status.sv:65 YES
src/lowrisc_prim_fifo_0/rtl/prim_fifo_sync_cnt.sv:118 YES
src/lowrisc_prim_fifo_0/rtl/prim_fifo_sync_cnt.sv:130 YES
src/lowrisc_prim_arbiter_0/rtl/prim_arbiter_ppc.sv:89 YES
src/lowrisc_prim_leading_one_ppc_0/rtl/prim_leading_one_ppc.sv:36 YES
src/lowrisc_prim_arbiter_0/rtl/prim_arbiter_ppc.sv:89 YES
src/lowrisc_prim_arbiter_0/rtl/prim_arbiter_ppc.sv:105 YES
src/lowrisc_prim_generic_ram_1p_0/rtl/prim_ram_1p.sv:65 YES
src/lowrisc_prim_util_memload_0/rtl/prim_util_memload.svh:39 YES
src/lowrisc_prim_util_memload_0/rtl/prim_util_memload.svh:49 YES
src/lowrisc_prim_generic_ram_1p_0/rtl/prim_ram_1p.sv:65 YES
src/lowrisc_prim_util_memload_0/rtl/prim_util_memload.svh:39 YES
src/lowrisc_prim_util_memload_0/rtl/prim_util_memload.svh:49 YES
src/lowrisc_prim_generic_ram_1p_0/rtl/prim_ram_1p.sv:65 YES
src/lowrisc_prim_util_memload_0/rtl/prim_util_memload.svh:39 YES
src/lowrisc_prim_util_memload_0/rtl/prim_util_memload.svh:49 YES
src/lowrisc_tlul_adapter_host_0.1/rtl/tlul_adapter_host.sv:70 YES
src/lowrisc_tlul_adapter_host_0.1/rtl/tlul_adapter_host.sv:81 YES
src/lowrisc_tlul_adapter_host_0.1/rtl/tlul_adapter_host.sv:132 YES
src/lowrisc_tlul_adapter_host_0.1/rtl/tlul_adapter_host.sv:171 YES
src/lowrisc_tlul_adapter_host_0.1/rtl/tlul_adapter_host.sv:178 YES
src/lowrisc_ip_sysrst_ctrl_1.0/rtl/sysrst_ctrl_detect.sv:70 YES
src/lowrisc_ip_sysrst_ctrl_1.0/rtl/sysrst_ctrl_detect.sv:105 YES
src/lowrisc_ip_sysrst_ctrl_1.0/rtl/sysrst_ctrl_detect.sv:142 YES
src/lowrisc_ip_sysrst_ctrl_1.0/rtl/sysrst_ctrl_detect.sv:220 YES
src/lowrisc_prim_arbiter_0/rtl/prim_arbiter_tree_dup.sv:138 YES
src/lowrisc_prim_trivium_0.1/rtl/prim_trivium.sv:172 YES
src/lowrisc_prim_trivium_0.1/rtl/prim_trivium.sv:193 YES
src/lowrisc_prim_trivium_0.1/rtl/prim_trivium.sv:203 YES
src/lowrisc_prim_trivium_0.1/rtl/prim_trivium.sv:287 YES
src/lowrisc_ibex_ibex_top_0.1/rtl/ibex_register_file_ff.sv:61 YES
src/lowrisc_ibex_ibex_top_0.1/rtl/ibex_register_file_ff.sv:82 YES
src/lowrisc_ibex_ibex_core_0.1/rtl/ibex_csr.sv:28 YES
==================================================
X P R O P   S T A T I S T I C S
instrumentable assignments:    20724
instrumented assignments:      20711
instrumentation success rate:  99%
